timestamp,elapsed_time,linear_acc_x,linear_acc_y,linear_acc_z,angular_vel_x,angular_vel_y,angular_vel_z,orientation_x,orientation_y,orientation_z,orientation_w
288.5,2.4705777168273926,-0.01632745137414235,-0.004633727918129763,9.808590855990996,-0.00020905685836805505,0.0001409461817450636,-0.00024827661003419104,3.2554721062838993e-16,1.640899256658771e-10,-2.1024232347032905e-18,1.0
288.51,2.4709463119506836,-0.006683195227638643,-0.030920243573189593,9.80571157739276,-9.05552542242167e-05,-4.021454782862481e-05,-0.00024192883431206386,3.1118592329256676e-16,1.6408998788487648e-10,-2.0956138739470585e-18,1.0
288.52,2.471214532852173,0.00594345340174284,-0.008252471384804163,9.816255896513912,-0.00013097052383916755,3.6331330387139286e-05,3.812450599036409e-05,2.9686697646207045e-16,1.640900500729917e-10,-2.0899633826163384e-18,1.0
288.53,2.471431016921997,-0.018853462972086683,0.011556399787211222,9.779681956353324,-0.00026968566016654516,3.474485315903245e-05,0.0001551170071224542,2.8252855913962653e-16,1.6409011229524324e-10,-2.079588540310775e-18,1.0
288.54,2.4716267585754395,-0.004434588911835666,-0.0018611770371986134,9.811337192143615,0.0003396027016814473,0.00020373789648585086,-7.277023850226482e-05,2.6819156823001734e-16,1.6409017449318655e-10,-2.071054432571366e-18,1.0
288.55,2.471889019012451,0.015849094774198776,0.01245692298567465,9.787510393144462,-4.901426956302159e-05,6.766043900355065e-05,0.0001691240866398059,2.5384400302284164e-16,1.6409023669957705e-10,-2.066565329150146e-18,1.0
288.56,2.472168445587158,-0.01084423442201007,-0.014891447929065348,9.822255290651231,-0.00011429641636518185,-5.357498357114007e-05,-0.00014424552741103838,-4.2843755490994804e-16,1.64088400044848e-10,-2.0622785643723324e-18,1.0
288.57,2.4723658561706543,-0.008260592980135338,0.006632803502396547,9.805452191360558,0.00031755065843184696,0.00021661278515520952,-5.577994192523813e-05,-4.284381308632981e-16,1.6408846226281092e-10,-2.058801798539048e-18,1.0
288.58,2.47255539894104,-0.014703883176887755,-0.012600204950883844,9.780094228690894,-0.00025581831153524974,-9.528181403657218e-05,-0.0002994565478834566,-4.2844160268790206e-16,1.640885244831061e-10,-2.0524920713932575e-18,1.0
288.59,2.472740411758423,-0.0024848039673692345,-0.01596006021042063,9.821212698326692,-5.705721526408841e-06,-0.00019840125977287884,-0.0002520602769677762,-4.284477721718627e-16,1.6408858669010985e-10,-2.0424970432491166e-18,1.0
288.6,2.4802346229553223,0.026565618150872588,0.011865518089543602,9.80320322662057,-0.00044921641257753654,0.00012645641076506684,-7.813266970252601e-05,-4.2842395842860953e-16,1.6408864890031113e-10,-2.0382829686602846e-18,1.0
288.61,2.49019193649292,0.005023820604846898,-0.020772682944936217,9.801383696940936,-1.7995504354416717e-05,-0.00022924113043911693,0.0002873314445279402,-4.2841122478648086e-16,1.6408871110476742e-10,-2.033150497321224e-18,1.0
288.62,2.5004398822784424,0.007533018626923084,-0.006559388834181802,9.799055351459307,1.9718176678027348e-05,5.824506959260641e-05,-0.00027343485160484266,-4.140502878858673e-16,1.6408877323451396e-10,-2.0274743524078535e-18,1.0
288.63,2.5106041431427,-0.03636557443834993,-0.023855811566332766,9.821579987899534,5.234918740156957e-05,-0.00015319771402281677,-2.311719623848973e-05,-4.1403379571326935e-16,1.6408883545391663e-10,-2.0195935384306738e-18,1.0
288.64,2.520217180252075,-0.013632420687675235,-0.017458841243062774,9.784711707589954,-0.00033760814175947356,0.00017560678109829287,0.00023130032939066558,-4.1401020732193625e-16,1.640888976701643e-10,-2.013282869034686e-18,1.0
288.65,2.530219554901123,-0.009341409773397712,-0.020249198178722422,9.804558689260174,-3.538937066669753e-05,-0.0003584564847764364,-2.2877248373841284e-05,-4.1398525898827974e-16,1.6408895987108956e-10,-2.0062904057015556e-18,1.0
288.66,2.5404138565063477,-0.02892888019867144,0.00022876097868561638,9.809096081220014,5.696476835593283e-05,-7.380050173248541e-06,0.00022307970848183182,9.362058206037192e-16,1.640890221233028e-10,-1.9984897199971914e-18,1.0
288.67,2.550241708755493,0.017599955089654975,-0.000574568456536068,9.807066673991118,5.140017197588148e-05,0.00045183335093772984,-1.4625852007554242e-05,9.218476627732194e-16,1.6408908432246906e-10,-1.9909254249448994e-18,1.0
288.68,2.560189723968506,-0.004920580429198681,-0.004585775178619047,9.761995996898683,0.00012362751493096748,-3.84881488371916e-05,0.0001574424602658501,9.074793281316e-16,1.64089146532424e-10,-1.976852683495395e-18,1.0
288.69,2.5703225135803223,-0.004271205711422973,-0.006627115402516687,9.78344042117848,-1.3559443751657983e-05,7.540058960956602e-05,-6.36843987651061e-05,8.931304235823208e-16,1.6408920874758915e-10,-1.967487609487339e-18,1.0
288.7,2.580317735671997,-0.0013963207069710752,-0.004741719748940085,9.817178318729757,-6.210664121901352e-05,7.247996615545403e-05,0.00011601842530002325,8.787764208523488e-16,1.6408927095647334e-10,-1.9576911710870624e-18,1.0
288.71,2.590224027633667,0.01984888097701848,-0.01801444312149472,9.766213529700194,-0.00010272296191040758,0.00020822745255465698,0.00041473855694827325,8.644456956856606e-16,1.6408933314781642e-10,-1.954741935771245e-18,1.0
288.72,2.600400447845459,-0.015276939159423639,-0.019433980780627004,9.83383159492003,-2.6612632528274243e-05,0.00015562135947383153,-0.00011423771635135357,1.7500121397736523e-16,1.6408750474509496e-10,-1.9460698905245614e-18,1.0
288.73,2.610236167907715,0.024705108436239073,0.016012767701502912,9.810468619502627,-0.00017351209463180593,-0.00011217897527882718,-0.00027876134567815606,1.7500605483886804e-16,1.64087566948866e-10,-1.9304974085132242e-18,1.0
288.74,2.620246171951294,0.004622285994290904,0.02487978320394789,9.821360005101784,0.00044580375752682023,-5.8255854434021525e-05,0.00010993757174389356,1.8935376834766316e-16,1.640876291704232e-10,-1.9252801708340038e-18,1.0
288.75,2.630200147628784,-0.033548235987835816,-0.014527956752502508,9.80985282629091,-4.630077417814454e-05,5.2542049368534664e-05,0.00028963672396698284,2.0370363324580214e-16,1.6408769139180474e-10,-1.925564992095576e-18,1.0
288.76,2.640444755554199,0.005168635790746735,0.011111925144569225,9.796543225712606,0.00017672179838438645,-2.2380919134140325e-05,-2.9267653530528874e-05,-4.642027802751757e-16,1.640858547014792e-10,-1.9188361851023687e-18,1.0
288.77,2.650261402130127,0.008861511521213174,-0.006528670077843343,9.798189551886336,0.00013561058363300188,-6.753926043045036e-05,-9.562047144511882e-05,-4.570291814972836e-16,1.6408970639873753e-10,-1.9147292538208904e-18,1.0
288.78,2.660191297531128,-0.027630890753720612,-0.00022697430453060986,9.785759405204503,0.00020532616479853306,3.844248697237879e-05,-0.00015611648795091346,-4.4268024524156354e-16,1.6408976858605606e-10,-1.9066667225561178e-18,1.0
288.79,2.670341968536377,-0.03470133009402944,-0.02158199949668078,9.807703504236722,0.00012344415533437045,-0.0002146152866756493,0.0002097167014359047,-4.283471846797874e-16,1.6408983082430563e-10,-1.899802823083103e-18,1.0
288.8,2.6802561283111572,0.021046043518534664,0.015033004511811119,9.834065860050153,-0.00022068743900550375,-0.00017726663558728368,-0.00018321323680456264,-4.140083026116966e-16,1.6408989298268293e-10,-1.8945680182714947e-18,1.0
288.81,2.6902151107788086,0.018000447109015157,-0.032408448153791264,9.827301975998749,0.00016122138056966172,4.328857351070414e-06,-0.00011299895219985773,-3.996451827962077e-16,1.6408995518002211e-10,-1.8892422987047897e-18,1.0
288.82,2.700291633605957,-0.03060728966685023,0.0010430349030966918,9.78222857941877,-0.0002892339569406327,-0.0001479887282514736,-0.0004131706125616006,-3.852759993551899e-16,1.6409001737023503e-10,-1.8800704262251857e-18,1.0
288.83,2.710526704788208,-0.0011119974564999912,-0.02216197933421429,9.825397374926487,2.3619900464697664e-05,0.0001740634567434222,0.0001914153002896405,-3.7090947175586444e-16,1.6409007956719258e-10,-1.8651246604226175e-18,1.0
288.84,2.7201833724975586,0.0003420647804798872,0.03634792765718248,9.802883992305949,-0.00011255734907969137,-0.0003173901521146172,0.00010328508766466979,3.1856437134250123e-16,1.6408825118276985e-10,-1.8551626649442245e-18,1.0
288.85,2.730236768722534,-0.008593341379196998,-6.344875306844756e-05,9.815524924603846,0.0004592096244062925,-0.00021273445863022978,-0.000149642685370887,-3.4216021709732815e-16,1.6409020399565246e-10,-1.8487821261260005e-18,1.0
288.86,2.7404253482818604,-0.013479329360053638,0.011976295420660801,9.807237361348168,-9.498661037554995e-05,0.00038049947368085384,-2.5363469178052252e-05,3.4729981589573827e-16,1.6408837562435334e-10,-1.8423033877931525e-18,1.0
288.87,2.7501957416534424,-0.026597574012677545,-0.007384313795166713,9.818739632872768,-0.0004776445815070993,3.6834103430410156e-06,2.342808138260125e-05,3.616561517119877e-16,1.6408843782947448e-10,-1.841993254119869e-18,1.0
288.88,2.7602035999298096,0.0037035602314685295,-0.020202296142479332,9.800353889344153,0.00023874118197081965,9.969463469738392e-05,0.0003766575109665567,3.760044902539954e-16,1.6408850003642098e-10,-1.8342395389896604e-18,1.0
288.89,2.7703170776367188,0.0006192933848535393,0.010769583067745093,9.813258149648437,-7.45285726699437e-05,0.0001088066659748522,-0.000261426826518011,3.9035558273983857e-16,1.6408856223816464e-10,-1.8261367952689252e-18,1.0
288.9,2.7802600860595703,-0.011491191132961383,-0.028067179442622724,9.79777738938333,7.804414687099884e-05,0.00012581763785497602,0.0003108989514544206,4.0469387505573486e-16,1.6408862444189499e-10,-1.8291714051826928e-18,1.0
288.91,2.7901570796966553,0.0030721873807356536,-0.01771742236181672,9.81423347283802,0.0003777302204211797,0.00015108159448235786,-7.257077637998671e-05,4.118581218557433e-16,1.6408867829347735e-10,-1.8280769673660816e-18,1.0
288.92,2.800323724746704,0.02581484238107991,0.0016101386217587282,9.78862484787825,-0.00010402759391537727,-0.00013294718481421294,9.193654403438661e-05,3.975011784419538e-16,1.6408874050326749e-10,-1.8287021541486574e-18,1.0
288.93,2.810241937637329,-0.008429189352952674,-0.006189099881144351,9.804127945854226,0.0001850434642456522,-0.00016034454296233092,0.0001409629264269667,3.8315038216169124e-16,1.6408880271507726e-10,-1.832187716724913e-18,1.0
288.94,2.820167064666748,0.00082138815831451,0.028248538159417337,9.777105383704297,9.761306995339681e-05,-0.00010114034534181429,0.0004305221609592778,3.6880335452731744e-16,1.6408886493765926e-10,-1.8185014278536663e-18,1.0
288.95,2.8302359580993652,-0.004504741179763447,0.02142079243506672,9.769147454229097,4.2212567818229354e-05,0.00010635804608403023,-0.0001595457587376894,3.544453567440089e-16,1.6408892716018097e-10,-1.812353174003579e-18,1.0
288.96,2.8404290676116943,-0.010883181606415666,0.01231656352208054,9.79435600252804,-0.00029839849819043114,0.0001490638029673702,1.7348483919277643e-05,3.401016569004055e-16,1.6408898936303176e-10,-1.811318564235684e-18,1.0
288.97,2.850167989730835,-0.006391716203212551,-0.018047151765125845,9.815295823045439,1.7791846937326175e-05,-0.00010967225652394006,0.00015363978498669342,-3.4934260529181823e-16,1.6408716102019084e-10,-1.803141897112567e-18,1.0
288.98,2.86020827293396,-0.020487715454763116,-0.0035845134752494887,9.793039156340816,0.00017799549690034213,0.00021505995163675806,-8.246103781937444e-05,-3.6369680631016095e-16,1.6408722324085292e-10,-1.7976362960707626e-18,1.0
288.99,2.8703830242156982,-0.011328223704491604,0.007820144033930273,9.825294964350778,-1.8382174572469684e-05,5.7881252342802006e-05,0.00010851686271854724,-3.780365145841197e-16,1.6408728546061555e-10,-1.7890209224372953e-18,1.0
289.0,2.88019061088562,-0.0038851711408864867,0.020646575263673802,9.796266393116516,-0.00021398058844888557,0.0004666098037016,0.00029718815408816734,-3.923635385577478e-16,1.640873476692911e-10,-1.780405637350803e-18,1.0
289.01,2.89029860496521,0.016089708512553647,0.0015362304879878957,9.81819685110748,-9.874932318410819e-05,-0.00016878453188910907,-0.00018832398046901688,-4.0670605221809664e-16,1.640874098785517e-10,-1.769755873432039e-18,1.0
289.02,2.9003748893737793,0.030303531557909776,0.000728096000070388,9.781780514104986,5.116329742528084e-05,2.7554275015561025e-05,-0.00016759871726982953,-4.2105245811639753e-16,1.6408747209831345e-10,-1.7617637781490975e-18,1.0
289.03,2.9102444648742676,0.016125106855164335,-0.006163162204164323,9.828213362500891,-0.00011683691102430698,-3.059518804623743e-05,-7.528427828151298e-05,-4.354124264063859e-16,1.6408753431076505e-10,-1.7520331835257726e-18,1.0
289.04,2.9202842712402344,-0.021188625887046397,-0.013828074058378244,9.791077399589694,7.145192342158002e-06,-0.00028044941489308576,-2.7004820541675002e-05,-4.497739499264387e-16,1.640875965220002e-10,-1.741034624121841e-18,1.0
289.05,2.9301888942718506,-6.452022009266534e-05,-0.02430974895014412,9.803378008859294,0.0003906077621869871,0.000318188764614556,-0.0005194302226815418,-4.641309245220101e-16,1.6408765873541591e-10,-1.7365577745706598e-18,1.0
289.06,2.94033145904541,-0.02027793746634883,0.0008085607887744021,9.820960335811293,-0.00018561937731475947,0.00039384719944542877,-0.0004022926257270572,2.109547963509882e-16,1.6408961153575171e-10,-1.7317750956924662e-18,1.0
289.07,2.950225830078125,-0.02812905053019359,0.0008499963821526642,9.794001069329587,-0.0001674442144504247,0.0001525400821910874,0.00020033424011052015,2.1814659183487952e-16,1.6408588424451855e-10,-1.7247626298418397e-18,1.0
289.08,2.960211992263794,0.016203604038524156,-0.022546284175662675,9.805720170469051,-0.00022992985208456905,-0.00025039156912223695,6.083458565346302e-06,2.3248393825728804e-16,1.6408594645179987e-10,-1.7168757857660434e-18,1.0
289.09,2.9702930450439453,0.013060547867273837,0.01831354767382812,9.786575271034998,0.000342693255693282,0.0003424236837200474,0.00040502746646139395,2.4682427529293157e-16,1.6408600866141134e-10,-1.7109120891878401e-18,1.0
289.1,2.980214834213257,-0.011033867399232284,0.01990725122766949,9.779903607140358,0.0002506881766304118,-0.0004017316757206794,0.0002226369590220438,2.6117390228726763e-16,1.6408607086483069e-10,-1.7016681739845653e-18,1.0
289.11,2.990194082260132,0.01992058347861985,0.03630056661531362,9.798981366251569,9.774612866322722e-05,-8.507496119298608e-05,-0.000275164014352586,2.7554168823864865e-16,1.640861330660374e-10,-1.6928940294139254e-18,1.0
289.12,3.000385284423828,0.005982885087587389,-0.0031136931966749422,9.804482532661655,0.0003260442789363465,-0.0002581236216775925,-0.0001472758704134669,2.899117137841949e-16,1.640861952588862e-10,-1.6828513337257659e-18,1.0
289.13,3.0103061199188232,-0.029661574641699884,-0.02379105120994367,9.795092288250414,0.00023785840537128526,-0.0002469503589267758,3.694852943950795e-05,-3.779902244021798e-16,1.6408815634872564e-10,-1.6716882430017652e-18,1.0
289.14,3.020219326019287,0.0004955729759238014,0.004184757317552258,9.815349252641964,-1.5233415804661118e-05,5.661434569395733e-05,9.502904435249348e-05,-3.6360718953014455e-16,1.6408821854756967e-10,-1.661759187510408e-18,1.0
289.15,3.030219554901123,-0.009979489217011556,-0.02686153253664017,9.791748776649138,9.747239490150298e-05,-0.00010226123696327175,-0.00013025652780510188,-3.4923187999865096e-16,1.6408828075291415e-10,-1.656162077192782e-18,1.0
289.16,3.040294647216797,0.005563219319946016,-0.023097223108205115,9.808008685677475,-0.00036404973866864483,-0.00012598436814185187,0.0003132834082101584,-3.348550633701391e-16,1.6408834296155118e-10,-1.6512584548263177e-18,1.0
289.17,3.050222396850586,0.002412894379157789,-0.00282482231983608,9.793006707242963,0.00034028599413074665,-0.00035102558613042917,0.00033804814749793555,-3.204917157346198e-16,1.640884051708868e-10,-1.652075053987303e-18,1.0
289.18,3.060236692428589,0.03257039376504248,0.02018542719754967,9.813196661591292,0.00035254160020196403,-0.0002699610498645177,-2.3846931956163234e-05,-3.061360483867255e-16,1.6408846738887875e-10,-1.6426008970206916e-18,1.0
289.19,3.07041597366333,0.009658003349764065,-0.013869680763493627,9.791731017501046,0.00018516803773460403,-0.00010917247749985322,1.8049650550605454e-05,-2.9179850615538363e-16,1.640885295910474e-10,-1.634412758042316e-18,1.0
289.2,3.0802266597747803,-0.0012674273272391527,0.0023226367577155967,9.799300247432464,0.00010361651533665237,0.00014162060983908815,0.0004754834572907735,-2.7745328056772476e-16,1.6408859180433734e-10,-1.6333199799222734e-18,1.0
289.21,3.090221643447876,-0.012481052202814362,-0.008014573891529632,9.793603105302887,0.00020390002867029506,0.00013145907928306837,7.048192453292741e-05,-2.630976072479268e-16,1.6408865401894395e-10,-1.6369482211962937e-18,1.0
289.22,3.1003477573394775,-0.02166800456204228,0.010348092844262396,9.82691772058559,0.0001560658454193885,-7.3879812645305146e-06,8.355459422680835e-05,-2.487316634780192e-16,1.6408871624922247e-10,-1.6300978861144724e-18,1.0
289.23,3.110294818878174,0.0013554537055301098,0.04501775778232922,9.80705206213182,-0.00034394886379288087,0.00016918589587915203,-2.9967082191940397e-05,-2.4155167799496357e-16,1.6408877013421825e-10,-1.6185471832135431e-18,1.0
289.24,3.120192527770996,0.002280186209615379,-0.030159463965473907,9.848870473527906,-4.922240461186563e-05,-0.00020783627527661832,9.107692893584905e-05,-2.4152952623728414e-16,1.6408883235316603e-10,-1.6098985742770476e-18,1.0
289.25,3.1303420066833496,0.011771077039423525,0.019938508023354597,9.789023318839588,7.449402558393694e-05,0.0001507701484371874,0.00012515992552259136,-2.415083274135637e-16,1.6408889457166012e-10,-1.5959616590653135e-18,1.0
289.26,3.1402883529663086,0.012043826279793468,-0.005740033940607869,9.794050525575251,-2.8213981273578404e-06,3.575498067054029e-05,-0.00013865810975213623,-2.4149473529891857e-16,1.640889567830636e-10,-1.5822988976663716e-18,1.0
289.27,3.1502013206481934,-0.016899569412246334,0.014496656918798928,9.80297024186986,0.0005397587425534156,-4.2134847866075444e-05,6.162095371036923e-05,-2.4147730384648836e-16,1.6408901902318236e-10,-1.5694036629700683e-18,1.0
289.28,3.160531759262085,0.0002560607189366794,-0.011504372837981844,9.823598105665221,0.00014667918825140978,0.00019865069169310823,0.0001183878322395567,-2.4147403873237065e-16,1.6408908123531397e-10,-1.555781687802021e-18,1.0
289.29,3.1702992916107178,-0.006397293432881243,-0.0012082265868780116,9.812058017088386,3.898762211707133e-05,2.6664476125127654e-05,0.00019779614671379668,-2.48624805219631e-16,1.6408915171366533e-10,-1.5412963397088611e-18,1.0
289.3,3.1802358627319336,0.0024849888812258003,-0.007619535101634066,9.81191179551597,5.847019985942877e-05,-0.00016989836302089335,-4.983062237260274e-05,-2.4861288049322614e-16,1.6408921393013506e-10,-1.5347364647771964e-18,1.0
289.31,3.190229892730713,-0.002205232408405934,0.016454241056914325,9.802528361510541,-0.00015933235836549533,-2.148813173319129e-05,0.000158762483535488,-2.4859942309165637e-16,1.6408927612958365e-10,-1.5293644752444847e-18,1.0
289.32,3.2003579139709473,-0.010595563187330457,-0.027657216819416273,9.800386775774253,8.141919855315139e-05,0.0002297730124709544,-0.0001270566413210064,-2.4859139966767716e-16,1.640893383368619e-10,-1.5215519420506261e-18,1.0
289.33,3.2102396488189697,-0.0008072971214580144,-0.010319637138991722,9.789173634382584,-0.00013022651572763868,-9.022947097596036e-06,0.00023148033748985483,4.336792770387362e-16,1.6408750164029267e-10,-1.5115676981053214e-18,1.0
289.34,3.2201764583587646,-0.01489155082018515,-0.00773125588050163,9.79946944629894,5.78641850945714e-05,0.00010134012146244767,4.0115053644282035e-05,4.480504568124439e-16,1.6408756384358282e-10,-1.495274641374371e-18,1.0
289.35,3.230334758758545,-0.011735099974883072,0.0027892284707217887,9.794631216554263,-0.0002225070071986946,0.0004489519967495196,-0.00014681237780302364,4.624287851762539e-16,1.640876260623358e-10,-1.488363478168819e-18,1.0
289.36,3.2403206825256348,-0.04552016960797732,0.03596204751496868,9.828832557552937,1.6401547198633692e-05,-0.00011622777772887212,0.00016525678294414663,4.768125447367629e-16,1.6408768829157174e-10,-1.4815827031979173e-18,1.0
289.37,3.2502217292785645,-0.022263170329946885,0.016976779009087672,9.80340246482131,8.032375446723878e-05,-0.00022634096928967425,-0.00012270443506502904,4.911856101234107e-16,1.6408775049703117e-10,-1.4772146714348053e-18,1.0
289.38,3.260322332382202,0.01303662114076796,0.004646346501631899,9.77200177648753,-5.172219944393958e-05,-0.00023350062381273577,0.00010143157799177748,5.055545172378704e-16,1.6408781270087254e-10,-1.4695226919547751e-18,1.0
289.39,3.270339250564575,-0.0006170999975134007,-0.015782785949148614,9.766647470854178,-0.00019178275689305343,-0.00014004732634944383,0.00016283023226855425,5.199210513237996e-16,1.640878749078221e-10,-1.4616021450578384e-18,1.0
289.4,3.2802064418792725,-0.006111974864130551,-0.017868561627310032,9.81677941129045,-0.0003620831130149262,5.4147377771446085e-05,-0.0003675104982849658,5.0559707529577e-16,1.6408793708230537e-10,-1.4547938191703349e-18,1.0
289.41,3.290252447128296,0.017424863523742153,0.010335459821316947,9.807989135936683,6.325882024825301e-05,-0.00019054984607998955,-0.00024227205248580008,4.912584882291627e-16,1.6408799931295211e-10,-1.4455558286565975e-18,1.0
289.42,3.3003625869750977,0.003438902916745249,0.0021651730712063375,9.782042915872625,-0.0003034424327364024,-0.00010594161500775335,0.00042487282340429914,4.769132894182819e-16,1.6408806151869775e-10,-1.4374217158279526e-18,1.0
289.43,3.310239315032959,0.016861833273290935,-0.021135891341653796,9.79483892704044,-3.103823107446702e-05,-4.201837601857901e-06,-0.00015390873115474343,-2.0535990791168098e-16,1.6408622485779701e-10,-1.4312946764037864e-18,1.0
289.44,3.320173501968384,-0.002787085900050595,-0.05678753751835864,9.818446362434072,-4.481639324019308e-05,-3.4411094137183406e-05,-0.000323702882521039,-2.1969399284090306e-16,1.6408628706752946e-10,-1.4277155791164358e-18,1.0
289.45,3.330315351486206,-0.034016812263880945,-0.01356818691862608,9.827134589281535,-0.0001921482897371494,-0.00021114004998474802,-0.0001449543555470313,-2.3401709901487596e-16,1.640863492753867e-10,-1.4289386498220453e-18,1.0
289.46,3.3402907848358154,-0.015558378964518277,0.028217797822791053,9.79699634125214,-8.883545239553721e-05,0.000414743114212404,6.717086342766835e-05,-2.4834625262934486e-16,1.6408641148764582e-10,-1.4181112268657839e-18,1.0
289.47,3.3501830101013184,0.030194298759351198,-0.0021146107777207817,9.809986003377617,0.00014189927759045116,4.043030234498307e-05,0.000476627095703519,-2.6268767378706834e-16,1.6408647369627062e-10,-1.4168027787993243e-18,1.0
289.48,3.3603382110595703,0.006871100173190761,0.013525824315275508,9.814134723686164,0.00011431569907777629,-0.00020974422639870254,-0.00017688184196028303,4.0521232298691705e-16,1.6408843476166174e-10,-1.4153277047460509e-18,1.0
289.49,3.370310068130493,-0.003603366448665029,-0.0019703111110922124,9.769257430859053,-0.00018249599350615876,0.00017489424693714075,-0.000635088200875276,3.908420090525439e-16,1.6408849697041971e-10,-1.4171384243504762e-18,1.0
289.5,3.380222797393799,-0.00016803662703595342,0.010876645067133551,9.81071834389831,3.370546598430445e-05,0.0002039355188682433,0.00014785309404322265,3.7648383411837566e-16,1.6408855916813532e-10,-1.4200750974895813e-18,1.0
289.51,3.390216112136841,0.0007628979410575243,0.018191565041178224,9.795852071486873,0.0001529497838355028,3.631063165428984e-05,-5.0460553155988796e-05,3.621062689236573e-16,1.640886213915556e-10,-1.411622826713125e-18,1.0
289.52,3.4003570079803467,0.007142611471816098,-0.007892965165395687,9.798835677199897,0.0002876819735167377,0.00043444313554077735,9.604566761699358e-05,3.477441123771317e-16,1.6408868358182664e-10,-1.4105743324701336e-18,1.0
289.53,3.4102237224578857,-0.03536297962789934,-0.014319966151901153,9.785054120415495,0.00024613598778935403,0.00017547761704595814,8.71638958363259e-05,3.3340850392475655e-16,1.6408874580209625e-10,-1.4079177091516312e-18,1.0
289.54,3.4201905727386475,0.0034263468207051096,0.0036168668942890263,9.794782980696,-0.00019143857293685236,-0.000102550561639722,0.00023302767383096018,3.1907780128708904e-16,1.6408880803066783e-10,-1.4013612919351352e-18,1.0
289.55,3.430276393890381,-0.017454454052843262,0.0022689466692176917,9.828824941930327,0.0002193939260154022,-0.00014930560678827064,0.00011354671093031566,3.0474363072990966e-16,1.6408887024169574e-10,-1.3919613085949083e-18,1.0
289.56,3.440269947052002,-0.015099353165907726,-0.015336553217481933,9.813839305940608,4.3413477617208776e-05,-0.00039278168131588753,-0.00045531332848707104,2.904101981533115e-16,1.6408893243979777e-10,-1.3798178369849252e-18,1.0
289.57,3.450206995010376,0.0024646494650644593,0.02501085587874058,9.774105160230846,-0.0002888178145091286,-1.6046634777510966e-05,4.0587916967836944e-05,2.760656878968165e-16,1.640889946332594e-10,-1.3694169888870738e-18,1.0
289.58,3.4605040550231934,0.00942464778244574,-0.007732693002305893,9.79813172345869,-3.983336844798823e-05,2.0506055042775208e-05,-0.00011203838573769896,2.617321320346808e-16,1.6408905686129452e-10,-1.3613281642216962e-18,1.0
289.59,3.470254898071289,-0.012931829841751296,-0.015258810199845306,9.785309313563182,-0.0003161957874097389,0.000285830291294515,-7.869781470369148e-05,2.7610973891968054e-16,1.6408911906727565e-10,-1.352595624086525e-18,1.0
289.6,3.4802052974700928,0.006263495611750084,-0.004742794908867739,9.81672810049374,-8.919254453187469e-05,0.00013919249421719403,-7.174440584159081e-05,2.904842906294168e-16,1.6408918126452374e-10,-1.3449775008986264e-18,1.0
289.61,3.4903244972229004,-0.027089072687895767,0.012897414197346671,9.816191301116117,1.1181787681315252e-05,9.226922393361116e-05,0.00016275453354459653,3.048608119958125e-16,1.640892434620238e-10,-1.3363385505955918e-18,1.0
289.62,3.5003082752227783,-0.016684599360294525,-0.006168292126466607,9.783730919664327,-5.696492846645656e-05,-5.146441400113767e-05,-0.00031613024869723666,3.1923395715751706e-16,1.6408930566235059e-10,-1.327379681501712e-18,1.0
289.63,3.5102405548095703,0.010606539632006183,-0.003897496809189026,9.818750584397666,-0.0003118979100771748,-0.0004172054401309694,-1.5288448287683193e-05,3.336092333919955e-16,1.6408936785333764e-10,-1.3190019660474065e-18,1.0
289.64,3.520141839981079,0.018896393120660143,0.023500119353665784,9.814554290077046,0.0002311653066768883,-0.00022128311414553538,-0.00028783590157918887,-3.342979996720743e-16,1.640875311214377e-10,-1.3155298257188715e-18,1.0
289.65,3.5303850173950195,-0.005023264754088984,0.0024824468660158837,9.80328437559541,6.201022967953456e-05,0.0001084152002220504,5.07071880793465e-05,-3.1995767471428346e-16,1.640875933292945e-10,-1.3147273922875208e-18,1.0
289.66,3.5402095317840576,0.041105912464566706,0.0006743394873397063,9.800913230723488,7.789524370829999e-05,0.0003370090703430804,7.86101329521604e-05,-3.0561983621917157e-16,1.6408765553215832e-10,-1.3078862716018307e-18,1.0
289.67,3.55023455619812,0.012260180325166254,0.008333403183980128,9.800066684208408,-0.0002669402320609795,4.137385789139505e-05,-0.00010207292135651983,-2.912701430113638e-16,1.640877177373428e-10,-1.3012995358070937e-18,1.0
289.68,3.5604610443115234,0.01290175082498986,0.016700658003402504,9.796694498902001,0.00034925705773985685,-1.3181144584020358e-06,-0.00026752180981244486,-2.769434037216648e-16,1.6408777993862326e-10,-1.3018560226056346e-18,1.0
289.69,3.570209264755249,-0.02090054275857175,-0.0031754703388453226,9.76912321431388,-0.0002526058172420607,-0.00022030578307444972,-0.00012041450338947186,-2.6258388900858383e-16,1.6408784216577801e-10,-1.3031073704389523e-18,1.0
289.7,3.5801596641540527,-0.0036498229909517673,-0.002801747362611629,9.765213969138578,7.798730210041972e-05,-0.00013491173117131645,0.0002847317274063042,-2.482209116702656e-16,1.6408790438507574e-10,-1.2982814203358752e-18,1.0
289.71,3.5902507305145264,0.003282732787719482,-0.01907980832278994,9.791364601206963,-5.2063852097419695e-05,-0.00015027856544830453,-0.00012423595200793442,-2.338489217112842e-16,1.640879666073381e-10,-1.2849161728019684e-18,1.0
289.72,3.6003448963165283,0.020014212441019894,-0.025381467381057298,9.834316260007952,0.000123833853313985,-0.0002294194930461945,-0.0003192009369431194,-2.1947527754989945e-16,1.6408802883057583e-10,-1.283973363795393e-18,1.0
289.73,3.6102659702301025,-0.015172131406527276,0.04298268644368913,9.828867629897962,-0.00015377079615038196,-0.00012829060175887313,0.00013406151666542118,-2.1228675837080448e-16,1.6408808281321565e-10,-1.2821629012958937e-18,1.0
289.74,3.620177745819092,-0.0083574672309907,-0.04216883595177346,9.814173300405551,-9.908193133511991e-06,0.0003936247145230915,0.00030402942731208105,-2.1944204596050025e-16,1.6408815329402687e-10,-1.282470788244411e-18,1.0
289.75,3.6303138732910156,0.0012744159480770425,-0.020246802632421606,9.805305359029084,-0.0001999114176801695,-2.3317690093328958e-05,-7.872169593889227e-06,-2.337744516628967e-16,1.6408821550650583e-10,-1.2803791654783001e-18,1.0
289.76,3.6403846740722656,-0.013169374318142971,0.003027041130251196,9.78618602130109,1.852224819058252e-05,0.00029412219104883264,-0.0002054495420441553,-2.4810347488398597e-16,1.640882777023471e-10,-1.2696294045819268e-18,1.0
289.77,3.650171995162964,0.0345636121875798,0.005673802928169579,9.783350213921697,-1.6152425456210587e-05,-7.936531263820753e-05,-3.171658125068863e-05,-2.6246388180539577e-16,1.6408833990241324e-10,-1.2670646349730139e-18,1.0
289.78,3.660801410675049,-0.012184968864562183,0.007820735939825957,9.76787750056686,0.00022055670812375227,-4.768444345726125e-05,-9.965629846802017e-05,-2.768063979505885e-16,1.6408840210066405e-10,-1.270340665391697e-18,1.0
289.79,3.6702513694763184,3.721260548231802e-05,-0.011006143148163332,9.803951042173914,-4.253081077145702e-05,-5.23113132247099e-05,-5.4568664434157315e-05,-2.9116133660701176e-16,1.640884643092134e-10,-1.2727349118459795e-18,1.0
289.8,3.6802334785461426,-0.0024246594509913263,0.007087109198384424,9.826555071632914,-0.0003214085558936105,-3.332536407336487e-05,-0.00026881719368518445,3.7676211208388874e-16,1.640866276107546e-10,-1.2679744101616605e-18,1.0
289.81,3.6902410984039307,-0.002953949822966185,0.0009315250265372962,9.784350509812604,0.00027457221385599254,-1.1399140817511894e-05,-1.2721372362226864e-05,3.623961062914976e-16,1.640866898193018e-10,-1.2626813745556474e-18,1.0
289.82,3.7002737522125244,-0.0014580065314456535,-0.011174394488783558,9.780009294695056,0.00029540019766295124,0.00017601697308669437,0.00020372482342839517,3.480453956918462e-16,1.640867520514334e-10,-1.2606876636255433e-18,1.0
289.83,3.7102158069610596,-0.01286814123609912,-0.008574045334994236,9.813123174104048,3.0992468768936805e-05,-6.137699111646036e-05,3.3995757240128644e-06,3.3368049445031077e-16,1.6408681426386553e-10,-1.2564801518013302e-18,1.0
289.84,3.720212459564209,0.00364743968497001,0.006063361740636201,9.818340604783359,0.00017668617512340702,0.00010588852742202345,0.00012593976301893188,3.193313660201669e-16,1.6408687647423684e-10,-1.2540976170654958e-18,1.0
289.85,3.730343818664551,0.030923063384617925,-0.041952819493965426,9.802022822213017,-1.9690649372581806e-05,-0.000350145990560744,-0.00010647321296442788,3.049967349411149e-16,1.6408693868798737e-10,-1.2527263437535295e-18,1.0
289.86,3.74031138420105,-0.0006869916234735534,-0.021669358798294194,9.81332951515432,-0.000207163960716451,0.00011076595433970851,-3.672328106767199e-05,2.906618415648756e-16,1.64087000890143e-10,-1.2433448895712674e-18,1.0
289.87,3.750171422958374,0.021414009728369234,0.0018809764419711519,9.811193143320514,0.00010663732015071746,9.16453651711309e-05,-2.059857963672393e-05,2.7631515153497985e-16,1.6408706309463224e-10,-1.2358516668459145e-18,1.0
289.88,3.7604660987854004,-0.012786547889746787,0.02994037347295671,9.817703226643697,0.00023345288459692827,-0.00022928206255817414,-0.00015131780923538025,2.619849366591941e-16,1.6408712530351122e-10,-1.23077395052969e-18,1.0
289.89,3.770216226577759,-0.002170839448357412,-0.011014052247260637,9.804875543771184,0.00026212987230507414,-0.00011180168369853563,7.717666716008061e-06,2.476398969231589e-16,1.6408718750671245e-10,-1.2262045290771593e-18,1.0
289.9,3.780207633972168,0.007417425460517014,0.00953031385936094,9.791729570798864,-0.0003291844733173565,-2.3967157054755214e-05,0.00033265854606480145,2.4045116538914186e-16,1.6409103920704252e-10,-1.22079876745967e-18,1.0
289.91,3.7903494834899902,-0.00925766059242154,0.008668174206013205,9.784812666227324,-0.00011792591591441154,-1.967090874566085e-06,0.00010638109591476549,2.404210929154882e-16,1.640911014201412e-10,-1.2095091201664054e-18,1.0
289.92,3.8003478050231934,0.014028062161017226,0.014386000575280285,9.79752460682529,0.0001545605657699422,0.00030461815515659313,8.502612048530226e-05,2.404110244607417e-16,1.6409116364438027e-10,-1.2017845501835842e-18,1.0
289.93,3.8102104663848877,-0.0069248201213589055,-0.002906970176658263,9.779280036317111,-0.0003981925901975261,0.0004317966071166762,2.6256426362133364e-05,2.4038717047275814e-16,1.6409122585403945e-10,-1.1953166324147389e-18,1.0
289.94,3.820399761199951,-0.0032493323133836608,-0.009263036278787868,9.781048402769148,0.00030774641026250747,7.819469555764398e-05,-7.817621545060166e-05,2.403731732583127e-16,1.6409128805103864e-10,-1.1948913156028925e-18,1.0
289.95,3.8302509784698486,-0.01606624181941377,-0.004400852763531382,9.803839638840046,0.00017774071259595334,0.00035248034974447016,-0.0002462444132824376,-4.4191705540760253e-16,1.6408945137504969e-10,-1.1918351221827578e-18,1.0
289.96,3.8402552604675293,0.0038283266043122907,-0.03184262795568453,9.816869094439042,-0.00016384752397874215,0.0001856663652794557,6.53210143216079e-05,-4.3475940919552867e-16,1.640895218410628e-10,-1.1882602450631088e-18,1.0
289.97,3.8502309322357178,-0.012730667726479777,-0.024099930144960858,9.819111395666651,0.00014584788641176192,0.00012135082940453633,0.00027804494611894927,2.475055652766066e-16,1.6408768511489006e-10,-1.1868201086604324e-18,1.0
289.98,3.8604350090026855,0.00808314674355785,-0.01057145267092983,9.826506359114788,-7.78990821967087e-05,-0.00013728491786058823,-0.0002359517019262782,2.474978595658269e-16,1.6408774733069318e-10,-1.1868910580480768e-18,1.0
289.99,3.8702290058135986,-0.006854129818439912,-0.010973821936753673,9.805053477638547,0.00011604501737740364,-0.0002401258483385606,-0.00035051814056647683,2.475023981380426e-16,1.6408780953793586e-10,-1.1836886356747557e-18,1.0
290.0,3.88019061088562,0.0026746968320204086,0.020493557735505347,9.798077480705423,0.00021858595422516086,-0.00011806108459433888,0.00011859049846307343,2.475249921424788e-16,1.6408787177091278e-10,-1.1827628798143395e-18,1.0
290.01,3.8902945518493652,-0.016569697491574144,-0.0030861430288576853,9.807146173068157,-8.282352633944373e-05,0.0002770627323056945,8.108009883678244e-05,2.331539495674549e-16,1.6408793397977265e-10,-1.1752442596894765e-18,1.0
290.02,3.9003310203552246,-0.008969553559611702,0.0063730636953815405,9.764026904133177,8.182450837006628e-06,-0.0002561843053263209,-0.00018343484267235183,2.1879100884681393e-16,1.6408799618004825e-10,-1.1704124534149193e-18,1.0
290.03,3.9102251529693604,0.00480883249362568,0.02527217561053581,9.817808784251742,0.0003409722452570447,0.00010670121711459034,-0.00010760540331011363,2.0445152011054722e-16,1.6408805839314393e-10,-1.1710001213988071e-18,1.0
290.04,3.9203238487243652,0.014063277653519538,-0.016346730496977657,9.804142320013595,0.0002124608759763351,-0.0003427240316508884,-0.00027799999642757876,1.9008901310827327e-16,1.6408812059250704e-10,-1.1739961758637003e-18,1.0
290.05,3.9302687644958496,-0.0013383205509589562,0.0013038043224287935,9.814452887093172,1.8042919700485105e-05,-0.00011264652226115566,1.347719479574623e-05,1.75738002560939e-16,1.6408818279177397e-10,-1.175238131148536e-18,1.0
290.06,3.9401822090148926,0.002760021186548705,0.010005869057012312,9.815081234555885,0.00016684910019189634,-0.0001459930457342124,-0.00016633785118212786,1.6138123650677284e-16,1.640882449833547e-10,-1.163432533212197e-18,1.0
290.07,3.9501919746398926,-0.014037702464155073,-2.211962918116459e-05,9.810657195343122,0.00030639289247917905,0.00021213493435760658,0.000261596533621172,-5.065556969299602e-16,1.6409020606206414e-10,-1.161411974250662e-18,1.0
290.08,3.9603285789489746,-0.01651216683920714,0.010750286027622128,9.809300931430213,-3.347230051582906e-05,0.00021966809335878575,0.0003068056110237757,-4.922193784313361e-16,1.6409026827851603e-10,-1.1535804891294473e-18,1.0
290.09,3.9702088832855225,-0.0005926553712499997,-0.02271236947430578,9.818461940095725,6.612823367396835e-05,0.0003198093410820027,-0.00017911430843148084,-4.778558629625793e-16,1.6409033048945453e-10,-1.1595677022883623e-18,1.0
290.1,3.9802346229553223,-0.006770503793478488,-0.0037499902457778537,9.800769592171322,-0.0002295899826133813,-2.8863198804534444e-05,6.949090433955577e-05,2.0441851768063724e-16,1.6408849374814935e-10,-1.16633727372998e-18,1.0
290.11,3.9902565479278564,-4.0346884594600176e-05,-0.0059995976113244665,9.807950240383054,-0.0002547453062737752,0.00027672394868437995,-0.0004596737793638064,2.1877234693414307e-16,1.640885560164322e-10,-1.1701099075734731e-18,1.0
290.12,4.000262498855591,-0.03540628917058075,-0.008768239349695612,9.811677463170808,-0.0005065133758988413,0.00019471297680532853,-0.00014214016375585172,2.331052179747256e-16,1.640886182268703e-10,-1.173465661495159e-18,1.0
290.13,4.010293006896973,0.0037928371825141686,-0.010988316516577237,9.791370309761028,-0.0002244541893575475,0.000150329227651743,3.670543924622015e-05,2.474677893691548e-16,1.6408868042062903e-10,-1.16873080445199e-18,1.0
290.14,4.0202460289001465,-0.00242428504085233,-0.0027334786860919147,9.800167696316299,-0.00021523187634463854,0.00038384602079900864,9.45873015986161e-05,2.618248532116545e-16,1.640887426109118e-10,-1.1701579941961599e-18,1.0
290.15,4.030255079269409,0.03632260696935681,-0.031709004168789405,9.801098555952779,0.00031382295558061367,-8.480202079889413e-05,-1.0001992324272686e-05,-4.0609563885447036e-16,1.6408690590578166e-10,-1.1726078587027812e-18,1.0
290.16,4.040205240249634,-0.005173769136080021,0.005407803054701127,9.811697807421547,-0.00032274493966380285,0.00022769855743397122,0.0002104170781233978,-3.917257670720255e-16,1.6408696811039455e-10,-1.1696026738308521e-18,1.0
290.17,4.050244331359863,-0.002043425992430863,0.013224634842902759,9.814013266586514,0.00016242604839973273,-0.00019768258921988422,-0.00011008754060930681,-3.773675253611179e-16,1.6408703031184544e-10,-1.1654063991253214e-18,1.0
290.18,4.060361623764038,-0.005826294474300265,-0.008648103904008391,9.813970834449146,0.00021143848220635237,3.126144013486617e-05,0.0001885824456872923,-3.629814648749326e-16,1.640870925264451e-10,-1.1617174952412412e-18,1.0
290.19,4.070224761962891,-0.014518956213680257,0.019980444667301905,9.790640869769767,-0.0001676149751511457,0.00047251971606305116,-8.119166402653488e-05,-3.4861267919137396e-16,1.6408715473482186e-10,-1.15772481736201e-18,1.0
290.2,4.080230474472046,0.009393579964833029,-0.018207061560164533,9.834759128887338,-7.396445752913038e-05,-0.00025893181265495944,-0.00026339895443476936,-1.0165075992983462e-15,1.640891158157171e-10,-1.1580902614758394e-18,1.0
290.21,4.090313673019409,0.026368668203310956,0.02103249267281684,9.789109044960336,-0.0003245185833036069,-0.00018606971313942574,0.0002333602169360009,-3.1989187340643413e-16,1.6408727913659653e-10,-1.1623830406944102e-18,1.0
290.22,4.100281238555908,0.00521493952375449,-0.005583864176787853,9.790322077801994,-5.384256683701874e-05,4.1544664057617346e-05,-0.00022333135965287175,-9.877926540647085e-16,1.640892402136298e-10,-1.1614999814741659e-18,1.0
290.23,4.110219717025757,0.029132644827134156,0.00038779994238360277,9.789020746707294,0.00028879548543809017,4.648218700112253e-05,0.00021843442253679854,-9.734155024398556e-16,1.6408930241036877e-10,-1.1599481625841717e-18,1.0
290.24,4.120565891265869,-0.03557419426281889,-0.01962702751282721,9.797982965505852,-0.0005622355934989822,-0.0004309008629366839,9.397829806295374e-05,-9.590790374014618e-16,1.6408936461146279e-10,-1.1644009071853748e-18,1.0
290.25,4.130268573760986,-0.0024703441908606365,-0.017018978130316654,9.799384858837607,-0.00020644448675529435,-1.8907397289402264e-05,-6.40223978905151e-05,-2.6246988384184907e-16,1.640875279133197e-10,-1.170319748889904e-18,1.0
290.26,4.140265226364136,-0.03588775682872098,0.01948452105025004,9.788154216587447,-7.5726976455260635e-06,-4.0565553029638565e-05,-0.00020475960360711679,4.054393481302528e-16,1.640894890213967e-10,-1.1723447183538838e-18,1.0
290.27,4.150306701660156,-0.020336697335435562,-0.01863837471082445,9.791680156197755,1.248614221910779e-05,0.0001487442993731708,0.00010684744495815935,3.9108742646268107e-16,1.6408955122353018e-10,-1.1818696133121386e-18,1.0
290.28,4.1603477001190186,-0.013784447102375851,0.0042991049296887815,9.79244371334528,-8.302090287559664e-05,-0.00015657710075699273,1.582479981509759e-05,3.767368782186415e-16,1.6408961343738736e-10,-1.1823300025800424e-18,1.0
290.29,4.170212030410767,-0.02868685472098312,0.006850919003785075,9.819535560044756,5.143160205259631e-05,0.00017510954094111645,-0.00017050451649791982,3.6236471390845906e-16,1.6408967564389843e-10,-1.1742916894805486e-18,1.0
290.3,4.180214881896973,0.0036972711507576054,-0.012126130727667868,9.820277315492596,-0.00014622682593440074,1.9483390076265755e-06,5.436194057845109e-05,3.4800629138402676e-16,1.640897378706741e-10,-1.1788618295408544e-18,1.0
290.31,4.190466403961182,-0.0035102447143433727,-0.008041668486794174,9.769345409855868,-0.00031213118815773163,6.922538713988e-05,-0.00030004119483959007,3.3364027030147477e-16,1.6408980005344464e-10,-1.1787462905580319e-18,1.0
290.32,4.2002763748168945,-0.0066418924778704,-0.017879161031882387,9.78720309630616,-0.0002414416052651229,-2.7653101732804046e-05,-0.00027578353337910286,3.1927343477140905e-16,1.6408986227323808e-10,-1.1749313311899356e-18,1.0
290.33,4.210332870483398,-0.015902533657626408,0.03806365254072788,9.800951005222856,6.8766913607336726e-06,0.00019546707808631677,0.00023138302244890384,3.0494496524791707e-16,1.6408992449698108e-10,-1.1735421885455331e-18,1.0
290.34,4.22031831741333,-0.006660518443515557,-0.013551253686734922,9.771475241886096,0.00010930518065418012,-1.0577569395419097e-05,-0.00024621096776172163,2.906190170807066e-16,1.6408998671963245e-10,-1.169782645781066e-18,1.0
290.35,4.230236291885376,-0.007583165836209941,0.02632257960354803,9.778351993527492,0.00012144763117729586,1.3615741751687235e-06,0.00010261659229552688,2.7628513707605194e-16,1.6409004890587199e-10,-1.1655683007897477e-18,1.0
290.36,4.240196704864502,0.005922500069706083,0.020172090827893646,9.795620615305223,4.960394141710688e-05,0.00023709071206803696,-0.0005606472921347885,2.6194808843144583e-16,1.640901111174697e-10,-1.1632966842895389e-18,1.0
290.37,4.2502570152282715,0.03044961993438526,0.012602550629255799,9.799945010279592,-0.0001679784551770236,-5.670157397488084e-06,2.8564108480956703e-05,2.476165523284983e-16,1.6409017333820855e-10,-1.1660781008578349e-18,1.0
290.38,4.260355234146118,-0.001039761750150898,-0.0072042056355749685,9.805571641561903,4.2560889205370596e-05,0.00019332397016972723,3.002120027111209e-05,2.3326338939403004e-16,1.640902355464817e-10,-1.162157477282712e-18,1.0
290.39,4.270269155502319,0.01500328211774659,-0.017510904613004526,9.776189419027741,-3.120192115639243e-05,0.00026386311968431815,-0.00013232059417952287,2.1891474948537754e-16,1.640902977570117e-10,-1.1638406653347442e-18,1.0
290.4,4.280230760574341,0.0006042110355275926,-0.01589218610750882,9.79205480140623,0.00040337159245655265,-1.837831688662824e-05,0.00018488011324911113,2.1173557052037436e-16,1.6409035162246316e-10,-1.1665899628662588e-18,1.0
290.41,4.290376901626587,0.01456305613363323,0.01003572988439619,9.793757297083365,0.0002484802462739391,-9.165058299648242e-05,-0.00012319381579088023,-4.633647044161829e-16,1.6408852325105258e-10,-1.1649114638166675e-18,1.0
290.42,4.300239562988281,-0.0074633482165354734,0.027670270074980692,9.781238022651566,-0.0001588807175782415,5.850976312745183e-05,-4.3162425334750735e-05,-4.490194167862014e-16,1.6408858547047306e-10,-1.165639345687657e-18,1.0
290.43,4.3102498054504395,-0.0061849628549614745,-0.00230706673579972,9.826689273942652,-0.0002681987318682714,6.404168739063509e-05,0.0004877424786154151,-4.346810491543381e-16,1.640886476723958e-10,-1.165272753951735e-18,1.0
290.44,4.320454120635986,0.005084743817721418,-0.008061268600044967,9.793391235492974,-0.0002757311367612678,0.0004367808334482526,0.0002010091597775496,-4.203448112684376e-16,1.6408870988173364e-10,-1.1659904991449853e-18,1.0
290.45,4.330260992050171,-0.009961863376895091,-0.0028396412241590116,9.8047946685913,-4.384375228473116e-05,-0.00028364913658333993,4.467450526334583e-05,-4.059831577607156e-16,1.6408877207721016e-10,-1.1634874408389973e-18,1.0
290.46,4.340263366699219,-0.016311919834110226,0.03184908775352227,9.833473033328605,4.475026808997784e-05,-0.0003003674105516791,0.00039248852190259604,-3.915862420405678e-16,1.6408883428411592e-10,-1.1608353913092523e-18,1.0
290.47,4.350288391113281,-0.018172685785548665,0.014556188782800517,9.796592212956497,3.5176781747162945e-05,-0.0001722060939629308,-0.0004436129455500271,-3.771973537530395e-16,1.6408889650014365e-10,-1.1578849613048821e-18,1.0
290.48,4.360256671905518,-0.015377535589243442,-0.01869925488331677,9.766305651754859,-7.644396000322526e-05,0.00018282851664120446,-0.00032624542440381615,3.1226589908268186e-16,1.6408706815108328e-10,-1.1518318955970885e-18,1.0
290.49,4.370243310928345,-0.009459919471954131,-0.0034467312250710067,9.794666327865448,-1.0281517274323678e-05,-3.743997938810166e-06,0.00027681120412660696,3.266456899381174e-16,1.6408713037536532e-10,-1.145097424003305e-18,1.0
290.5,4.380262851715088,0.02637715966688492,-0.0017263397240942489,9.816906999670191,-1.2702752367181468e-05,-0.00012592501859333183,-5.7493092809625673e-05,3.4102608731222454e-16,1.640871925864318e-10,-1.1463280095308609e-18,1.0
290.51,4.39032244682312,0.02598230194895208,-0.004143180284974042,9.789629486506572,0.00015406988372146496,-0.00010144614416757422,8.883767948263031e-06,3.553892303874414e-16,1.6408725480417132e-10,-1.1513097490053759e-18,1.0
290.52,4.400289058685303,0.00931346641556222,0.014687705446368972,9.806518018310832,0.0001556697185042739,-7.0020286144126e-05,2.9522562134663843e-05,3.6974760821175313e-16,1.6408731702118055e-10,-1.1525118853291417e-18,1.0
290.53,4.4102184772491455,0.03540623548597733,-0.0036381791096810486,9.809041777772341,0.00010036358261416996,9.222296265787405e-05,-0.00017890777645866753,3.840922458842696e-16,1.6408737923301465e-10,-1.140478874746577e-18,1.0
290.54,4.420332670211792,-0.00959409658908601,-0.007071589871169853,9.790906687910375,-0.00012053394097060918,-3.2895898782606e-05,0.00040090806254205563,3.9842767686917744e-16,1.6408744144957064e-10,-1.1475626867633705e-18,1.0
290.55,4.430217027664185,-0.010017876295915303,-0.01342580017680427,9.807953348925684,-0.00016663282466418468,0.00010079227169568335,-0.00045183748394113957,4.127788284493788e-16,1.6408750367354865e-10,-1.1537184083568537e-18,1.0
290.56,4.440212965011597,-0.052665174122802805,0.00873564806746266,9.78573413617703,2.7057067874742334e-05,-8.045591366633686e-05,0.00011711829673447134,4.2712640342488938e-16,1.6408756589756873e-10,-1.1572904184227868e-18,1.0
290.57,4.4504053592681885,0.026688665321089364,-0.0248787001860964,9.815604008316129,-6.806514273253645e-05,7.120401751023037e-05,-0.0002606031723834952,-2.407806232016143e-16,1.6408572921966594e-10,-1.152336249185239e-18,1.0
290.58,4.460321664810181,0.02705737117503267,-0.008363996494069565,9.78652446678308,-0.0001386728745270978,0.00015738695901628075,-9.098409588074405e-06,-2.4075868009105973e-16,1.6408579145307477e-10,-1.1446709722687434e-18,1.0
290.59,4.470166206359863,-0.015376930229397668,0.00966446206635574,9.823507488974256,8.423043424795319e-05,7.498249713811966e-05,0.00031278091216600963,-2.407319236802813e-16,1.6408585367162788e-10,-1.1368479980778124e-18,1.0
290.6,4.480332374572754,-0.0009247872148215502,0.025288351388500382,9.77634650390838,-0.00022827142829291982,8.513987134356018e-06,-0.00012179287549693389,-2.407063028099423e-16,1.6408591586830007e-10,-1.1300148817776013e-18,1.0
290.61,4.490314483642578,-0.0006181057522910796,-0.021938217724875364,9.824097944180314,-0.00012160294947317672,0.00033587066448246183,-0.00025193387159585964,-2.4067867460219445e-16,1.6408597807414458e-10,-1.1262057096242578e-18,1.0
290.62,4.500256538391113,0.014379394079698045,-0.029033396133034253,9.829947401154563,-0.0004993531013594251,-1.7385519150047567e-05,-0.00015799862959481827,-2.406649623936651e-16,1.6408604026695348e-10,-1.1218955078958294e-18,1.0
290.63,4.510287761688232,0.004309668734297901,0.004234926522380024,9.803145253853147,-8.076860752157737e-06,-3.906581340047364e-05,-0.00024586285557022514,-2.4065291675998393e-16,1.6408610247631165e-10,-1.1179489621201753e-18,1.0
290.64,4.520411968231201,-0.0032451903362928657,-0.02286899341181074,9.78220863049671,0.0003845254672210164,1.865773893672461e-06,-3.101993298061397e-05,-2.4782232393279576e-16,1.6408995412663356e-10,-1.11719320289611e-18,1.0
290.65,4.530200242996216,-0.011497571298024933,-0.03862168429189571,9.791057248806439,-0.0002871130528428784,-0.00011124320403790527,-0.00019739721512423413,-2.478075320209161e-16,1.6409001633118482e-10,-1.1188329919915436e-18,1.0
290.66,4.540283918380737,0.010107502632376492,-0.01483766902646036,9.800551642047282,1.6457978453180754e-05,-0.00014710817212743317,0.00043956653131195094,-2.4780672149897887e-16,1.6409007852682136e-10,-1.116827086393766e-18,1.0
290.67,4.550295829772949,-0.008399478452663072,-0.011349723915201745,9.794211527295774,0.00021796711452249938,0.0002585410616708971,0.00031847699422991746,-2.4062345904742297e-16,1.6408635126364347e-10,-1.1134198112666135e-18,1.0
290.68,4.56024169921875,-0.02217354121188821,0.014015638104075336,9.783182803805449,3.204855990535584e-05,0.00019829138956859138,5.76538395745255e-05,4.4166869337191004e-16,1.6408831234321376e-10,-1.1043179193484954e-18,1.0
290.69,4.5702431201934814,0.011353717013851825,-5.429751028403832e-05,9.746201443568308,-6.046959249187132e-05,-0.0003396434651792226,-0.0004407189051830616,4.560401725856132e-16,1.6408837456311388e-10,-1.1002353779328685e-18,1.0
290.7,4.58021879196167,-0.007610191011130786,-0.00042352277597338734,9.78899308983596,-0.00027640762077081496,-0.00026161133389788766,-0.0003304073597184453,4.704056172859259e-16,1.640884367665927e-10,-1.1028513872438198e-18,1.0
290.71,4.590270519256592,-0.00048532823233077873,0.004270434023481637,9.790519866453664,-0.0001324342362001131,-4.6696265611642986e-05,-0.00014586908826012528,4.847825773032839e-16,1.640884989602634e-10,-1.104199940930352e-18,1.0
290.72,4.600350618362427,0.0315313901954619,-0.01807650156299566,9.802708879991362,0.0001426495661423976,-7.519648269215582e-05,0.00023827533796939087,4.991446969044521e-16,1.6408856115977272e-10,-1.1015162152877209e-18,1.0
290.73,4.610266447067261,-0.027388624070929457,0.019207059921753752,9.802794743285213,2.5855155597774586e-05,-2.3594148836999e-05,-0.00018691059276338624,5.135035484161413e-16,1.6408862336785284e-10,-1.1008294523895452e-18,1.0
290.74,4.620396375656128,0.028110635907467263,0.01548705628417191,9.780416087252235,-0.00014322136494215816,8.684662265589108e-05,-2.223184799960813e-05,5.135209936944137e-16,1.6408868556471844e-10,-1.0952567466932736e-18,1.0
290.75,4.630231618881226,-0.010126472711310437,0.02228859065046719,9.8258627424056,-0.0002738750066757957,0.0002558866449217854,0.0003079089131461623,4.991932047570067e-16,1.6408874778750599e-10,-1.0952067791568793e-18,1.0
290.76,4.640193223953247,0.02960618139974562,-0.02009873303798754,9.795433749142529,0.00027648379324173185,-1.3272258858970823e-05,-0.00034574504024549227,4.848518749534917e-16,1.6408880999921043e-10,-1.095607279901245e-18,1.0
290.77,4.65026593208313,0.011855105479792684,-0.023543469975559,9.826313410980138,0.00015496660850509127,-0.0002657279839895997,-0.0001459484028662668,4.705095475086585e-16,1.640888722111334e-10,-1.0948514848180915e-18,1.0
290.78,4.6602582931518555,0.02276159899890315,0.004967249986889527,9.812788702096542,0.00027535935435146004,-0.0002654132689799437,4.0580898203840096e-05,-2.117502625668791e-16,1.6408703547193546e-10,-1.094869784225154e-18,1.0
290.79,4.670217275619507,0.015335507275714925,-0.001650465939896381,9.777593580432733,0.00026829112110554365,0.0001290946308122989,-0.00012946486683992678,-2.2609724610032185e-16,1.640870976862927e-10,-1.0979694083748783e-18,1.0
290.8,4.680375099182129,-0.029004222105977116,-0.018352018473348674,9.81783161728659,-0.00014887571370419438,0.00018207949243366107,0.0002650135356046861,-2.4043137284844217e-16,1.6408715990900914e-10,-1.0941282809345625e-18,1.0
290.81,4.690267324447632,-0.021280169563042958,0.003922786979775237,9.827311934548751,-7.482404865263121e-05,-7.239069822615427e-05,3.43138796327279e-05,-2.547646966178825e-16,1.640872221211247e-10,-1.0930856411198155e-18,1.0
290.82,4.7002527713775635,0.008518420770200322,0.0014504285593819094,9.805734859520259,-0.00017686951067348808,-0.000353833423631704,-0.0003060241409404852,-2.691205252926906e-16,1.6408728431620523e-10,-1.0996659577940363e-18,1.0
290.83,4.710274934768677,-0.013910041748883013,-0.004558710465952358,9.789276062821719,-0.0002520489763823814,-0.00015254326322368042,0.0002570273994114677,-2.83489703650126e-16,1.6408734653925779e-10,-1.1044229361670374e-18,1.0
290.84,4.7203662395477295,0.0010922692689217671,-0.03479353805241716,9.784573056223172,0.0003972540163910458,5.109043839883546e-05,-0.00013736255793297882,-2.9785903251969224e-16,1.6408740874033528e-10,-1.1137959143417125e-18,1.0
290.85,4.730149745941162,0.0025370737852224838,0.017681660410729213,9.811723755519813,6.776799735640678e-05,-0.00010932895628216468,0.00016162846210572291,-3.122023437564015e-16,1.640874709606331e-10,-1.1122731366812266e-18,1.0
290.86,4.740262508392334,-0.0005721782780855741,0.0068473351791557896,9.81171061753863,-0.00036161345469619893,0.00020255136579070941,-0.0002548315404209558,-3.2656954644606406e-16,1.640875331567818e-10,-1.1093255499005697e-18,1.0
290.87,4.750360012054443,0.010575741535850816,0.013513369255388341,9.804350907847391,0.0002428875104596571,9.44441346512999e-05,-9.840751686603492e-05,-3.4092045111650777e-16,1.6408759535776044e-10,-1.1128610918892485e-18,1.0
290.88,4.76023006439209,-0.022852282796186004,0.0021910604128176445,9.798230643077835,-9.840890024406752e-05,-0.00022749332133381025,0.000527649190151637,-3.5525248825156805e-16,1.6408765758421178e-10,-1.1062825528943337e-18,1.0
290.89,4.770202398300171,0.03390128556115135,-0.026442675751458967,9.805858163933244,0.00010111860661130408,0.00010388514995097007,-0.00016260708272217123,-3.6958978709474617e-16,1.6408771979960857e-10,-1.1060004915588981e-18,1.0
290.9,4.780304908752441,0.02226823891146052,0.03548592807413153,9.79646720982613,-9.116944949523917e-05,5.296046757922523e-05,7.679671252160604e-05,-3.839131004889693e-16,1.6408778200082826e-10,-1.09875799133085e-18,1.0
290.91,4.790250062942505,0.020405488799038234,0.01511185914950588,9.778768995865413,0.00019066338082134287,-0.00015904103063783798,8.350811802440503e-06,-3.982296450799202e-16,1.6408784420555608e-10,-1.095038462585358e-18,1.0
290.92,4.8002800941467285,-0.043212297236901925,-0.029975729885189307,9.811829946418397,0.00012083803661968745,9.989883377752048e-05,-8.77267103083978e-05,-4.1256247812324477e-16,1.640879064034937e-10,-1.0921085171597406e-18,1.0
290.93,4.810339689254761,-0.006953321324704756,-0.027316443401652166,9.792057242192687,-0.00020731258519442273,8.108301811664552e-06,-0.00010348107525512415,2.6973866212389643e-16,1.6408606970360376e-10,-1.0926253681201214e-18,1.0
290.94,4.820328712463379,-0.00922173346570154,-7.378835913726538e-05,9.788920334055316,-5.613016582165489e-05,-0.0003681895630300819,0.00010189804181414829,2.8412002391394543e-16,1.6408613190541943e-10,-1.0892127876079696e-18,1.0
290.95,4.830175161361694,-0.0018499744215609072,-0.0003953603287946657,9.792771125395763,-9.244561544271875e-05,-2.359342875443001e-06,0.00024201296275156735,2.9850307169178435e-16,1.640861941093345e-10,-1.0861811528649247e-18,1.0
290.96,4.840325832366943,-0.029698218496062048,-0.03982247516903629,9.804888453722546,0.00014526573961983394,-0.00045024754353491757,-0.00032681557237571285,3.1289153634572813e-16,1.640862563054741e-10,-1.0861438756132133e-18,1.0
290.97,4.850365877151489,0.0010209380205555415,-0.04819608255396749,9.812465310194508,-5.9289431708312396e-05,0.00030184816251910144,0.0003852283480471372,3.2725793257661323e-16,1.640863185129141e-10,-1.0837043329736716e-18,1.0
290.98,4.860241889953613,0.04122070853905343,0.003637394828158163,9.794724228050537,0.00019759432071739594,-2.58316542508002e-05,-2.3570908492842383e-05,-3.406369474465433e-16,1.6408827958080106e-10,-1.0843108136785639e-18,1.0
290.99,4.870270252227783,-0.0008656046111122504,0.04427756403584805,9.797114395469428,-2.330402375066107e-05,-4.7819471771145286e-05,-0.00034249655532509274,-3.2628180986972363e-16,1.640883417904763e-10,-1.0874069440220393e-18,1.0
291.0,4.880249738693237,0.002367518596807374,-0.009154867784648472,9.802280076714206,7.293360118496092e-05,0.00019687613686011535,0.00016376879504601747,-3.1192981255327686e-16,1.640884040029006e-10,-1.0897606596226309e-18,1.0
291.01,4.890267372131348,0.014463808487017888,-0.001756341771617321,9.759916655544979,-0.00031085584472790554,-0.00016714123654171576,0.00010842907237765215,-2.975977869030165e-16,1.640884662178399e-10,-1.0834415404700248e-18,1.0
291.02,4.900294542312622,0.011495622989029787,0.013439264728179039,9.817496684478277,0.00014114036161689078,-9.040128531595762e-05,0.00017138119718143675,-2.8325964205134636e-16,1.6408852841071782e-10,-1.0901007633399319e-18,1.0
291.03,4.910301685333252,-0.00519081136339563,0.008160822050665229,9.828815744613962,-5.2542986511450653e-05,0.00013262270599141061,-3.1245784460121654e-05,-2.689120972000531e-16,1.640885906175316e-10,-1.103727182768985e-18,1.0
291.04,4.920340061187744,0.007255269479106449,-0.011067536357516096,9.781871513083214,-0.0005777426446489231,-3.672630338215386e-05,0.00016537379066433198,-2.545524134556856e-16,1.6408865282721982e-10,-1.1067238788674146e-18,1.0
291.05,4.930176019668579,-0.017490765547079814,0.004155813840474993,9.790643404571824,0.0005653770126586762,0.0001716454655686552,9.229729573824202e-05,-2.4017777173167235e-16,1.640887150459381e-10,-1.1027825764753729e-18,1.0
291.06,4.9403321743011475,0.007280097789588918,0.021147738381756976,9.788865114114126,-2.536543030512585e-05,5.061025794603898e-05,-0.00011958770563179775,-2.258103920715976e-16,1.640887772786357e-10,-1.099094598281749e-18,1.0
291.07,4.950403451919556,0.0006379961135844747,0.01118576637761797,9.812240214930892,-9.861142905037052e-05,0.00024526140902377615,-5.254021528762277e-05,-2.1144657737308667e-16,1.6408883950647042e-10,-1.1014899489265594e-18,1.0
291.08,4.960236310958862,0.00804713914911298,-0.006894993011157519,9.808155946071123,0.00027838664980430323,-1.86938882096582e-05,-0.00026593296448069114,-2.257844897834038e-16,1.6408890171150137e-10,-1.107856898425764e-18,1.0
291.09,4.970201015472412,-0.01872843860586895,-0.013193913256250486,9.795495832617169,3.334473034649247e-06,-7.689618601700588e-05,-0.00016074045789648395,-2.4011978762300766e-16,1.6408896392456363e-10,-1.100900793819741e-18,1.0
291.1,4.9802656173706055,-0.00011195038633196721,0.004485139331832906,9.780487356101982,-1.3937208247904891e-05,0.00018629393659024758,-1.8880802608950718e-05,-2.5445833594617476e-16,1.6408902613092686e-10,-1.0994035522048745e-18,1.0
291.11,4.990235328674316,0.0024035896583776482,0.03555871315778744,9.804676573486443,0.00012148137168713924,-3.8711561227035056e-05,-0.00018465065291522264,-2.688141445541089e-16,1.640890883380746e-10,-1.1049096916048766e-18,1.0
291.12,5.000317811965942,0.04096897186524906,-0.020073950110827524,9.797990262295555,-0.000155911457542438,-8.382701705878426e-05,-3.065550602833977e-05,-2.8316725317329103e-16,1.640891505326777e-10,-1.1126868712394975e-18,1.0
291.13,5.0104968547821045,0.0021198204737079783,-0.01843645194242888,9.817269528916965,8.430994742897029e-05,4.740015506915418e-05,-0.0001264832495918157,-2.9751558839965835e-16,1.640892127421738e-10,-1.1185530648098647e-18,1.0
291.14,5.020263195037842,0.025038291223842647,0.004784228410424577,9.792717335194093,0.00019104520096913403,-7.795024799548379e-05,5.814496390569288e-05,3.703905875540062e-16,1.6408737602707989e-10,-1.1154092830317506e-18,1.0
291.15,5.030125379562378,-0.005502681431973115,0.005213258632147249,9.769462655732683,8.662487865262454e-05,-5.440224900708194e-05,0.0003763943381160156,3.5603782000042644e-16,1.640874382323745e-10,-1.1164168479809454e-18,1.0
291.16,5.04033088684082,-0.03213999279202636,0.0033607167552604333,9.771436811159743,0.00020961085258361882,0.0001851959608732769,-7.51585212240003e-06,3.4167647518895704e-16,1.640875004476004e-10,-1.1233285550810017e-18,1.0
291.17,5.0502870082855225,0.005085760683961951,-0.02525244069068894,9.79535325325698,0.0001410104811621326,-0.0002600856620309137,0.0001878646526495974,3.2732963767061415e-16,1.6408756268863254e-10,-1.1235576272645616e-18,1.0
291.18,5.060355186462402,-0.015664711364134488,-0.03608012762799156,9.802462276558922,-0.0003328633821278657,0.0005711480766038956,4.1085961408257066e-05,3.1298285137180386e-16,1.640876249014463e-10,-1.1220571583503714e-18,1.0
291.19,5.0703349113464355,0.02507162659125161,0.009196671768907847,9.796322054411409,-7.266808608321001e-05,-4.964293331000783e-06,-0.00017351891765966427,2.9865670236404126e-16,1.6408768710720795e-10,-1.1170387353613808e-18,1.0
291.2,5.080399990081787,0.026206270486948815,-0.0065871121839370895,9.774247138385174,-0.00032043847970868227,-0.00038041377368776687,-0.0002521931509792035,2.843188964591572e-16,1.640877493257333e-10,-1.110550023090247e-18,1.0
291.21,5.090206861495972,-0.03105013656372634,0.02532425906970517,9.808843127205611,-7.293594994827986e-05,-0.00011198654205371576,0.00021893521283124172,2.699709597198029e-16,1.6408781153419033e-10,-1.1029518127498626e-18,1.0
291.22,5.10026216506958,0.011338812916396218,0.009945092236045219,9.781493700276062,-0.0001083514142054086,-6.0963365813280464e-05,0.00014417246862943813,2.556267667481761e-16,1.6408787375646528e-10,-1.1024015992620738e-18,1.0
291.23,5.110610485076904,-0.011702244592816163,-0.0031694781146341974,9.834955661011724,-0.0003258479896694937,-0.00021421398666249914,0.00027453382158110483,2.412584388317177e-16,1.640879359722233e-10,-1.1117410081951952e-18,1.0
291.24,5.120274066925049,0.007476067598181593,0.027986538961942507,9.794878187952685,0.00014586976363436063,0.00012339963175850833,2.5431098237470497e-05,2.3407569186456173e-16,1.6408798993025005e-10,-1.107127863819612e-18,1.0
291.25,5.130235433578491,0.02381339602040206,-0.038859916912551605,9.807303439420915,-0.00028314033404103965,0.0002473226610719866,-6.387594475464223e-05,2.340658204519093e-16,1.640880521263376e-10,-1.0978991603838598e-18,1.0
291.26,5.140396356582642,0.021223994748164107,-0.015179028522383634,9.805509233719034,1.6297842388962567e-05,9.557165373001653e-05,-0.0002265128632881293,2.3404354481841197e-16,1.6408811433939508e-10,-1.0920076038277987e-18,1.0
291.27,5.150262355804443,0.01045951163181073,0.0011223013198354487,9.782645342917391,-3.341360894777824e-06,-0.00025625407779265034,0.00012310637639864107,2.340272679620254e-16,1.640881765402766e-10,-1.0868242842110917e-18,1.0
291.28,5.160232305526733,-0.008343333198071564,-0.005507503754864851,9.842638608855468,0.00010700390460415395,-7.667789370629435e-05,2.2474603149894116e-05,2.3401646634405307e-16,1.6408823874775657e-10,-1.0848275302242119e-18,1.0
291.29,5.170237064361572,-0.024746798983399133,0.021188872678323742,9.80218846304434,0.0001971012849731143,3.2145241060346785e-05,-0.0001900839879426062,-4.482678200970551e-16,1.6409019983065538e-10,-1.0829686584004815e-18,1.0
291.3,5.180300235748291,0.028733333227241822,-0.03834269180709087,9.789184846408439,0.00013520784238310173,-4.335885786026012e-05,8.091077312260692e-06,-4.482712174256883e-16,1.6409026204789185e-10,-1.08028756681798e-18,1.0
291.31,5.1902265548706055,0.0038585957743347225,-0.01622446568582736,9.810520709506099,-5.008887958119094e-05,-0.00037118851678710345,-6.632463976932128e-06,-4.411136972131514e-16,1.640865347548776e-10,-1.0794788989090182e-18,1.0
291.32,5.20024299621582,0.003215301850543875,-0.019696570661145926,9.778733308694354,-1.226428064481134e-05,0.00018428238091421046,-0.00016808504075339578,-4.4111957676506433e-16,1.6408659693925927e-10,-1.080152146079327e-18,1.0
291.33,5.210448980331421,-0.02348392644453994,0.011883905106153128,9.79990695952542,0.0002476859397483163,-0.0003095161583147889,-6.357547994795403e-08,-4.411311439122354e-16,1.6408665914592995e-10,-1.0775918027531422e-18,1.0
291.34,5.220241069793701,0.009711033943110892,0.02977753794026895,9.810555826058676,0.0003220969618850886,0.0001430845232768182,-6.77218488730743e-05,2.4113450068408964e-16,1.6408862022009576e-10,-1.0784676088774123e-18,1.0
291.35,5.230247259140015,0.03947026963919958,-0.0152922698031988,9.815500873733157,-0.0001468862408180324,-0.00023608800175449536,-0.0003870301489711038,2.2677352864467365e-16,1.6408868242347788e-10,-1.0759479756202174e-18,1.0
291.36,5.240488052368164,0.012524924256111274,0.0012955638147065835,9.80061307415063,9.674767395284508e-05,0.00015481283795618878,0.00013152052091202309,2.1239612937640537e-16,1.640887446228662e-10,-1.0771141700952341e-18,1.0
291.37,5.250232219696045,0.006320053824188613,0.0033931248941856743,9.807993282222965,-0.00025103264210830104,-0.00024301165973711534,9.664516964202152e-05,1.9804923318573926e-16,1.6408880682863784e-10,-1.0817004499735877e-18,1.0
291.38,5.260279655456543,-0.022492574039899765,0.03140866210560019,9.804477532745342,-0.00020330371371347897,-0.00046118958749885645,2.4265372436694222e-05,1.8370109845597952e-16,1.6408886903100078e-10,-1.0859239796679664e-18,1.0
291.39,5.2701849937438965,0.02602084693702741,0.0015837831375752898,9.788442187492032,-9.520765556950703e-05,0.00018988829430714507,-0.00035842616162461453,1.6936194732488387e-16,1.6408893122264397e-10,-1.0796467028580382e-18,1.0
291.4,5.2803497314453125,0.004834679867058256,0.029160865980746315,9.787220996180508,0.00016422099372383038,-0.00024492530346868486,0.00017704319602056845,1.5500433711073916e-16,1.640889934216064e-10,-1.0754625688040414e-18,1.0
291.41,5.290246963500977,-0.018375610610074138,-0.0015880704892515612,9.786931652500764,0.00025055180753451935,0.00016571522548547587,0.00020522021904740423,1.4065105201584218e-16,1.640890556167264e-10,-1.0729867897449143e-18,1.0
291.42,5.300286769866943,-0.007460622059683775,0.023893046281451998,9.829987891789317,0.00012268694012947153,8.603597121754179e-05,-0.0001428170099044685,1.5501168143873711e-16,1.6408911781624565e-10,-1.0743458325267991e-18,1.0
291.43,5.310291051864624,-0.012555461839586604,-0.0011053853961364571,9.814909067648076,6.830664649064522e-05,-0.00022624850391917531,0.0001642996170708034,1.6938788912242028e-16,1.6408918002571838e-10,-1.0733013462974102e-18,1.0
291.44,5.32021689414978,-0.030832782269810927,-0.0051443337854155955,9.802837780547302,0.00014933783266385197,-5.526119120649704e-05,-0.0005506786014680126,1.8374208117583342e-16,1.6408924222432436e-10,-1.063550227039083e-18,1.0
291.45,5.3302037715911865,0.024837560027918915,0.014562601178662524,9.78864572237303,-0.00020209537176175824,4.438554497705425e-05,0.00015096498394996915,1.9810370742196568e-16,1.6408930444740774e-10,-1.0672009108950295e-18,1.0
291.46,5.340399980545044,0.010542390770102567,-0.03206052299239778,9.812917867249894,-0.00013352231646076678,-0.00014716591395060686,-8.659654943406969e-05,2.1245463008973447e-16,1.640893666423378e-10,-1.0682098475040446e-18,1.0
291.47,5.350318908691406,-0.008885684500726725,0.031093063959369737,9.77541788229008,-6.125370520797407e-05,-0.0002747423916188371,9.196561622659479e-06,2.267965805559288e-16,1.6408942884939923e-10,-1.0712274629758879e-18,1.0
291.48,5.360240936279297,0.0005981005468584256,-0.016261984844820863,9.804841912806127,-0.00015999484872186034,-0.00015114665677005512,3.4089893455674006e-05,2.4113911168847707e-16,1.6408949106148787e-10,-1.071333818331779e-18,1.0
291.49,5.3702404499053955,0.010385172629213242,0.006300020833944481,9.76645082350475,-0.00012293357054175713,0.0002841184906417668,-4.661239056497895e-05,2.554765871970835e-16,1.6408955325751127e-10,-1.0764066561895972e-18,1.0
291.5,5.380324125289917,-0.010250632115429278,-0.01369351193419687,9.79698822886293,4.564173634071926e-05,9.998921967207837e-05,0.0003073603736826373,-4.124306263255005e-16,1.640877165134813e-10,-1.0789563223666243e-18,1.0
291.51,5.3901591300964355,0.036777755348089684,-0.01906033635923722,9.812260619725615,-0.0001611239019304992,-1.381028932250649e-05,5.721207333504311e-05,-3.980548073394469e-16,1.6408777875083398e-10,-1.0767057835490507e-18,1.0
291.52,5.400339841842651,0.005302692207938605,0.006665791708189922,9.789896700915193,-6.683426356684912e-05,-0.00031505729608851876,-0.00020859471256761002,-3.8368624063695717e-16,1.6408784096218276e-10,-1.0751713673520989e-18,1.0
291.53,5.410288572311401,-0.04807628658928096,-0.02821738583739735,9.8063357776358,7.774307212925666e-05,-9.207766167064933e-05,0.00019646277097205982,-3.6930801707662885e-16,1.6408790318520577e-10,-1.0699500998187483e-18,1.0
291.54,5.420212030410767,0.012242673651805988,-0.02616666779588639,9.797958327135099,-0.00018176460718109458,5.537178972932007e-05,1.5757388408844758e-05,-3.549422761222981e-16,1.6408796538105526e-10,-1.0689150433908886e-18,1.0
291.55,5.430197238922119,0.005719168593427148,0.025458893582456343,9.812128053543255,-0.00014317593333457979,-0.00016885973924902144,-0.0002314833455714745,-3.405686230619516e-16,1.6408802760243642e-10,-1.0738733006136904e-18,1.0
291.56,5.44035005569458,-0.0019725573717692645,-0.012648130711398463,9.808144452332687,-0.00014794107649220432,-6.163501012354212e-05,-0.0001503080946360405,-3.2620769290627707e-16,1.6408808979104776e-10,-1.0830322166537702e-18,1.0
291.57,5.450281858444214,-0.005021855584104051,0.024319467896099956,9.7758174151252,8.829007941855514e-05,0.0004836970086823004,4.3224520585712096e-05,-3.1185188759974854e-16,1.64088151997342e-10,-1.0866118434226797e-18,1.0
291.58,5.460442781448364,0.005544326118370505,0.004955541832070679,9.795032510110024,-1.4879832722964454e-05,0.00015980414010774153,-0.00011943716626979241,3.775869599317048e-16,1.6409010471716366e-10,-1.0878938466897992e-18,1.0
291.59,5.470624685287476,-0.016298028681235397,0.006783406055762364,9.82526228588419,0.0002047177395846026,-0.00011363946983084486,4.270314360957236e-05,3.7756897710795455e-16,1.640901669306349e-10,-1.0862138613180377e-18,1.0
291.6,5.480275392532349,0.011308835702825305,-0.002762667103112185,9.77377698560291,0.00010867312020902876,4.208187447549281e-05,-5.718443245833396e-05,3.7755224973702585e-16,1.6409022913572046e-10,-1.0901911578177462e-18,1.0
291.61,5.49017333984375,0.005584684582271545,-0.0015925016522090512,9.797457784838073,-6.294969426853773e-05,3.115515261814997e-05,-0.00024178271730903098,-3.118922520797401e-16,1.640884008380096e-10,-1.0890276267417409e-18,1.0
291.62,5.500303030014038,0.00251421972090725,-0.0066785786024914735,9.792170296528981,-0.000149076856556615,-4.024493853650393e-05,-8.457761606159322e-05,-3.2624999205999003e-16,1.640884630495102e-10,-1.0889894590168472e-18,1.0
291.63,5.510486841201782,0.005617465602913855,0.021490854891940452,9.78925320670205,-1.376624076912108e-05,5.348491255788875e-05,3.439402276944291e-05,-3.405898923538341e-16,1.6408852525341484e-10,-1.0934693833571889e-18,1.0
291.64,5.5202765464782715,0.02385458582361797,-0.036301093003877405,9.814014296884777,-0.0001210175227091481,5.444042998737516e-05,-0.0002854594471305491,-3.54918830643575e-16,1.6408858746697413e-10,-1.0954652057643868e-18,1.0
291.65,5.530246734619141,-0.018357774371673814,-0.007385254380836859,9.780227805050444,0.00010804269435262369,-6.623581056529647e-05,2.612239879795164e-05,3.130065356477978e-16,1.6408675077597508e-10,-1.0984182816629233e-18,1.0
291.66,5.540285587310791,0.024808699354596068,0.018435028820161427,9.796299465796645,2.7633890667039212e-06,-0.00018475455319556718,0.00021235527381510629,2.9868825640737563e-16,1.6408681300180839e-10,-1.1000559134589245e-18,1.0
291.67,5.550252914428711,-0.024794275224135215,-0.0007779420616325852,9.81986791361463,5.750434501612862e-05,1.084313855284478e-05,-0.00019217654329084497,2.8435780422147234e-16,1.6408687521645183e-10,-1.0988684295846897e-18,1.0
291.68,5.560222864151001,-0.027038531825382756,0.012412579818365011,9.805621898293344,-3.3249686492998786e-05,-2.5589341412673645e-06,-5.469061761161665e-05,2.7002047300600394e-16,1.6408693742297204e-10,-1.098591998425024e-18,1.0
291.69,5.570349454879761,0.030319946012035297,0.01864892887009462,9.780387842104087,-0.00010853486951264765,-1.1336221782131183e-05,-3.1219919691772322e-06,2.556725615097657e-16,1.6408699963216457e-10,-1.1002490403072007e-18,1.0
291.7,5.580249071121216,0.014454642433845002,-0.014414267289673656,9.806904947135747,0.00014263239544416554,-0.00015401381463753282,-0.00025872941555253587,2.41326342753777e-16,1.6408706185123027e-10,-1.111124211529165e-18,1.0
291.71,5.590214490890503,-0.012279124544956934,0.0020598593396933497,9.787538856771473,0.00012272680248419021,2.2692506996243408e-05,2.2253180923024323e-05,2.269596432668375e-16,1.6408712405771923e-10,-1.1096885083839569e-18,1.0
291.72,5.60026478767395,0.03347083837784352,0.004568921533801553,9.807582751032854,-0.00034358762046766907,2.1737176992723072e-05,-0.0005074693610348795,2.126020683321922e-16,1.6408718626607217e-10,-1.1129200818731812e-18,1.0
291.73,5.610537052154541,0.005146210031519378,-0.008264647415238609,9.82754880173077,-0.00011743991360646052,0.0004383123395300761,8.24122480613988e-06,1.9825149073378017e-16,1.6408724847744572e-10,-1.1182441389246233e-18,1.0
291.74,5.6201958656311035,-0.007014776512818795,0.022604559495916592,9.797875378875405,-3.3244054136922486e-05,0.0004126745241294089,7.4327098006972495e-06,1.9107570560434124e-16,1.6409110018888066e-10,-1.1216379547617728e-18,1.0
291.75,5.630224943161011,0.026316298523238538,-0.002341730347619614,9.777074148262255,0.00018070501228077617,0.00024335790062860724,7.514291171226914e-05,1.9109420748037962e-16,1.640911623984483e-10,-1.1276060501958382e-18,1.0
291.76,5.640369892120361,0.001403206015745978,-0.0006561605452344707,9.759700601545152,0.00020624831776300064,0.0001123117609467925,-0.00015483056270880572,-4.839892812635734e-16,1.640893339848918e-10,-1.1358152073048194e-18,1.0
291.77,5.650231838226318,0.015534217256063985,0.020831348909450157,9.8045269575004,-0.00012963071118491003,-0.00013733208270916137,0.00036720323060897135,-4.69642964045458e-16,1.6408939619476693e-10,-1.142756261642914e-18,1.0
291.78,5.660206079483032,0.030145013386309198,-0.013606787632607205,9.829119031868577,6.158304963464571e-05,2.7116496207433967e-05,2.9040967846259743e-05,-4.55285927400615e-16,1.6408945840365112e-10,-1.147089849669345e-18,1.0
291.79,5.670268774032593,0.009388842606171401,-0.01776281089145051,9.79686039426845,-0.00020920740313054117,0.00017325712624193134,-2.3571214663310116e-05,-4.4093942188118174e-16,1.6408952061536686e-10,-1.1495682679623755e-18,1.0
291.8,5.680247783660889,-0.01526748151649454,-0.008154690480184643,9.782331665796962,-9.545943707662231e-05,-6.213012877384226e-05,0.0001289527052915439,-4.265998415308885e-16,1.6408958282033228e-10,-1.154911103177343e-18,1.0
291.81,5.690191030502319,-0.004970753175784747,0.025701401181015677,9.78331650237543,-6.898133126065737e-05,0.0004916786312257378,0.0003464542467002578,-4.1224413353592984e-16,1.6408964501838357e-10,-1.1570894789336755e-18,1.0
291.82,5.700246810913086,0.011816422238731571,-0.024112105451145543,9.82761103782144,0.00012740343352822715,0.0005290933414781007,0.00013220387741889485,-3.9785067533914434e-16,1.6408970719811008e-10,-1.155651611379876e-18,1.0
291.83,5.710439682006836,0.009800445945995216,-0.02126210516675108,9.815052796932937,0.0003071601720583077,-0.0002761837282160404,-0.00027424825610539107,-3.8349335225694025e-16,1.6408976940458256e-10,-1.1561875588864174e-18,1.0
291.84,5.720193147659302,0.01456130313487969,-0.017661877359381198,9.79749752902237,-0.00045541299157696017,-6.011864597607339e-05,1.2405956659380342e-05,-3.691061998234997e-16,1.6408983160639252e-10,-1.1488918828582628e-18,1.0
291.85,5.730211496353149,0.004300912210836841,0.0010380016689393494,9.821349836789368,-0.000411373520970136,0.00018157346373988179,0.00011392556443076882,-3.5474389159553765e-16,1.640898938269241e-10,-1.1526410918378842e-18,1.0
291.86,5.740403890609741,0.019276570825429655,-0.013062519049562571,9.780566127338561,-0.0005095087420177468,-2.741153178363748e-05,-0.00023062776723732807,-3.4035793111033173e-16,1.6408995605069092e-10,-1.1544990274640297e-18,1.0
291.87,5.750211238861084,-0.015208359320655129,-0.004237610901122667,9.795813920242178,3.650091980645376e-05,-9.6065836703786e-05,-0.00011338772457105083,-3.2599188389228916e-16,1.6409001826129596e-10,-1.160221279034404e-18,1.0
291.88,5.760218143463135,-0.015331902445086507,-0.0427675491234605,9.831965567679454,-0.0005615279713293658,0.00017723710435325744,5.0931529911066855e-06,-3.116531368334276e-16,1.6409008046960077e-10,-1.1591085163374688e-18,1.0
291.89,5.770826816558838,0.0006466052345518315,0.00808370772026759,9.806026060731053,-4.9636338393518675e-05,0.0001518502981449817,-5.080082942705279e-06,-2.9731724401033536e-16,1.6409014269584735e-10,-1.1557734684299479e-18,1.0
291.9,5.780255317687988,0.00779700038353676,0.024948481045937252,9.796072607016267,0.00027010320280982297,-3.5591792254537716e-05,-7.207917116640391e-05,-2.8297061810193216e-16,1.640902049095736e-10,-1.1597176041043443e-18,1.0
291.91,5.790189027786255,0.013219015876822289,-0.019388404404784426,9.800822886667167,-0.00019415522214256278,-0.00011402762141873411,0.00011221342256464479,-2.686258260650811e-16,1.640902671212945e-10,-1.1720508953123365e-18,1.0
291.92,5.800574064254761,-0.027183282666207162,0.024902796474400277,9.816901458457751,-0.0001097741141126821,-0.00027805281580717126,-6.598420995137993e-05,4.13641814853961e-16,1.6408843046998896e-10,-1.176955632783851e-18,1.0
291.93,5.810304880142212,-0.00864453719349851,-0.013889447832138128,9.808500529195031,-0.00029930592990745907,-0.00015738346219603682,-0.00016831765636242315,4.1363144616369957e-16,1.6408849268773498e-10,-1.1863544511298562e-18,1.0
291.94,5.820205211639404,-0.015494906286101133,0.005735371670894415,9.796200349881376,-0.0001724044061944416,-4.477472484585766e-05,0.00017155285167070502,4.1363130234923516e-16,1.640885549062317e-10,-1.19604219723854e-18,1.0
291.95,5.830221652984619,-0.018420921293707863,-0.010848702367471166,9.794305404511,0.00029950183483332094,1.065032660444119e-06,-0.00013421973665156848,4.136207567077868e-16,1.64088617116894e-10,-1.2096856953474694e-18,1.0
291.96,5.840245962142944,-0.010509253226180224,0.002749190030396087,9.814476893756408,0.0001331246007291376,0.00012670770566744447,2.5182813582334095e-05,4.136129814293557e-16,1.6408867931175209e-10,-1.2214294421580631e-18,1.0
291.97,5.85032844543457,0.0009543071972251671,0.0120690115794395,9.81116508251099,8.308492003989096e-05,0.00013050744677147531,0.00021624565369110317,3.9925117820103772e-16,1.640887414637295e-10,-1.238022468238461e-18,1.0
291.98,5.860439777374268,0.013354171832966428,0.003313613521645561,9.777945945545145,-0.00014142770954453872,8.026260492729414e-05,-0.00012095446504075221,-2.686669380133775e-16,1.6408690482993814e-10,-1.2496532897391775e-18,1.0
291.99,5.870577812194824,0.010952997604509842,-0.0005105433627698732,9.819602420689064,9.89924981660403e-06,-2.2276860756853426e-05,-0.00021862071839037086,-2.6868466019359693e-16,1.6408696705571422e-10,-1.2588016737514693e-18,1.0
292.0,5.880349159240723,0.014054770178101387,0.007795217974479971,9.785786799984244,0.0002951947667121912,4.891769824696197e-05,0.000485187567266074,-9.509618709249181e-16,1.6408892813289492e-10,-1.2651825837758954e-18,1.0
292.01,5.890205383300781,0.017288776883411877,0.014265734295686209,9.808259988503398,0.00019350479361128083,0.0003893789056310658,-0.0001018331194530822,-9.509733200762132e-16,1.640889903276537e-10,-1.272945407076724e-18,1.0
292.02,5.9005372524261475,0.0171223237887166,0.025490678778554487,9.795551799731124,-0.0005386867790322172,-2.1423828932471917e-05,-3.185275230161575e-05,-9.366240901783842e-16,1.6408905252963803e-10,-1.2811001865173611e-18,1.0
292.03,5.910283088684082,0.01804851309775595,0.018128673955875203,9.820183472044892,-0.00020864997099462847,0.00019672882082392504,0.0003449194577584881,-9.222602451876894e-16,1.640891147320309e-10,-1.2798765170974981e-18,1.0
292.04,5.920192241668701,0.019449861887319782,-0.033637843189597984,9.79712395706297,5.0603724817453585e-05,0.0002006984365979693,-0.0002596083110553606,-9.078929661598173e-16,1.6408917696280643e-10,-1.2764630163414596e-18,1.0
292.05,5.930220365524292,0.008749956221259533,-0.01109930881416964,9.794952328930622,1.6022553753798146e-05,-2.852581655583225e-05,0.00010387404591765145,-8.935299123127396e-16,1.6408923917364393e-10,-1.279788294292311e-18,1.0
292.06,5.9402782917022705,-0.019754272093707035,-0.011758117671674473,9.82381585059726,-0.00023774228340783267,-8.1415561441635e-05,0.0002919579665097803,-2.0406133475972686e-16,1.640874108038263e-10,-1.2844665667949174e-18,1.0
292.07,5.950279474258423,0.0031902506542861955,0.007528880685733021,9.78132766059583,3.353142924161538e-05,-0.00020583141721693883,3.7197468843215265e-05,-2.040567805115232e-16,1.6408747301456924e-10,-1.2891105492885446e-18,1.0
292.08,5.960274696350098,-0.013168756014636981,0.0016554751356481633,9.776925114853789,0.0003151536740527534,-3.4784104087037415e-05,-0.00020987139610764645,-2.1841196665671514e-16,1.6408753521796646e-10,-1.2908019274183725e-18,1.0
292.09,5.970287084579468,-0.01703969990109069,-0.02336206664091081,9.7919781195881,-1.9949975095775894e-05,-0.00010872968865719992,0.00015621514066311253,-2.3274375819535044e-16,1.6408759743699706e-10,-1.2964019310375317e-18,1.0
292.1,5.980267524719238,0.011231185755051573,0.002295404350553055,9.806351847589694,-0.00018195258512560355,-0.00019053908336910777,-0.00024525836809919873,-2.470865877277393e-16,1.6408765966193091e-10,-1.2902813017644435e-18,1.0
292.11,5.9901509284973145,-0.010552390456282326,0.006061754468079689,9.813705688499837,-4.004049515695122e-05,0.0001882387268922172,-8.49451373879454e-05,4.279911499716849e-16,1.6408961245296424e-10,-1.2924617078243891e-18,1.0
292.12,6.0004777908325195,-0.018713566740777215,-0.013653739450435222,9.785353096761252,-0.00011796517033893447,-8.957715819393357e-05,0.00019438083574698853,4.136462383108451e-16,1.6408967466272925e-10,-1.297431595733179e-18,1.0
292.13,6.0103466510772705,-0.01691810799752292,0.019344469911683725,9.774252878480544,-0.0001514230826053215,3.2203101446675235e-05,9.802013169604862e-06,3.9929012891660595e-16,1.6408973687073087e-10,-1.309224520301717e-18,1.0
292.14,6.0201451778411865,-0.01246056958077522,0.010336434740584339,9.792737808734156,-0.0002041227681003513,-4.9348792435981874e-05,7.844569195762003e-05,3.8492511495856263e-16,1.6408979909584815e-10,-1.3204741546037879e-18,1.0
292.15,6.03030800819397,0.007642084101133803,-0.014496489847086876,9.836151466838855,-4.973438705379097e-05,0.0001251596437869977,1.1210156574442369e-05,3.705540973996412e-16,1.6408986130818572e-10,-1.320025276686117e-18,1.0
292.16,6.040363550186157,-0.00724147679265265,-0.00708170630709917,9.789053224024117,-5.480360570084875e-05,-0.0005744194186429805,-0.00020763663609662237,3.5618891387818326e-16,1.6408992351021647e-10,-1.3254779844282738e-18,1.0
292.17,6.050232648849487,0.0007731527385700193,-0.01814087751040557,9.78853439682679,7.093740207936068e-05,0.0001743427862806421,0.00011613986759266128,3.4181512443477297e-16,1.6408998567222405e-10,-1.3304483979772698e-18,1.0
292.18,6.060272693634033,-0.0134184776542838,-0.007417863167568045,9.833038799040603,-7.920456604673516e-05,-0.00016290838086260187,0.00020275139074443183,3.274640932184438e-16,1.6409004787032998e-10,-1.3335529915643448e-18,1.0
292.19,6.0702784061431885,0.001526252014470295,0.019150880641005622,9.79277490126368,-3.0978225705480444e-06,0.00037921692951044847,-0.00010996716582207654,3.1310637541623924e-16,1.64090110080919e-10,-1.3332639149053512e-18,1.0
292.2,6.080246925354004,-0.051818876852390054,-0.0013534447002162828,9.781664070670423,-0.0002916917909423995,0.00013514989126167586,0.00016391952289865615,2.9877485539061605e-16,1.640901722866126e-10,-1.330444256186654e-18,1.0
292.21,6.09018874168396,0.006028698125235784,-0.019233919379522898,9.802265822985769,-0.0005317504265550424,0.0003349446779415729,-3.9837172956916365e-05,2.8444604441165377e-16,1.640902345025615e-10,-1.3262332974949486e-18,1.0
292.22,6.100388765335083,-0.01138934503342247,-0.03089656387517021,9.82330414544545,-4.235076229117273e-05,1.8875527283643077e-05,-1.6283470376160917e-05,2.701157647876809e-16,1.6409029672005557e-10,-1.319596615839594e-18,1.0
292.23,6.1103456020355225,0.0188167850210749,-0.006243501700604326,9.787069715520458,-0.00019433693142241945,-0.00011866848457412198,8.056526723314898e-05,2.557842000645765e-16,1.6409035894677052e-10,-1.3205148165864601e-18,1.0
292.24,6.120186805725098,0.040542513218899526,-0.0024583834667339433,9.806280684517429,0.00015558615209740914,0.0004679717608580258,-0.00011922798943784973,-4.3366182869327986e-16,1.6408853056610128e-10,-1.3297355863776471e-18,1.0
292.25,6.130414009094238,-0.01084515476710441,0.008242724763540238,9.780026870571222,-0.00021475990130292793,-0.00010760258890766317,0.00013374284928764142,2.2707159794281027e-16,1.6409048335118842e-10,-1.3312653019947754e-18,1.0
292.26,6.140258073806763,0.003590906297815379,-0.001880303149170308,9.806928747193718,0.00011541920891616443,-4.541357554106645e-06,9.87387044988248e-05,-4.552038744013131e-16,1.6408864661147787e-10,-1.3311966607110759e-18,1.0
292.27,6.150214910507202,0.014457529808677207,0.02476573747968578,9.803192256049739,0.00020019502614116908,-3.076390539490374e-06,-0.0002842316317173877,-4.408581666103163e-16,1.6408870882588326e-10,-1.3308943368391916e-18,1.0
292.28,6.160187005996704,0.029953726119390397,-0.00138696673161762,9.815945904255448,6.50426892656399e-05,-0.00010337921266636847,0.0003260839015771517,-4.265165122619042e-16,1.6408877103976435e-10,-1.335142867985436e-18,1.0
292.29,6.170369863510132,-0.005886608887391188,0.027932083721922497,9.791965983048344,-0.0004297027066127131,0.0002128965131027804,6.65376810553466e-05,-4.1214211540682296e-16,1.6408883325004193e-10,-1.3400821053723038e-18,1.0
292.3,6.180235147476196,-0.01050793164472553,0.018030772874911432,9.820067892266918,-2.1337702239662097e-05,3.9983032295648856e-07,-0.0001705145969414965,-3.977612447004016e-16,1.6408889544101252e-10,-1.3326013937784306e-18,1.0
292.31,6.19031023979187,0.0008852744651902916,0.01934062042346908,9.816839042914621,0.00010213289280973713,-1.8856055441458682e-05,-0.0002980019678657907,-3.8338721550960825e-16,1.6408895764340102e-10,-1.3322136131635803e-18,1.0
292.32,6.200307607650757,-0.013120672539473558,-0.011719722833271488,9.816518317428827,-0.00033987696780705083,0.00018511004873762504,-4.653451660287774e-05,-3.6900048841344264e-16,1.6408901984976984e-10,-1.3332116603624377e-18,1.0
292.33,6.21025824546814,0.014396788848260806,-0.005045252958416236,9.782934005245133,-0.0003297629164429993,0.0001576638505901539,3.1254573119705234e-05,3.2047140875843135e-16,1.6408719150592578e-10,-1.3301095515020524e-18,1.0
292.34,6.220182418823242,-0.014811613618233278,-0.014109523802306961,9.815323730347428,0.00016745168256987415,-0.00036876443717496793,0.00024335939009798702,3.3484649403560655e-16,1.6408725372200952e-10,-1.3303849906201207e-18,1.0
292.35,6.230429410934448,-0.0058304528258711534,-0.0033831255043595835,9.804159209114948,-2.6622034774794166e-05,-7.740812552593588e-06,0.00048515519778215803,3.4920909302401045e-16,1.6408731593000723e-10,-1.337602142067872e-18,1.0
292.36,6.240359783172607,-0.009294906650721566,0.04345749351176673,9.803664444808085,-5.5179170861443986e-05,1.5473004359934132e-05,-2.9060551004489854e-05,3.63540990110181e-16,1.640873781357377e-10,-1.3462212166500315e-18,1.0
292.37,6.250404119491577,-0.030449521896552974,-0.02038313969036693,9.80071616482001,-0.00015372001502137657,-0.0006129150663831377,-0.0003221444883969512,3.778792429291439e-16,1.6408744035812926e-10,-1.348635265160582e-18,1.0
292.38,6.2605016231536865,0.0013228615532141664,0.014176425427762027,9.793078349360355,-8.596427579964342e-05,-0.00025381374067120056,1.4824134535107715e-05,3.922274338149658e-16,1.6408750258294948e-10,-1.3492196688849519e-18,1.0
292.39,6.270614147186279,0.010722705186484155,0.02003836422804655,9.824068685287362,0.00017176000511616836,-4.842328078467631e-05,-0.00034967814554445845,4.0656692165242583e-16,1.6408756480623099e-10,-1.36131535434708e-18,1.0
292.4,6.280247926712036,-0.013419704051371842,0.01423904399445596,9.79828323966846,-0.00022251476264919178,0.00016959255083754212,-6.215475127496379e-05,4.209197285210047e-16,1.6408762702502046e-10,-1.368731459879463e-18,1.0
292.41,6.290226459503174,-0.015777711487833312,-0.0024246608890934056,9.82218945548225,-2.6057436965385355e-05,0.00026415327725701947,0.00022159879504945226,4.352835442900961e-16,1.6408768925233044e-10,-1.3699754178129956e-18,1.0
292.42,6.300281763076782,-0.01372996034395284,0.01863123554780088,9.829974364813527,-5.043696854863431e-05,4.231260469874863e-05,-0.0004041817197136302,-2.3260631290583523e-16,1.6408585257744264e-10,-1.369084945367593e-18,1.0
292.43,6.310356140136719,-0.014510375693026632,-0.01533491365195687,9.774243697746112,-0.000332714695772952,-0.00012244615778031327,-0.00029685427576597157,-2.469412248810514e-16,1.640859147752467e-10,-1.364226545641398e-18,1.0
292.44,6.320171356201172,0.016178469072082508,0.019824499443839835,9.814523439752104,8.378487796704607e-06,-5.2491153042129055e-05,-0.0003428061856971099,-2.613002000253217e-16,1.6408597696708762e-10,-1.3665489552628104e-18,1.0
292.45,6.330304861068726,-0.017598193090586026,0.012277764602742294,9.817687920624133,0.00010672048355863828,-0.00025405503723541315,-0.00012995510421272359,-2.756541353681362e-16,1.6408603916689705e-10,-1.3745515075567247e-18,1.0
292.46,6.340249538421631,0.014363844071201368,0.02435810211766621,9.799369343400922,7.273068977966588e-05,-5.263266735696115e-05,8.702175158996932e-05,-2.9000970311569165e-16,1.6408610136280466e-10,-1.38068340483131e-18,1.0
292.47,6.3502724170684814,-0.01201547498694099,0.008389517742992356,9.795499836768547,-5.789979135799218e-05,0.0003007012940104429,1.6665216096877345e-05,-3.043774072536343e-16,1.6408616357815935e-10,-1.380113393429854e-18,1.0
292.48,6.360273838043213,0.01715863861400214,0.008970889541576118,9.7907547875948,6.235417393289816e-05,-3.948411718640329e-05,0.00025727532059772177,3.6352917098272664e-16,1.6408812465197518e-10,-1.3810691947580092e-18,1.0
292.49,6.370517730712891,-0.029744841628751295,-0.00046874740225205506,9.793121902492597,-0.00024774834274553996,-0.00036319258200090724,-9.655611845829814e-05,3.4915528891062066e-16,1.6408818685696317e-10,-1.3857203611002852e-18,1.0
292.5,6.3802149295806885,0.005726094603100013,0.014795180444582319,9.792392914721908,-9.452899793395216e-05,0.00017853568944342204,-0.0006256580422950576,3.347989708427279e-16,1.6408824906845379e-10,-1.3919960000243155e-18,1.0
292.51,6.390136957168579,-0.007675774647213531,0.03180416390833896,9.84653386993566,5.466458636436246e-05,0.00018623604816672424,-0.00024255926756171431,3.2043335680468355e-16,1.6408831128798095e-10,-1.3912413353104403e-18,1.0
292.52,6.400421619415283,0.010989642982041204,-0.011851230647762362,9.793293276698522,0.00010944967208225491,-0.00036446764199536165,-0.0003281850683075289,3.061055045865243e-16,1.6408837351024203e-10,-1.3870875488955359e-18,1.0
292.53,6.410269498825073,0.00329593887325738,0.026703026157563505,9.80726445226229,-2.5277808078588143e-05,-0.00038852973357568005,0.0001656744825127179,2.9177161596686837e-16,1.6408843573298581e-10,-1.3832920565733332e-18,1.0
292.54,6.420165300369263,0.025185965569992322,-0.02156378840439485,9.819716770776513,0.00031134749573336794,-0.0001293176312346109,-0.00019392535198154288,2.7743211444294845e-16,1.640884979400191e-10,-1.3807437201675793e-18,1.0
292.55,6.4303083419799805,-0.0026848735219169003,-0.003296680447950369,9.809041349010135,6.998192814660222e-05,-1.0220686191470905e-05,-0.0001380123324241604,2.630944099724268e-16,1.6408856014572265e-10,-1.3785660062931074e-18,1.0
292.56,6.440267562866211,0.01869758619871171,0.003042381610852104,9.818565115741114,3.087485315956811e-05,-0.00011226846049041827,0.0001037753505627005,2.4875642207602486e-16,1.6408862235899136e-10,-1.3873890503478049e-18,1.0
292.57,6.450239658355713,-0.0021012497986503953,-0.009909433761565086,9.77421408794258,-1.1109647867855995e-05,-0.00016156770673463245,-0.00019646822835462003,2.3440484986773424e-16,1.6408868456535842e-10,-1.3893103760122003e-18,1.0
292.58,6.460354804992676,0.0004996064239223206,-0.02664792673131701,9.812573278982228,-0.00010307125747568025,-0.0001656460901636834,4.501785379292808e-05,2.2005094049500568e-16,1.6408874677693183e-10,-1.3914699002037767e-18,1.0
292.59,6.47027587890625,0.015674226595065288,-0.003202397570740759,9.790461617898936,0.000154588053673829,-1.9514478976256843e-05,0.0001671075503753971,2.2003771651357267e-16,1.640888089817229e-10,-1.3987906412941188e-18,1.0
292.6,6.480199813842773,-0.016214156495555635,-0.00576447383850608,9.808044233034446,-0.00015074512786226524,0.0005486815832269407,0.00016519139605090878,2.2002929816728916e-16,1.6408887119951617e-10,-1.4055605670598498e-18,1.0
292.61,6.490243673324585,0.005349156240655724,0.002289520716753558,9.79957184629461,-0.0002858644932033558,-0.000170695244122625,-4.885904495355095e-05,2.2001251360085753e-16,1.640889334000238e-10,-1.4100291121047034e-18,1.0
292.62,6.500375747680664,0.011110931999250825,0.0004704523072420727,9.772230623397782,0.0001564519974676934,0.00011564765494586123,-0.00046716305047758006,2.2001821287738305e-16,1.640889956088577e-10,-1.4156823740999344e-18,1.0
292.63,6.510297775268555,0.013506265880700422,0.019792979594440843,9.78951237960017,-0.00017126366590829634,0.0002651751821861072,0.00019168580948493216,2.2000481180489866e-16,1.6408905780499513e-10,-1.4219246677427393e-18,1.0
292.64,6.520219326019287,0.009811966459631467,0.012777575472702049,9.79031822901389,-0.00015494995755351904,-7.086971448025785e-05,1.4820049669789197e-05,2.1998843267009681e-16,1.640891200164094e-10,-1.425408460106205e-18,1.0
292.65,6.530316352844238,-0.016346208656609126,-0.012562006422201706,9.805382094828232,-9.86878396071064e-05,0.0005070728274367465,3.3006100430482326e-05,2.34344425445925e-16,1.6408918221321863e-10,-1.4296890758492842e-18,1.0
292.66,6.540284156799316,-0.006904254901256088,-0.002101675427652675,9.79507333619301,-8.637397600330643e-05,-0.00015798205298173115,3.7204652052342644e-06,2.3432618842263894e-16,1.6408924440662472e-10,-1.4275967625064142e-18,1.0
292.67,6.550260066986084,-0.024151803849570476,0.026413266111314282,9.784719371017898,-0.00018987721076883852,5.092808981496285e-05,-1.5731982170627284e-05,2.3431741756895675e-16,1.6408930661339082e-10,-1.4289281835114062e-18,1.0
292.68,6.560606479644775,-0.021713821127661532,-0.012081717348746872,9.792221011322818,-0.00037535161475048723,-0.00017826483708759783,7.023873087747799e-05,2.343252572496463e-16,1.6408936883082108e-10,-1.4295502987048269e-18,1.0
292.69,6.570295572280884,-0.006969774391717781,-0.005391788572768518,9.794647253162234,3.182078933470874e-05,2.9726790813904805e-05,0.00042564927458909046,-4.479501161359297e-16,1.6408753213546915e-10,-1.428312622414773e-18,1.0
292.7,6.580223560333252,0.0077307698821182476,0.011442599824198482,9.79811025491247,-9.395530046674727e-05,0.00010820369791781293,0.0002786870310131796,-4.623147885700273e-16,1.640875943488363e-10,-1.424188933838934e-18,1.0
292.71,6.590146541595459,0.011230926646646525,0.01940879785685183,9.792930648541457,-6.044696502164406e-05,9.402649355881087e-05,4.701863456640322e-05,-4.766679388507685e-16,1.640876565540546e-10,-1.426738763587001e-18,1.0
292.72,6.60045599937439,-0.014638001583289744,0.004246538299145039,9.829883945798896,-5.362360200647392e-05,0.0002063420512524914,0.00025559594667341507,-4.910129682760425e-16,1.6408771877332936e-10,-1.4329339064084786e-18,1.0
292.73,6.610414266586304,0.040660982155225935,0.003661738923041349,9.788818484844208,4.3202632974022024e-05,-0.00011454828950085802,0.00012337313234812717,-5.053466188255754e-16,1.6408778096547604e-10,-1.434337561929249e-18,1.0
292.74,6.620249032974243,0.0022537644361355896,0.04100935192960266,9.801698806176182,-0.00028323541534025704,9.060641044424887e-05,2.197813273292176e-05,-5.19694314887503e-16,1.640878431613342e-10,-1.4288570565869267e-18,1.0
292.75,6.630347013473511,-0.011558636115380442,0.01311928198825526,9.787393111607809,0.0002375403954482236,0.00020642681624578123,0.00016949589598514266,-5.340585041794912e-16,1.6408790535946705e-10,-1.4274799315131499e-18,1.0
292.76,6.640237331390381,0.017910110064397234,0.03751898070004447,9.810740884857085,0.00016724600271147202,-6.240039611762099e-05,0.000256450621196277,1.4822354782850278e-16,1.6408606865488466e-10,-1.4262429841902373e-18,1.0
292.77,6.650383949279785,-0.011713776662176746,-0.00778766886660949,9.818826194819934,0.00027074133664116244,-8.872557472642226e-05,-0.00027688402766023345,1.626023751772762e-16,1.6408613087344514e-10,-1.4290478834639425e-18,1.0
292.78,6.66032338142395,0.012985154528787636,0.0013553295919035019,9.821630655206254,-0.00015987867495757008,-6.607490571006705e-05,0.0001353299848435681,1.769645239554265e-16,1.6408619308674937e-10,-1.4272932165454773e-18,1.0
292.79,6.670439004898071,-0.013866663985163152,0.005186885075248728,9.81738231030319,0.0005238033752392791,3.546425280167553e-05,8.763038187623438e-05,1.913246413075596e-16,1.6408625529465692e-10,-1.4321540239014802e-18,1.0
292.8,6.680279731750488,-0.017085856019220514,0.009467981597940605,9.824730282592034,1.2494587368336243e-05,-0.00022018901857646518,3.5656430538620684e-05,2.0567988984264958e-16,1.640863174816697e-10,-1.4369266900411224e-18,1.0
292.81,6.690245866775513,0.04140247291441884,-0.013511546151680105,9.77450598080481,0.00017436747650720127,-0.00013610087622353758,6.973087537219286e-05,2.2001660981934633e-16,1.6408637967752356e-10,-1.4440399665373223e-18,1.0
292.82,6.700526714324951,0.0010518999496863678,-0.02587763358895749,9.803754698585436,-0.00016981755382260662,-0.0003947600310584803,0.0002688750516688979,2.3434874611073694e-16,1.640864418781813e-10,-1.4430186007123886e-18,1.0
292.83,6.71036434173584,-0.0052525560724728994,-0.022845791265569848,9.797594623285367,-5.7772833386914554e-05,-0.00011541794200688558,0.00012925253848713376,2.4868925443303713e-16,1.6408650408550858e-10,-1.4480703848286172e-18,1.0
292.84,6.7203474044799805,0.015180283424584854,-0.0012285335133373292,9.770513818444703,0.00023399422549258772,0.0001903214683924291,0.00017264992945269624,2.630438480330514e-16,1.640865662811533e-10,-1.4528881194963584e-18,1.0
292.85,6.730433464050293,-0.0022847212048604094,-0.010970443570292544,9.819510507993229,-0.000219418866379564,2.992378463028448e-05,-0.00021578959273941154,-4.0485982836129734e-16,1.6408852735717008e-10,-1.4502052690402352e-18,1.0
292.86,6.740213632583618,0.0018009591016677844,-0.015990767031816375,9.804346716320463,-0.00024399470942639839,-0.00014898409455120907,5.2446924695441365e-05,-3.9049266513511913e-16,1.6408858955925545e-10,-1.4464362358773297e-18,1.0
292.87,6.7504589557647705,-0.011225268502557575,-0.035190676656826736,9.797552212299324,-5.4838386136063844e-05,6.564202862473878e-06,-9.101575884705326e-05,-3.7612716275027103e-16,1.6408865177155835e-10,-1.4418935137857325e-18,1.0
292.88,6.760644912719727,0.004893635656166008,0.009763053098955735,9.818990996557927,0.0003026396761708005,0.0005423055911077721,0.00024881797688748575,-3.6174139401783147e-16,1.6408871399140685e-10,-1.4370409533155677e-18,1.0
292.89,6.770243167877197,-0.015566311795354185,0.027213094250127277,9.807626857648032,9.729483768632137e-05,2.9614828039829688e-05,-4.623053613860469e-05,-3.473745929803323e-16,1.640887762017751e-10,-1.4399608727308157e-18,1.0
292.9,6.780194044113159,-0.0053486278973278656,-0.012506479990007093,9.803520069837035,0.00024235579474852242,-4.37229336445679e-05,0.0002193598169938431,-3.330174492543131e-16,1.6408883838792872e-10,-1.4470160331461797e-18,1.0
292.91,6.790335655212402,-0.015587750909065824,0.03298429051171373,9.768217637253308,0.0003563162445401078,6.010040871040047e-05,0.00016375856011371638,-3.186665689401868e-16,1.6408890058692713e-10,-1.4544104897185039e-18,1.0
292.92,6.800283908843994,0.017496842516821078,-0.01213411006253451,9.81508958516271,-0.000425782136181922,-4.7512086495132286e-05,2.9397581592073532e-05,-3.0432297538125336e-16,1.6408896279601731e-10,-1.455010033142585e-18,1.0
292.93,6.810196161270142,0.006908139383871596,0.015010261951821926,9.795947705056875,-0.00022977594122738262,-0.00018434020864863509,4.704630357483151e-05,-3.043399171388466e-16,1.640890250046036e-10,-1.454366206513781e-18,1.0
292.94,6.820115327835083,-0.011572413193884697,-0.015400840783250467,9.803183814765895,-5.750148020002349e-05,0.00029218001028636807,0.00015099576704669755,-3.0435112394694524e-16,1.6408908721482133e-10,-1.4534407869771193e-18,1.0
292.95,6.8303916454315186,0.019375372252556408,-0.0059919414044651625,9.791014272661796,-0.0003015300809007912,-0.00016606384618447488,0.0002076936700610787,-3.0435762578324847e-16,1.6408914942216503e-10,-1.4508162076641132e-18,1.0
292.96,6.840271711349487,-0.004409281567216959,0.022147898557992127,9.832681993302629,6.070779543478393e-05,-0.00020512797307258168,0.0002983509089371766,-3.1871531913294447e-16,1.6408921163024e-10,-1.4511761629534374e-18,1.0
292.97,6.850310802459717,-0.014793081525593853,0.03887916586405531,9.785451090387125,-3.231050435516448e-05,0.00016891540612278027,6.192726887847313e-05,-3.330567479486181e-16,1.6408927384413754e-10,-1.4591647494072297e-18,1.0
292.98,6.860449314117432,0.005295882343392644,-0.009364386558125161,9.796343804204128,0.0002867303895797396,-0.0001987821025118624,0.00021858770114464377,-3.473970439340571e-16,1.6408933604453768e-10,-1.4608759768483056e-18,1.0
292.99,6.870236396789551,-0.006149148397083775,-0.00903989266153549,9.829315924127132,-6.863539317847789e-05,0.0003204284931698312,-0.00017791306037956493,3.2053643154207465e-16,1.640874993043206e-10,-1.4634117301306348e-18,1.0
293.0,6.8802080154418945,-0.0011818915228441126,0.017509427300997613,9.810128568714543,-0.00016023813036356165,0.00038301292043354184,0.00024335866432244482,3.061946545022184e-16,1.6408756152740956e-10,-1.4614983968220448e-18,1.0
293.01,6.890260457992554,0.014660266242055638,0.02017679992924657,9.802080706452678,-0.00017258218217854515,0.0002532421024168642,0.00012786056504574108,2.9186246774608203e-16,1.6408762375238981e-10,-1.4572882767194233e-18,1.0
293.02,6.9004082679748535,0.02439978977308237,0.01482384182130125,9.785367036974415,-0.00016339241205341046,-0.00011576750483087927,-0.00046778272453167785,2.7752664622922807e-16,1.6408768597523852e-10,-1.452512307977216e-18,1.0
293.03,6.9102513790130615,-0.019896591925999994,0.023107655142977444,9.818091772625412,-3.923024927263546e-05,6.23169845631514e-05,0.0004819895967020395,2.6318726930476805e-16,1.6408774818140352e-10,-1.4520864758641104e-18,1.0
293.04,6.920169353485107,-0.0005379251365959471,0.0006370965331285143,9.80964472033371,-7.026568521762405e-05,4.907033948448218e-06,0.00012707384660189748,2.4882329833404623e-16,1.6408781039186546e-10,-1.4600606029469036e-18,1.0
293.05,6.930309534072876,-0.008676269909587427,0.007699674253466985,9.830016870200774,0.00018886004463933938,0.00011958842278716125,-3.254076865495718e-05,2.344663378133049e-16,1.6408787260671274e-10,-1.4623503870562016e-18,1.0
293.06,6.940281867980957,-0.004701425560409477,-0.011010548276471629,9.806639262294121,-4.429737162496155e-05,-6.311704678105361e-05,-0.0001012872934794263,2.2010793480160722e-16,1.6408793481123974e-10,-1.4633999399206514e-18,1.0
293.07,6.95018458366394,-0.024774329391283944,0.0016631941012969326,9.78541999758412,-0.00011251464796803219,8.72982671526916e-06,-8.57874824122589e-05,2.0576234670711789e-16,1.6408799701545843e-10,-1.4685749983327975e-18,1.0
293.08,6.960444927215576,0.022401621143773115,0.003634717074698911,9.778842917285038,0.00011299016709067,-7.865235486277699e-05,-0.00027421113175937366,1.914043260111712e-16,1.6408805922649107e-10,-1.4677523511438453e-18,1.0
293.09,6.9702818393707275,-0.01257417143919486,0.0009072213023906299,9.77304878778155,-2.872071384207804e-05,-7.405068492078293e-05,-0.00011535798574247374,1.9141165453707215e-16,1.640881214792976e-10,-1.4727091629698397e-18,1.0
293.1,6.980310916900635,0.012654075002391279,0.0029851752489559414,9.79386551926884,0.00013232921286474136,3.965401823585015e-05,-4.617234088190433e-06,2.057666454378932e-16,1.6408818369928967e-10,-1.476794731177695e-18,1.0
293.11,6.990397930145264,-0.00843574773411932,-0.00783490168863758,9.76951722537377,-0.0002050091117257539,-0.0004089837067160447,5.30333402710737e-05,2.2012832907994947e-16,1.6408824590413024e-10,-1.4801333053145572e-18,1.0
293.12,7.000410556793213,0.014269333949859941,0.004017455732558565,9.815864539108876,-0.0004633315450626044,2.1296238746773464e-05,-0.00018123092703769568,2.344832814651644e-16,1.6408830810390195e-10,-1.4821710625517673e-18,1.0
293.13,7.010281801223755,0.02507908755203277,0.0021189882325492204,9.77148885137127,-8.581659708874777e-05,0.00014106639889364814,7.127394701730535e-05,2.488289870409707e-16,1.6408837029615144e-10,-1.480506863114026e-18,1.0
293.14,7.020202398300171,0.0013578686938211133,0.001818053204042816,9.804563328681018,8.286595775820587e-05,2.3543160182001504e-05,-4.738823608332346e-05,2.631859185456021e-16,1.6408843250642773e-10,-1.4860183123095265e-18,1.0
293.15,7.030491828918457,-0.02016672304963802,-0.027324369804749147,9.81317895298879,4.947997840897916e-05,2.082235702252631e-05,4.9135574161107665e-05,2.7756572080723927e-16,1.6408849470038121e-10,-1.4848681679481993e-18,1.0
293.16,7.0401952266693115,0.014500484869363768,0.009506298063601407,9.795809305296135,3.073807419382919e-05,0.00032137210324040987,8.23766694779147e-05,-3.903226813274753e-16,1.640866580028071e-10,-1.4836826285872842e-18,1.0
293.17,7.050238370895386,0.011839580334131645,0.006197061226310835,9.75153002908183,0.00019262068836729056,0.00011324714993825752,0.0002536977317214145,-3.7595066066650464e-16,1.6408672021388925e-10,-1.480256138554146e-18,1.0
293.18,7.060451507568359,0.024299366085783182,0.009885294757420268,9.796205386612257,8.257836389524279e-05,-0.00013457992119785057,-0.00019445018971120831,-3.6157325462127235e-16,1.6408678241596332e-10,-1.4801798090796116e-18,1.0
293.19,7.070204019546509,0.02001142619095416,-0.025919134276461486,9.794710751861608,-0.00032563028707252714,3.1983735382159906e-05,-0.00014585756070204813,-3.471942921710809e-16,1.640868446314412e-10,-1.4801838886750178e-18,1.0
293.2,7.08034610748291,0.0028378163851303507,0.02902740720669385,9.809844712793,0.00022471553178692835,4.138489198099361e-06,-0.00036431880650428336,-3.32834622837407e-16,1.6408690684392498e-10,-1.4831776884464096e-18,1.0
293.21,7.090340614318848,0.021731862313760987,-0.024244489881516132,9.775982764373564,-0.00010209745687359796,2.4070663425666493e-05,-0.00027451360908532194,-3.184734478581062e-16,1.6408696905007612e-10,-1.4918164689745e-18,1.0
293.22,7.100298643112183,-0.02607887796417436,0.005493511776565821,9.809146353346549,-2.6579201769487034e-05,0.00022094886858588464,-0.00022245057247023136,-3.041398773512993e-16,1.6408703125283628e-10,-1.4897398810612045e-18,1.0
293.23,7.110278367996216,0.019267133215305418,-0.0034883662682892364,9.800627614831086,-2.351451931547921e-06,9.327259222743025e-05,-0.0002198833072817564,-2.8980571380302777e-16,1.64087093471745e-10,-1.4861358483352058e-18,1.0
293.24,7.120269298553467,-4.984706822268999e-05,0.0009795909180885826,9.827166421262724,0.0002055703658998209,-0.00012189808856524343,0.00016784368655881881,-2.7546319695129785e-16,1.6408715568302872e-10,-1.4968208412732656e-18,1.0
293.25,7.13034200668335,-0.04604094836939605,-0.004291077565559142,9.793796394638159,-7.36398563596457e-05,0.0003261527645135997,5.686002544757272e-05,-2.6111460156666255e-16,1.640872178878081e-10,-1.5044116213015258e-18,1.0
293.26,7.140157222747803,0.009587343876985973,0.02837349441195704,9.810624768240164,0.00033968267300436795,0.00032183600598315114,0.00015547203762285772,-2.5392650194774156e-16,1.6409106960815605e-10,-1.5068544097990521e-18,1.0
293.27,7.150289535522461,0.005974030832388994,0.006109017606120549,9.790313243404436,7.483111112795759e-05,-0.00029182623779490125,-0.00014522843788636442,-2.539292094203526e-16,1.6409113182613326e-10,-1.5076959039535186e-18,1.0
293.28,7.160356521606445,-0.01153230254824474,-0.009305645716390459,9.787058329530186,-0.00020623222579676699,9.573569900137893e-05,-0.0003247465983888853,-2.539177172439834e-16,1.6409119404426223e-10,-1.509056936692157e-18,1.0
293.29,7.17020320892334,0.014679507190628108,0.006846884940596205,9.774769008310807,0.00014450242712205592,0.00020960352795784296,0.00011827630654052937,4.283487962684768e-16,1.640893573563445e-10,-1.511356595338571e-18,1.0
293.3,7.180269956588745,0.023582925932072077,-0.011614629852808629,9.81035537929144,-4.249402006506225e-05,-9.050421154565283e-05,0.00010611350210812875,4.2118709010574777e-16,1.640894278364713e-10,-1.5125124819026042e-18,1.0
293.31,7.190417051315308,-0.007693300173016101,0.001064738713702867,9.811596113835774,7.727315122352606e-05,6.282081596812134e-05,4.010682178404709e-05,4.0681693329001105e-16,1.640894900413613e-10,-1.521529701646053e-18,1.0
293.32,7.200259208679199,-0.0012910981228608728,0.021808775314605764,9.800281938682037,0.0001244432294460062,-0.00011264829846984996,1.5519478766760193e-05,4.0681790558825373e-16,1.6408955224211008e-10,-1.5308691015548618e-18,1.0
293.33,7.210245370864868,-0.0031149827406875127,0.005531920812185433,9.816031065386113,-3.7704575883438454e-05,0.0002634538761692206,3.886209008368133e-06,4.068116158239685e-16,1.6408961445446548e-10,-1.5359083178289202e-18,1.0
293.34,7.220187187194824,0.0019318527375256221,-0.015961708195727616,9.792028894861996,0.0001258717901382454,2.229532095818083e-05,-8.338587372323402e-05,4.0679838879976146e-16,1.6408967665880293e-10,-1.5432961567528982e-18,1.0
293.35,7.2303831577301025,0.008889306681987869,-0.002902053511712971,9.810115714798524,0.0002153241184179873,-0.0003065376590638638,-0.00032105269857276035,4.068079760121158e-16,1.6408973884767056e-10,-1.5527653682146475e-18,1.0
293.36,7.240191221237183,-0.020995744071109154,-0.01796174061360024,9.81189150968984,-2.3260929820150455e-05,0.00017696255554286658,0.00023806395374776536,-2.6112937453388574e-16,1.6408790214062186e-10,-1.5630194012544774e-18,1.0
293.37,7.250210762023926,0.019679464491600657,0.02452711737193135,9.782170715712773,-1.9523072598579206e-05,0.00024408133190536088,-0.00019469985714794415,-2.467807708222838e-16,1.6408796434553225e-10,-1.5641163330672833e-18,1.0
293.38,7.260396957397461,0.0044551708939884836,-0.01851969275401296,9.808934997686183,-0.00022557982125872097,0.00029206740762700303,3.38513250060686e-05,-2.3240679935701737e-16,1.6408802657159412e-10,-1.5566689728994202e-18,1.0
293.39,7.270242214202881,0.004406871048280654,0.010492512994595606,9.780301060271958,0.000149468364716857,0.0002410262496558336,-0.00046474616582312876,-2.1803315619352337e-16,1.6408808879981007e-10,-1.5606797358948367e-18,1.0
293.4,7.280238151550293,0.008331120818480352,0.003698642190423317,9.811219103362562,0.00010258995575702122,-0.00011258240977332238,-0.00010401665112673576,4.499072012747156e-16,1.6409004986342006e-10,-1.5670156677082371e-18,1.0
293.41,7.290281057357788,-0.019015885442559725,-0.005833679401090401,9.787766596131082,9.87220703323479e-05,3.9166934561891834e-05,0.0003862258230832355,4.3557722161605826e-16,1.6409011208218004e-10,-1.5625437137314375e-18,1.0
293.42,7.300276041030884,7.801933223544078e-05,-0.024881050894848464,9.79490613475,0.00016406071153088667,-0.00013556507067902593,1.3432751862485744e-05,4.2123292861501427e-16,1.6409017428763514e-10,-1.5558987648067104e-18,1.0
293.43,7.310209274291992,-0.0038104273749375844,-0.008289008436055961,9.800033000518459,-3.722914222691837e-05,1.660423586209024e-05,-2.802121847335251e-06,4.0688193744718533e-16,1.6409023651816432e-10,-1.5707424148428852e-18,1.0
293.44,7.320251226425171,-0.0021536299720322865,-0.005298234338773121,9.779702965402311,0.0005303979938648541,0.00039051565785048185,0.000152537945110081,3.9970809058309905e-16,1.6409029038133807e-10,-1.5817731800874308e-18,1.0
293.45,7.330311059951782,0.0037975238863133796,0.025540465150341956,9.800428186545972,-0.0002006874162890039,4.501052959037731e-05,-0.00012603609826344333,3.997061224031839e-16,1.640903525984444e-10,-1.590682386035317e-18,1.0
293.46,7.340197801589966,0.015500848185803091,-0.0043254433857223855,9.809663333696902,-6.124286141436751e-05,0.00015614106914880918,-0.0002503800541762124,-2.897511454751396e-16,1.6408852430247612e-10,-1.5987425398395198e-18,1.0
293.47,7.350285053253174,-0.008328070318887333,0.012339147354570522,9.801990442932548,-0.0006312549545033391,9.812838095564774e-07,0.00012508494620145212,-3.0410637226269406e-16,1.6408858651211364e-10,-1.6067870363579674e-18,1.0
293.48,7.3607118129730225,0.020861536117904048,0.02588470057354246,9.790966172673805,-8.640944641595454e-05,0.000176280850371743,-0.00012183286784015069,-3.1847141232816383e-16,1.6408864871074734e-10,-1.6063108359733148e-18,1.0
293.49,7.370222091674805,-0.0019124890596874129,0.01364391817173699,9.765163104500726,4.925059406304375e-05,5.186060955155245e-05,0.00017812780302690296,-3.328362889461423e-16,1.6408871092799027e-10,-1.6161534431765786e-18,1.0
293.5,7.380296945571899,0.007857753058385788,0.01838683845719877,9.80560798738051,-0.00011211176918195343,0.00011256139057621053,-0.0003874997159652444,3.350945144097922e-16,1.6408687423380236e-10,-1.6236103500311456e-18,1.0
293.51,7.390262603759766,0.009196436039137197,0.002621556015204425,9.781853623161112,0.0002366963264566502,0.00014684162394272375,0.0003226019829439951,3.2074869873854744e-16,1.6408693644254909e-10,-1.6263972020347766e-18,1.0
293.52,7.4003400802612305,0.004535223435060079,0.014853722248353476,9.819929112647612,-0.00020228808844357035,0.0001860809040710849,-6.774073428291001e-05,3.06406716223391e-16,1.6408699864784978e-10,-1.6309811712833262e-18,1.0
293.53,7.4101691246032715,-0.016125072606626507,0.010160548156938754,9.7761969982371,-0.00013488636350085208,-0.00011590772071573166,0.00011958670976793036,2.920690519472845e-16,1.640870608491233e-10,-1.6291821206394414e-18,1.0
293.54,7.420329332351685,-0.02256686997364445,0.008136812557633289,9.815887276430143,1.064263145167899e-05,-0.000544942592731923,-0.0002725624484198643,2.777311103367555e-16,1.6408712305204266e-10,-1.6303549312224404e-18,1.0
293.55,7.430334568023682,-0.013511435374151993,-0.02128880561097272,9.823964274235129,0.00012843355936741606,1.236397061507322e-05,6.931970391182582e-05,2.6340889078187197e-16,1.6408718526728335e-10,-1.6284929743684863e-18,1.0
293.56,7.440171957015991,0.03362235975995891,-0.004269356261322411,9.803753734951329,-5.436863563594065e-05,7.163120544033778e-05,-5.8099359958215104e-05,2.4906273384158014e-16,1.640872474662935e-10,-1.6403350394033589e-18,1.0
293.57,7.450498819351196,0.010443456667806954,0.02830808002217945,9.798180186570983,0.00018766781851087378,0.0001310083917972555,0.00014794354512936395,2.3471175229224e-16,1.6408730968495152e-10,-1.6477261090596963e-18,1.0
293.58,7.460285186767578,0.004077178305916458,0.01318220774935778,9.81944656637303,0.00015313071142990998,-0.000351506609571806,9.721578898639415e-05,2.2033536621579733e-16,1.6408737188038119e-10,-1.6483010114520854e-18,1.0
293.59,7.470207691192627,-0.007358889156262713,-0.02955033143831859,9.782573153901195,-0.00011657479551180637,-2.2457481658955866e-05,0.00022352103407328864,2.0597763662509552e-16,1.6408743408562336e-10,-1.6573382835318548e-18,1.0
293.6,7.480464458465576,-0.010578847160166922,0.006614500605507032,9.784347609608345,9.648874755541461e-05,0.00014426008840588133,0.00011726617563226943,-4.762969513836634e-16,1.6408939516808025e-10,-1.6615015724561797e-18,1.0
293.61,7.490349769592285,-0.011031306862770575,-0.009467977130552089,9.812117632655434,0.00025494529275839963,0.0002943817145895889,-0.00036870431227245916,-4.619354440088966e-16,1.6408945738569833e-10,-1.6683257379741504e-18,1.0
293.62,7.50032114982605,-0.012619710160172347,-0.022824016269313147,9.79093643624714,0.00015002673220223343,-0.0002269372923585491,-7.976505374320718e-05,-4.475846401864072e-16,1.6408951958358573e-10,-1.6705586910794878e-18,1.0
293.63,7.510210752487183,0.006822113857743803,-0.009166782289326398,9.795655560523764,-1.1058294478133122e-05,-3.265106307058709e-05,6.208466351847809e-05,-4.33231806001247e-16,1.6408958178234953e-10,-1.6764853945919096e-18,1.0
293.64,7.5202836990356445,-0.006681482235219766,0.029675622894979038,9.807491552218535,-0.0001775786746242281,0.00034430687907543317,0.00021737572759775593,-4.188694447747536e-16,1.6408964399724368e-10,-1.6839375682863662e-18,1.0
293.65,7.530632019042969,-0.015023971368554753,0.007617135419965469,9.789663631913164,0.00025277601399132293,2.219277683099468e-05,1.0020268170380139e-05,-4.045030979338556e-16,1.6408970621111386e-10,-1.6863095341895818e-18,1.0
293.66,7.540196180343628,-0.012634130650873187,0.02163475809599955,9.830366768942508,-0.0002953622406421945,-0.00011246216536974955,-0.00020633599506757677,-3.90123279024693e-16,1.6408976841745926e-10,-1.6882550522869512e-18,1.0
293.67,7.55026650428772,-0.00012175558100751291,-0.003810837801223737,9.826530686881782,0.0002566929844002434,-0.00011997922138910412,-0.0003498861540520632,-3.757379690620975e-16,1.6408983059302896e-10,-1.6828037156493391e-18,1.0
293.68,7.5603015422821045,-0.016911784041774257,-0.03350953321017077,9.817639477218,2.387914721538158e-06,-3.186136267864502e-06,0.0003087083979634899,-3.6136432920818163e-16,1.640898928112672e-10,-1.6795594446952573e-18,1.0
293.69,7.570175886154175,0.03453102894857781,0.01072401865213141,9.80504881301822,0.0003404874752930398,0.00022304722911159204,-0.00018596958698460442,-3.469980449399298e-16,1.6408995502164324e-10,-1.6819386444521129e-18,1.0
293.7,7.580276727676392,-0.008927578406234742,-0.0069126701986744355,9.810719000272615,-5.80733575739299e-06,3.9264148193677655e-05,-0.00027266455294598294,-3.326209291683996e-16,1.6409001721658243e-10,-1.6887700984270374e-18,1.0
293.71,7.590322732925415,0.010266477472095754,-0.006175768875042904,9.8126642363513,0.00030031744226043794,1.4195604093210583e-05,-0.00023328010559352233,-3.182642393155384e-16,1.6409007942787266e-10,-1.7021514142620357e-18,1.0
293.72,7.600287199020386,0.015228994228927418,0.0017795722055618604,9.807432117836125,-0.00013783660456101796,-0.00029532842176725304,0.00017403830606817043,-3.039167047649818e-16,1.6409014164994336e-10,-1.7074758640371501e-18,1.0
293.73,7.610235214233398,-0.04281494642571111,0.005006987952648704,9.80264990008622,-0.00010495554232864629,0.00023310542835748671,0.00011502847077581916,-2.895784394822881e-16,1.6409020385715094e-10,-1.7072795162033595e-18,1.0
293.74,7.620277643203735,-0.006781223652013651,-0.01870922116942153,9.793341856706736,6.00146409181061e-05,-8.896593444292221e-05,-0.00048360087850678624,-2.752357413177361e-16,1.6409026607352996e-10,-1.7172689880651233e-18,1.0
293.75,7.630293846130371,-0.0305184283104503,0.0040456038248545744,9.765089437600913,-0.0001267430795993332,-6.706724980246491e-05,-0.00016538755038514484,-2.608735573913949e-16,1.6409032829975964e-10,-1.7270187994494175e-18,1.0
293.76,7.640243768692017,0.024387443285312782,0.005930365381775144,9.806007934256002,-4.38369429705502e-05,0.0003678681832244634,-0.00010400505158094269,-2.465119640371829e-16,1.640903905053149e-10,-1.7379047188193978e-18,1.0
293.77,7.650311708450317,-0.028557529996821165,-0.005578037751444399,9.799948931682763,0.0004845842034953335,8.980568028855864e-05,-0.0001684871554345649,4.357756222488921e-16,1.6408855379239452e-10,-1.7398970733351046e-18,1.0
293.78,7.660263776779175,-0.029196545514078482,-0.006704464900464176,9.82273408751269,2.6343168992889843e-05,-9.105706421308562e-05,-0.00012742224739126885,4.2143312031103647e-16,1.6408861600454603e-10,-1.7363234919950623e-18,1.0
293.79,7.670177698135376,-0.004861172284844813,0.007557664325416034,9.798121714941301,-0.00024285912212147233,7.024672082756348e-05,-0.00022664873005951835,4.0707243546558165e-16,1.640886781907036e-10,-1.7448074894877362e-18,1.0
293.8,7.680366277694702,-0.009054286067801164,0.02539210181506481,9.810203806466106,0.00040968494843520435,-0.00012140923208465293,6.0290462206072455e-05,3.9271517184993866e-16,1.6408874038985986e-10,-1.754038604877206e-18,1.0
293.81,7.690311908721924,0.0018857749785503248,-0.005702268269983904,9.801201469476517,-0.00045930535207496816,-0.00020089224516147891,-5.3474815303922854e-05,3.7836556366453607e-16,1.6408880259255628e-10,-1.760253289095876e-18,1.0
293.82,7.700271368026733,-0.0019521736175798269,-0.012840140946381752,9.798225725612067,0.00034886967439218454,-0.0003258821848695161,0.0004053511940625839,3.640049479818073e-16,1.6408886480597895e-10,-1.7632045072089385e-18,1.0
293.83,7.710203647613525,0.019849143455714098,0.016688127493315084,9.800935443989822,-0.0002875988379731454,3.0002661143909393e-05,-0.00046994166534451227,-3.2545148157859476e-16,1.6408703646824722e-10,-1.774040039127792e-18,1.0
293.84,7.720293045043945,-0.012989444415762916,0.018592367798883163,9.808529253988118,-7.172755512221659e-05,-0.0002119933535717789,0.0002593783416681705,-3.398237192096725e-16,1.6408709868573822e-10,-1.7850141926266426e-18,1.0
293.85,7.730348348617554,-0.0019412362638499905,0.006922946269044393,9.833781364891802,-0.0003110030198436648,-9.543038762580661e-05,1.6224124782429563e-05,-3.5418490029399985e-16,1.6408716088358437e-10,-1.786501380557161e-18,1.0
293.86,7.740098476409912,-0.0004992293870757023,0.031173166862802776,9.782636480392275,-0.00010400615758642613,6.210636377654111e-05,0.0001790165737527659,-3.685353569856827e-16,1.6408722309927473e-10,-1.7865703488142316e-18,1.0
293.87,7.750349044799805,0.03467278459179716,0.005256076173513823,9.813940139587203,-0.0003881672878831796,0.00018718679918324364,-0.0004827994911356611,-3.82867368788464e-16,1.6408728532307188e-10,-1.785979241034478e-18,1.0
293.88,7.760534763336182,0.030994998136774185,0.0022768238699587334,9.811682273419391,-0.00040932099646956275,-7.318468920914976e-05,-0.00038298221164057976,-3.9720150945504345e-16,1.6408734753719536e-10,-1.784971505967008e-18,1.0
293.89,7.770246267318726,-0.03637534406728678,0.005067743189927254,9.809671252894816,-0.00010223754136414296,0.0001783189149865874,0.00011503346973664321,-4.1155366820849756e-16,1.6408740973942908e-10,-1.779913268615092e-18,1.0
293.9,7.780502796173096,0.000633569022129768,4.346309425596691e-05,9.811331014121015,-0.000582557509765075,0.00010189754103329602,2.4069257274174237e-05,-4.25901699503097e-16,1.6408747194342045e-10,-1.787181277473321e-18,1.0
293.91,7.790280818939209,-0.01629473208456705,-0.026927141248948093,9.794230441863693,3.41697506568073e-05,0.0001259594199994276,6.178878190438268e-05,-4.4026739174848917e-16,1.6408753414530072e-10,-1.797055635928774e-18,1.0
293.92,7.800231695175171,0.005366436211712018,-0.025502754940636026,9.79900564437401,0.0003978548245876627,0.00020197636796311246,-9.796090723679843e-05,2.2764576188087034e-16,1.6408569745585858e-10,-1.794425201346016e-18,1.0
293.93,7.810285806655884,0.004837279647818363,-0.006784865055560253,9.842327493636502,9.18610026927603e-05,0.00013139601253665304,2.199884185721319e-06,2.276340820950119e-16,1.6408575966686653e-10,-1.7940889752695106e-18,1.0
293.94,7.820330619812012,-0.0030068969204702315,0.026148336259354147,9.791281831856761,-0.00023574344250009544,0.000305356145359027,-0.0003523933760809029,2.27622406567199e-16,1.6408582189709778e-10,-1.7948287164979472e-18,1.0
293.95,7.830340385437012,0.023071531725336165,0.010356256250140585,9.812344837807242,-0.00014358884038205393,0.00015346464524610754,3.487826405891434e-05,2.2761093024412464e-16,1.6408588410438037e-10,-1.795207616283338e-18,1.0
293.96,7.840198755264282,0.03319973982645541,0.03392766066180216,9.81142004136937,-0.0001549070974005605,0.00016245520581886262,-3.1289678858964996e-06,2.275946298690715e-16,1.640859463280726e-10,-1.7958473195308833e-18,1.0
293.97,7.850327730178833,-0.014525337138781173,-0.009896266937713222,9.785826368452351,0.00010295354058997394,-0.00015830904294281597,-0.00010957818140284621,2.275769716920094e-16,1.640860085367534e-10,-1.7925525082763085e-18,1.0
293.98,7.860283136367798,0.004280400933453228,-0.02012500764056806,9.794484587300765,-3.439703009433545e-05,0.0002695106188535398,7.340988974451881e-05,2.2756412441108367e-16,1.640860707467756e-10,-1.7921179803784142e-18,1.0
293.99,7.870230436325073,-0.042174345155561545,-0.016175234881171428,9.81302562713043,0.00012471650508712786,0.0002832971385410664,4.3797271533884855e-05,2.2756393211120234e-16,1.6408613294365464e-10,-1.7902104925069425e-18,1.0
294.0,7.880447149276733,0.008671536919607349,0.02700368533643164,9.821353127204976,9.879840862921315e-05,-0.00011935562170845392,0.00010834929542687086,2.3472378286846525e-16,1.640899845996998e-10,-1.7921974721860865e-18,1.0
294.01,7.890313625335693,0.011292927437840754,-0.0033242038752746487,9.792572601389727,-7.576658245783108e-05,0.00018618225072432703,-0.0002916268382965438,2.347158108719864e-16,1.6409004680721008e-10,-1.792873613736895e-18,1.0
294.02,7.900382995605469,-0.0044780933928822465,-0.007837433129865215,9.802755424087632,0.00018960596810339058,-0.00041275220269881385,0.0003270236635928312,2.347173430474122e-16,1.640901090141128e-10,-1.7934060612764785e-18,1.0
294.03,7.910227298736572,0.014301324397203694,-0.03875483187744157,9.802420084352942,0.00020544756083986263,0.0001895997560576113,0.00019930780433579788,2.3471787997849766e-16,1.6409017122653367e-10,-1.7926513182518465e-18,1.0
294.04,7.920354843139648,-0.009892664424403487,0.026954958886825007,9.776013833377787,0.00014376134924242869,0.00017097250949000477,-3.6726972212135715e-05,-4.547449965701138e-16,1.6408834284146952e-10,-1.792575471754283e-18,1.0
294.05,7.930297374725342,-0.002418869003042491,-0.0045248027776728286,9.80051097450862,0.00014945165153164403,-0.0005384445767591166,5.1529181018078945e-05,-4.690954108922741e-16,1.6408840504782402e-10,-1.7989066234148315e-18,1.0
294.06,7.940117835998535,-0.0006591747193901906,0.008916933879377198,9.787272837518456,-5.509357726902732e-05,-3.3631507643432035e-05,0.00023556450035475737,-4.834442648591136e-16,1.6408846726865397e-10,-1.8049094112490485e-18,1.0
294.07,7.9503138065338135,0.013492034611936363,-0.05236705218807821,9.78270949208762,-7.578631561431332e-06,-0.00012138416596445303,0.00011077385987269478,-4.977838420202739e-16,1.6408852946007423e-10,-1.8150169309136883e-18,1.0
294.08,7.96028733253479,-0.013819397348611977,-0.019925778261888606,9.770071451035085,-0.00018693447588923048,6.397182083853615e-05,0.00011276379844203297,-5.121425954675231e-16,1.6408859164534795e-10,-1.8118479481507214e-18,1.0
294.09,7.970156908035278,0.004599214469566302,0.018168605451436323,9.821726660511706,-1.1811765087629668e-05,-0.00027616480171234676,-0.00021944596609574943,-5.264766674706066e-16,1.6408865383893319e-10,-1.811752300336252e-18,1.0
294.1,7.980523586273193,-0.01203962812742055,-0.0059807096117979975,9.7891271114221,-0.00013902700294691377,-0.0002559618576086179,-6.363536610578739e-05,-5.264598657017695e-16,1.6408871604438567e-10,-1.8151627832794588e-18,1.0
294.11,7.990278005599976,-0.008270186099549014,0.00024617557952220215,9.808206201254505,-0.00014225901765352168,-0.0001361121678429725,0.00023102129337292855,-5.19254002884932e-16,1.6408876989919633e-10,-1.8191237838501876e-18,1.0
294.12,8.000284671783447,-0.014422415240062846,0.009738921417032202,9.836184311575932,0.0003221873120231996,5.163109491847978e-05,-6.425664191663178e-05,1.7020984458414235e-16,1.6408694152839466e-10,-1.821982765437371e-18,1.0
294.13,8.010234117507935,-0.004011711996505659,-0.007754183204554175,9.800523067870419,0.0002939288179322652,-0.0001677143943549989,-0.0001620357911876582,1.84581874548227e-16,1.6408700375661017e-10,-1.82795223942851e-18,1.0
294.14,8.020241498947144,-0.0002923780208890558,0.024422608694929463,9.826741747445203,0.00020605592395415867,0.0001426475334608073,-9.446535529795308e-06,1.9894368600131353e-16,1.64087065954161e-10,-1.8352235677371137e-18,1.0
294.15,8.03041934967041,0.00795249499063908,0.04215782840742337,9.793284557353752,-8.763500721765164e-05,-0.00012150788069287789,0.00011287076512294849,2.1328489966402177e-16,1.6408712815144857e-10,-1.8409889217919613e-18,1.0
294.16,8.040138244628906,0.006041326578681385,0.0030896270514979823,9.7783161262258,8.612728684557843e-06,0.00030625415960197156,-6.788680606173522e-05,2.2762146082597447e-16,1.6408719035854427e-10,-1.846523880339462e-18,1.0
294.17,8.050332307815552,0.0033729682133198428,-0.024030579314999485,9.785156631827226,-7.499705902282286e-05,-0.00022154308896532338,0.00011540993648510747,2.4196345552537107e-16,1.6408725255823704e-10,-1.8476013658885834e-18,1.0
294.18,8.06025505065918,-0.0048376866816403465,-0.005598088465060229,9.82735272577677,-0.00021400341982648523,-0.00017949566329755377,-0.00013960515159274533,2.5631367730378864e-16,1.6408731475758762e-10,-1.8595428427739967e-18,1.0
294.19,8.07020378112793,-0.017946162319355925,0.010275994673024364,9.838307570599213,0.000127228069249935,-1.907320249553968e-05,4.788289346621704e-05,2.706764455496718e-16,1.6408737699675487e-10,-1.859074831994607e-18,1.0
294.2,8.080910682678223,0.014229808385958219,-0.024101596960112767,9.793269405199117,0.0003908614091109811,7.364993250451188e-05,-2.834425738339824e-05,2.8505842250903357e-16,1.640874392041476e-10,-1.860830771417656e-18,1.0
294.21,8.090285062789917,0.011054833595179966,0.014503237497578533,9.819268859385897,-0.00034741599048448133,5.691979243913547e-05,-2.7590804256939653e-05,2.9943840095057964e-16,1.640875014256263e-10,-1.8608251310897905e-18,1.0
294.22,8.100263595581055,0.010881182415009518,-0.006822977467187843,9.835346921059722,0.0002207279709946576,-7.457291450294039e-05,-0.00035887143563964407,3.138281846725855e-16,1.6408756363257582e-10,-1.859271776877693e-18,1.0
294.23,8.110345125198364,0.015239416590328419,-0.002814023879637469,9.782087652010368,-0.00021573845069812854,9.998935651509786e-05,-0.00017566569685367362,3.281994207197423e-16,1.6408762585290703e-10,-1.85997355202098e-18,1.0
294.24,8.120259046554565,0.014235355036621291,0.007203519663901607,9.8016393893487,-5.72319425533873e-06,0.0001899436069334378,-0.00014632527956110874,3.4255308481735873e-16,1.6408768805681302e-10,-1.8701710552403e-18,1.0
294.25,8.130362272262573,-0.0002921519085498932,0.007091805130179273,9.762991401303948,0.0005283808077129332,-5.1142732300710115e-05,0.000571751225594947,3.5690979065103335e-16,1.6408775025348046e-10,-1.8805482149650487e-18,1.0
294.26,8.140172958374023,-0.03432664135800132,-0.003664115680655803,9.807084826203427,7.925964155078436e-05,-3.291255165432767e-05,0.00032349127526529637,3.712572026592052e-16,1.640878124354218e-10,-1.8853746923881815e-18,1.0
294.27,8.150340795516968,-0.033811064815809845,-0.008651123048219418,9.796310532811969,8.261930740129003e-05,-0.0001785296494818695,0.0001127430467132535,-3.0384659414572203e-16,1.6408976522098253e-10,-1.8866304765064906e-18,1.0
294.28,8.160194635391235,-0.0003886003144620378,-0.013038450187189616,9.789474115552586,0.0001539979408768588,-0.00044472102123399625,6.469014030000705e-05,-3.0383992065408923e-16,1.6408982742551345e-10,-1.888236173736732e-18,1.0
294.29,8.170310974121094,-0.010738315455614251,-0.030041141007597055,9.802933334664335,-0.00015112033510929828,0.0001702088620355368,-2.304246257810373e-05,-3.038501536425504e-16,1.6408988962226585e-10,-1.8900356638787317e-18,1.0
294.3,8.180501222610474,-0.0017210498458016114,0.002792310595597387,9.784624917518807,-0.00019547704906321375,-0.00013111718379008717,4.791624808657298e-05,-3.1102869880099417e-16,1.640861623455606e-10,-1.8935669554804696e-18,1.0
294.31,8.190201759338379,0.0027542930872714866,0.010134961209163204,9.795466875043921,-2.020411899615066e-05,0.000333572552782323,0.00018224614966089246,-3.2538813703516715e-16,1.640862245545736e-10,-1.8981273444561634e-18,1.0
294.32,8.20027494430542,-0.04006800687023073,0.0027324816951394396,9.790336488290729,-1.9113409285770932e-05,2.2189455186107872e-05,-0.00023280296507619748,-3.397321150244937e-16,1.6408628674942472e-10,-1.9075278296853414e-18,1.0
294.33,8.210294008255005,0.03739368860754754,0.018410724300811036,9.794740741767008,9.106682223489499e-06,-4.8848322354016165e-05,-0.0005609328990928245,3.281875004782174e-16,1.6408824781229656e-10,-1.9090939166117562e-18,1.0
294.34,8.220242500305176,-0.02559325199969288,-0.018382766673012935,9.809742757794446,7.018144438789791e-05,0.00012423259773170457,0.00015925700817767013,3.138349283718006e-16,1.6408831002172328e-10,-1.9092741935364354e-18,1.0
294.35,8.230329036712646,-0.006904003515887477,-0.010912227705316871,9.800042766557814,0.0005066994101265632,0.0005386591086885021,-0.00014432391381634908,2.9951105793287265e-16,1.6408837224646543e-10,-1.9096502815865044e-18,1.0
294.36,8.24015760421753,-0.005579502253000207,0.0072727478973102395,9.795670749851443,1.3205045980954172e-05,-0.00023123306597111793,-0.00013116946551189587,2.8517609499756887e-16,1.6408843445754618e-10,-1.909258098141625e-18,1.0
294.37,8.250340223312378,-0.01676356054804099,0.008448673072859672,9.786712666168771,-7.224062933400265e-05,0.00021800581638168953,-2.9517917987783766e-05,2.708355757702138e-16,1.6408849665008149e-10,-1.9118267668147113e-18,1.0
294.38,8.260252475738525,-0.01635699642924805,0.02962875972738738,9.79115929254666,-0.0002576027492311432,7.95288398283182e-05,0.00015144016813342724,2.564816449940917e-16,1.6408855885550923e-10,-1.9152071761475696e-18,1.0
294.39,8.270248174667358,0.015175318758637918,0.002643681481254192,9.778230384516005,0.00013327878559495288,5.781705073714464e-05,-8.407642214571277e-05,2.4213522068399896e-16,1.6408862107962122e-10,-1.921828441879639e-18,1.0
294.4,8.280517101287842,-0.035668936568469735,0.011194622279416672,9.790421924115638,0.0002827942923107568,0.0003703244158241336,0.000194083278165572,2.2778317841416677e-16,1.640886832905047e-10,-1.925797721597477e-18,1.0
294.41,8.290252923965454,0.0019465938795617981,0.005378988608396862,9.801137782163655,2.9758956153681366e-05,0.0004521922089142647,-0.00013850404501876835,2.1343003134771755e-16,1.640887454919907e-10,-1.9326512542769862e-18,1.0
294.42,8.300243854522705,0.0007109790463832085,-0.036241052771028875,9.814633997171912,0.00016885608088438773,0.0002653776515617872,1.897817009856693e-05,1.99065152848698e-16,1.640888077048144e-10,-1.9375550655081597e-18,1.0
294.43,8.310272455215454,-0.002423577741695923,0.02701184086730053,9.797500491662111,6.444693907210622e-05,-0.0002652594666400909,4.656765315891221e-05,1.9907637674256424e-16,1.640888699047136e-10,-1.9436578647264906e-18,1.0
294.44,8.320239543914795,0.025773948193801497,0.0026517660763861564,9.789156883827703,9.119736911222485e-05,-6.418199923481074e-05,0.00024195433880793408,2.134233520100889e-16,1.6408893211178894e-10,-1.9484553661819835e-18,1.0
294.45,8.33029842376709,-0.022795031101997286,-0.006704766033459021,9.80746090139349,0.00018461199276523102,0.0002372700805794514,-0.000269688387522773,2.277661003939569e-16,1.640889943121561e-10,-1.950528984144913e-18,1.0
294.46,8.34028434753418,-0.0170958381398901,0.015754565309701034,9.78597569604313,-3.472619448228774e-05,0.00013020384937532196,-0.0003153486234195221,2.4211530635954215e-16,1.6408905652016293e-10,-1.9559229162848193e-18,1.0
294.47,8.350321531295776,0.010667066312893507,0.0270724840964919,9.798160511103518,-0.00020466378936529484,-0.0003020343651342215,-0.00020874260977675084,2.5646608325578423e-16,1.6408911872185366e-10,-1.9616729887107628e-18,1.0
294.48,8.360640287399292,0.008807136845996441,-0.017365868767775263,9.787133905654084,5.04233370823852e-05,-3.973175161468104e-05,-6.766023883445829e-05,2.708359783840933e-16,1.640891809116576e-10,-1.966061966124713e-18,1.0
294.49,8.370233058929443,-0.0017609694275672115,0.012069094448925797,9.841218414052932,6.343323837561193e-05,-0.00013038668269571555,-0.00018413031098992857,2.852156045442333e-16,1.6408924310526192e-10,-1.967195398657438e-18,1.0
294.5,8.380496978759766,-0.02521219969677152,-0.01763910709378017,9.788400825647381,2.288399220054023e-05,-0.0003076966328122816,-2.9628486293530548e-05,-3.826824727790479e-16,1.6408740639040693e-10,-1.9656328844112605e-18,1.0
294.51,8.390217781066895,-0.003015740163859271,-0.021640205165019712,9.784433720134617,-0.00020749062239243745,-0.00016128648259463644,0.00016193345611030446,-3.6830409672083843e-16,1.640874685973669e-10,-1.9641586739350745e-18,1.0
294.52,8.400246143341064,-0.011486251143416991,-0.0031268551318998617,9.799416440804372,8.2930461351732e-05,0.00010219612396745441,-8.472996371934316e-05,-3.5392628259482314e-16,1.6408753079480107e-10,-1.968517142329344e-18,1.0
294.53,8.410590648651123,-0.030316380335688096,0.017321578326812026,9.81264392617891,0.00018499211733228273,0.000410749044507334,-4.2228108933393626e-05,-3.3957322779914185e-16,1.6408759300017203e-10,-1.9739852356017927e-18,1.0
294.54,8.420241594314575,-0.017702570953470873,0.005063480195368925,9.813304628605911,0.00013791088999264535,-0.00029902138932023556,0.00031652023209487504,-3.252218623185984e-16,1.640876552028819e-10,-1.984186627401836e-18,1.0
294.55,8.430298805236816,-0.021250506714441387,-0.0006209721920221233,9.831191370778292,6.925295118924736e-05,0.00023036944969122373,-0.0002572381052532765,-3.108782860961975e-16,1.640877174138816e-10,-1.9892773321306814e-18,1.0
294.56,8.44027853012085,-0.012705929888846152,0.011029911299941356,9.781877587850888,0.00023377873977548167,-0.00010241227662855473,3.627976164166073e-05,-2.965258368074419e-16,1.6408777960555472e-10,-1.9866401354798143e-18,1.0
294.57,8.450338363647461,-0.0038612367575908114,0.004456640729618859,9.839787531130474,-0.00016563154405942998,0.00018445443358362107,0.0004425704797066658,-2.8219104487589583e-16,1.640878418341831e-10,-1.992778773947499e-18,1.0
294.58,8.46030855178833,-0.013055526567616596,0.02059700610841918,9.825183084383609,-6.374151859816853e-05,0.00018349514191255218,-0.00036816295543837794,-2.678454355314659e-16,1.6408790405561673e-10,-2.0059607028891322e-18,1.0
294.59,8.470234632492065,0.006481312599381667,-0.005681774108502365,9.794156366600312,-0.00025144510844120257,0.0003305284313462211,-2.1311460686377494e-06,-2.5349073798043164e-16,1.6408796626915343e-10,-2.014469411644779e-18,1.0
294.6,8.480416059494019,0.0061776950192587825,0.011925493980320397,9.802177358256467,-0.0002613527413145701,-9.580042997518165e-05,-5.477642171798963e-05,-2.391224049896147e-16,1.6408802848972706e-10,-2.0163323831971153e-18,1.0
294.61,8.490163564682007,0.009986251346695486,0.02763618779524082,9.796521566401994,4.4567336900949855e-05,5.9437289216658435e-05,-1.980673931547402e-05,-2.3909558976612058e-16,1.6408809075029644e-10,-2.0211435330199563e-18,1.0
294.62,8.500336647033691,-0.0014165547097990652,-0.007061864919912612,9.793128434812894,0.0002315454369728921,0.00018868682664293358,-8.199811119720896e-05,-2.390799885670402e-16,1.6408815296487443e-10,-2.022422510301418e-18,1.0
294.63,8.510398626327515,0.002637486751833313,0.006093555906803854,9.769969632909117,-0.000273025738172374,-5.422281510039384e-05,0.00035795917793415014,-2.390614339018673e-16,1.640882151773226e-10,-2.027792202385293e-18,1.0
294.64,8.52022385597229,-0.015424179356838206,-0.00022908499956789366,9.820261535165075,0.00013048525638936903,-4.1661933504822596e-05,5.7001002743306333e-05,-2.390495643965533e-16,1.6408827738828192e-10,-2.0304065828500795e-18,1.0
294.65,8.53028917312622,-0.02632016630886578,0.007394499432210152,9.79597984518463,0.0003705769366587458,0.000546770029304928,7.378012348674026e-05,-2.39042326218422e-16,1.6408833959785523e-10,-2.0270702336178058e-18,1.0
294.66,8.54028868675232,-0.020553439383404756,-0.02535405302186079,9.790511693428579,3.356669620051171e-05,0.00021917962100966596,4.800154145161541e-06,-2.3902596506558195e-16,1.6408840177372983e-10,-2.032224746710463e-18,1.0
294.67,8.550278425216675,-0.009838096232236136,0.0006780117648698652,9.793277201902411,0.00023034482181727257,-1.6440274904341472e-06,0.00024152066327199018,-2.3901570317229317e-16,1.640884639891348e-10,-2.0310385422033288e-18,1.0
294.68,8.560284852981567,-0.004779778717442968,-0.012226604778914123,9.803624238230839,-0.00020984745985373662,0.00029684037381398165,-0.00026155475797134866,-2.390034306158435e-16,1.640885261913004e-10,-2.0275370567004344e-18,1.0
294.69,8.570194005966187,-0.0017818838654605172,0.014222773472777207,9.807065871096677,-2.558960667060291e-06,-0.00017828296261648043,0.000261732900925114,-2.3898103155045173e-16,1.6408858839638163e-10,-2.019429771342359e-18,1.0
294.7,8.580437421798706,-0.010569374332942227,-0.0028170541926796143,9.798416980191728,0.0003311555840477308,-6.0649659916650664e-05,-8.265393327008655e-05,-2.389766774486563e-16,1.6408865060006777e-10,-2.0189315371673677e-18,1.0
294.71,8.590229749679565,0.009015593705956976,-0.0073543072008015265,9.804135615143718,0.00015660949642480428,0.00025084534795684197,0.00023654482465656798,-2.246160162536005e-16,1.6408871279383467e-10,-2.0154438420155836e-18,1.0
294.72,8.600284814834595,0.023690911571475848,-0.013071721993053948,9.815877867339408,-1.0964636712020926e-06,8.44460201182422e-05,0.00017449200387683773,-2.102320949968287e-16,1.6408877501776543e-10,-2.022804439302095e-18,1.0
294.73,8.610321998596191,-0.025635847413853,-0.020149683569775746,9.79914960313273,-0.00028425246057363644,5.0587474895187616e-05,-0.00016251365440826852,-1.9585822084106946e-16,1.6408883723988819e-10,-2.0299660018946656e-18,1.0
294.74,8.620246410369873,0.010048636457034197,0.01576057649116086,9.786007938474278,0.000126317416808119,-0.00019416288619158333,-9.907953911427786e-05,-1.8149004776459172e-16,1.6408889944212443e-10,-2.0325910508536487e-18,1.0
294.75,8.63034987449646,-0.0030141040603670066,-0.015534495114638712,9.78717681855039,8.997967604746817e-05,-7.088146856952551e-05,-8.136394653756114e-05,-1.6713034863270777e-16,1.640889616436547e-10,-2.0358195567941642e-18,1.0
294.76,8.640265703201294,-0.022572396231527323,-0.01578941503208047,9.803056162683552,0.0003929413561792562,0.00017647997308392434,-0.0003219539064422086,5.151571300019904e-16,1.6408712498288404e-10,-2.03678912114082e-18,1.0
294.77,8.65026569366455,0.0006334521580752922,0.01277416425056863,9.789902882058277,8.402529263075056e-05,1.2240015505775774e-05,0.00010685190080295428,5.008277694289444e-16,1.6408718719316553e-10,-2.0373105676869845e-18,1.0
294.78,8.660276412963867,-0.006654415494580574,0.011173206211765695,9.812025782883426,-0.0002011459461737246,0.00010273798509364065,2.875773968679902e-05,4.864898641813682e-16,1.64087249413204e-10,-2.0383469413935404e-18,1.0
294.79,8.67024540901184,0.01448201071215065,-0.013827069180092284,9.806682624114496,0.00012726758178193065,7.259213217293785e-05,-0.0002934070879538665,4.721415808648785e-16,1.6408731162039076e-10,-2.040817853956875e-18,1.0
294.8,8.680498123168945,0.023548867874579618,0.011011242178205675,9.801598808566544,2.634599060315695e-05,-0.00034807894106741327,0.0003017888375838635,-2.1012504255413743e-16,1.64089272695077e-10,-2.0457822965350374e-18,1.0
294.81,8.690121412277222,-0.010596943889051766,-0.014807436098832618,9.793345145647148,-6.497700508997466e-05,8.803374961570581e-05,0.00016785549611065075,-2.244714517282915e-16,1.640893348937016e-10,-2.051403639978276e-18,1.0
294.82,8.700287818908691,-0.00017098551348169338,-0.014337359772720123,9.794792770702145,-6.919922972094237e-05,-4.3018073455761703e-05,-0.00019499582436465778,-2.3881285412508937e-16,1.6408939710737663e-10,-2.05418236980208e-18,1.0
294.83,8.710423231124878,0.00850940956829768,-0.022548645848053335,9.787507105832526,4.791344161957366e-05,-0.0003678093013807651,-0.000261420784128072,-2.5314966277471346e-16,1.6408945932483075e-10,-2.0590308723552057e-18,1.0
294.84,8.720271587371826,-0.006771274464580481,0.000617943479092454,9.761792102573795,-0.00043159746790594704,0.0001537079075833892,-0.0002713397254826214,-2.6751033193610105e-16,1.6408952152620922e-10,-2.0684526181072605e-18,1.0
294.85,8.730400800704956,0.016458177992064234,0.010237798567266459,9.808217898681715,4.187214081785825e-05,-2.8218864284247852e-05,6.45033761965278e-05,-2.8186118965551715e-16,1.6408958372676846e-10,-2.0801502734661532e-18,1.0
294.86,8.740485906600952,0.0006420492695567325,0.018733363992883483,9.783367799086053,0.00017393174458951464,0.00024382613223001152,-0.00028175296870235544,3.8604836243052544e-16,1.6408774697804815e-10,-2.092502964759074e-18,1.0
294.87,8.750261068344116,-0.005629961173681821,-0.016722963822662328,9.810437433379969,-0.00042051788346493795,-0.0003346992778577886,0.0005707895828763347,3.7169298837843965e-16,1.6408780918039064e-10,-2.0966378151123127e-18,1.0
294.88,8.760237455368042,0.017954481099091892,0.011727662008774778,9.788677513543558,-0.00011195340396227966,0.00021215874776573637,-0.00029805228633454726,3.573316918530216e-16,1.6408787140998958e-10,-2.0968445000133214e-18,1.0
294.89,8.770385265350342,0.022761906338268353,-0.015352541768286232,9.772485434120473,5.61621697294814e-05,3.5840242163990476e-05,-0.00010185573480086563,3.429755388920232e-16,1.6408793361620837e-10,-2.1018845303646304e-18,1.0
294.9,8.78028655052185,0.030605612989097725,0.0013828469681260748,9.80455738583702,-6.037065814952373e-05,0.00011755419906637922,-8.167637044493297e-05,3.286386677570031e-16,1.6408799583024812e-10,-2.1025612371404324e-18,1.0
294.91,8.79011869430542,-0.043969830670492996,0.00446495755679855,9.774198508702193,6.547342277538523e-05,-1.6102674668858913e-05,-2.047343753291957e-05,3.143040165076893e-16,1.6408805804310394e-10,-2.1026581919805064e-18,1.0
294.92,8.80023193359375,-0.020606103786041205,-0.018237586130994642,9.807938761223571,6.66284835373849e-05,0.0001593138411217962,-0.00012619406604243272,2.999681291522136e-16,1.6408812025418081e-10,-2.09697551456126e-18,1.0
294.93,8.810794353485107,-0.0034620829016913544,-0.00765805748934733,9.789749295631308,-0.0003752075695868194,7.526328045425219e-05,-0.00017443006132381432,2.8561399297960583e-16,1.6408818243071847e-10,-2.091528326055997e-18,1.0
294.94,8.82020878791809,-0.018960402293097946,-0.01953242400650425,9.838775992967337,9.263662042946282e-05,-0.00018573326833974243,-0.0002134592404107148,2.7126671431014673e-16,1.6408824461389405e-10,-2.0884117943540654e-18,1.0
294.95,8.830300331115723,0.0024454686774195663,-0.023925237450933657,9.803245248314818,0.0002827884536969713,-0.0001896032453651341,-0.0001645862804633058,2.569216797168622e-16,1.6408830680418333e-10,-2.0891471062755847e-18,1.0
294.96,8.840502262115479,0.00018696352936502768,-0.03712682221358743,9.823381126331514,-1.8515010712231647e-05,-0.00019597741120188492,-7.857625782040444e-05,2.712837320078311e-16,1.6408836905872588e-10,-2.0918042802976546e-18,1.0
294.97,8.850255489349365,-0.01708959673996399,-0.009651955933181265,9.812836378216856,-6.532913311337438e-06,2.568379893316317e-05,0.00011129230743779059,2.8565454574301466e-16,1.640884312491218e-10,-2.0928324612430127e-18,1.0
294.98,8.860183238983154,0.03221051444662987,-0.00035038700798489195,9.774562125573434,0.00018846713529810648,-0.0002556275247089669,5.863016760117627e-05,3.0003285877761185e-16,1.6408849344849107e-10,-2.0910600522972717e-18,1.0
294.99,8.870442628860474,-0.02124206498456904,0.006617643286382797,9.795254184124417,0.0002938652017779361,0.0001821315259297679,-0.0001939695392695675,3.1441809686697407e-16,1.64088555647352e-10,-2.091712876840761e-18,1.0
295.0,8.880416870117188,0.01399259095402713,-0.013916831365645,9.826052198098102,-0.0002111467833904551,-4.422182406722121e-05,-0.0001852215541507883,-3.5349321023672613e-16,1.6408671895966323e-10,-2.093154375488571e-18,1.0
295.01,8.89016604423523,0.023525343982940088,-0.01604069052341022,9.779547552517636,7.348507508784952e-05,-0.0001794339607770513,-0.00030246867536779263,-3.391255063789975e-16,1.6408678116717007e-10,-2.0992473444755844e-18,1.0
295.02,8.900362491607666,0.021816587358871677,0.004557322948364817,9.801127153409022,-0.00016326788627509867,0.00018341647636587884,0.0002925975859921943,-3.2476158418576586e-16,1.6408684338135166e-10,-2.107424256542879e-18,1.0
295.03,8.91040301322937,0.005984310989772685,-0.016049166199844634,9.80521793023501,-0.00010815080124116829,-6.583538931185381e-05,-0.0003071678705279621,-3.1040695725903357e-16,1.640869055860426e-10,-2.1184341879474317e-18,1.0
295.04,8.920205116271973,-0.01593202787986995,0.028276109590637425,9.810902500262888,-4.68964945674475e-05,0.0002525464407174278,-0.0005003919688239257,-2.9607052867347043e-16,1.6408696779933646e-10,-2.1186382080799637e-18,1.0
295.05,8.93025827407837,0.004239929778763968,0.004363533516039182,9.799539256315194,8.109739225055536e-05,0.0001307069374099654,-0.00010601332057340624,-2.8173502912799427e-16,1.6408703000201339e-10,-2.1233258370084376e-18,1.0
295.06,8.940260410308838,0.027579366252391695,-0.030710477991810342,9.806819870158186,0.00015358387625173588,0.00016670031527989075,-0.00011502231229210844,-2.6740191893557757e-16,1.640870922163446e-10,-2.1365259155155036e-18,1.0
295.07,8.950306177139282,0.010118660628526052,-0.004485750856924242,9.803866054384983,-1.402001304813893e-05,-0.00016945559343157934,0.00010537496572472953,-2.5304873184121587e-16,1.6408715444595783e-10,-2.1448376439994644e-18,1.0
295.08,8.960179567337036,-0.03025312583462144,0.004539005396924506,9.768847254748726,0.0002673828786739923,0.00040618294674855666,0.00022046686610144943,-2.386660499575384e-16,1.640872166664135e-10,-2.1444154314686476e-18,1.0
295.09,8.97050142288208,0.013540020699033772,-0.026910675121071558,9.808598929568317,-0.0002896996953762216,4.6090546788960464e-05,-0.00021690611268709539,-2.2428864525038276e-16,1.6408727888371716e-10,-2.1474529591253572e-18,1.0
295.1,8.980334520339966,0.02982716793741437,0.007451169542460886,9.79119121546761,0.00013962661985066877,0.00011984808419019217,0.00011919009699456866,-2.0992314321456788e-16,1.6408734109882377e-10,-2.1536181229660405e-18,1.0
295.11,8.990172863006592,0.033517196163476336,0.03210841077940765,9.827688536198588,-8.543961882697068e-05,0.00014317377271705274,0.0005864600009085209,4.580207666972032e-16,1.6408930216837173e-10,-2.1619019929208946e-18,1.0
295.12,9.000369548797607,0.016271443819114398,0.001070505198911247,9.789288237232945,0.00019148184865773593,-0.00022530340427874337,-0.00020146177405893885,4.4369958687094567e-16,1.6408936437265975e-10,-2.164449981546734e-18,1.0
295.13,9.010634422302246,0.017252992784072295,0.003042913332220428,9.81417236685808,3.802909632301196e-05,-0.00021921525624340828,-8.356004573970893e-05,4.293568355641863e-16,1.6408942657218644e-10,-2.1611789065447767e-18,1.0
295.14,9.020278692245483,0.012226333785339221,0.023275200639719988,9.804795864237969,0.000336821854920038,-4.2302707290711306e-05,-0.0001228616448943829,4.1502180445971913e-16,1.6408948878567844e-10,-2.1681453566489907e-18,1.0
295.15,9.030375480651855,-0.011397748912304507,-0.0015267847149450322,9.81629675246061,0.0001430173478596511,-0.00027300490929941916,0.00022522045580187694,4.006658962917671e-16,1.640895509992282e-10,-2.180416366641799e-18,1.0
295.16,9.040266752243042,0.01629033569008398,0.012396707875299668,9.809093721432765,0.00017999420788700985,-0.00025670917426279775,0.0002546608020613691,3.8629804922260395e-16,1.6408961322591497e-10,-2.1952305227121962e-18,1.0
295.17,9.050293684005737,-0.010332962850159413,0.01826942182977559,9.803033680633925,-0.00022252422382589826,-0.00013995668560216776,-0.00011590152561553855,3.7193786668516903e-16,1.6408967539766085e-10,-2.2012332141349734e-18,1.0
295.18,9.060456991195679,-0.011202882517286256,0.0013667098376020288,9.77385874112854,-6.14910558417114e-05,6.247147732563814e-05,-0.0002235119282069374,3.5757135107084807e-16,1.640897376067432e-10,-2.20335707236726e-18,1.0
295.19,9.070402145385742,-0.004541304549243127,0.02732719254127762,9.787097058983345,-8.64452761486476e-06,-5.53381309915591e-05,8.372197948436297e-05,3.432031797525109e-16,1.6408979982764295e-10,-2.2139916793996404e-18,1.0
295.2,9.08044147491455,-0.019044485756551124,-0.002080337370763217,9.815890573185184,-0.00012577896093355178,0.00021637626803460789,0.00021907067561607806,3.288432725736194e-16,1.640898620343566e-10,-2.2170800802387324e-18,1.0
295.21,9.090401411056519,-0.018370580182716915,-0.006858511197201192,9.797887901202431,9.492481537905604e-06,-4.71176942189282e-05,0.0001951069308060525,3.144936155609981e-16,1.6408992426330416e-10,-2.2180557132522585e-18,1.0
295.22,9.100356101989746,0.017602530963997148,0.01211667648518576,9.824603467065678,-6.240908877527682e-05,0.00023644216648735018,0.00017592628331504942,3.001641120395202e-16,1.640899864629709e-10,-2.2162657371819637e-18,1.0
295.23,9.110356569290161,-0.012807209586434417,-0.0037116688442405984,9.770570739980519,-9.238314613393822e-05,-0.000310983865581085,-2.2432484903279115e-05,2.858148156851762e-16,1.6409004866549214e-10,-2.2127386474152916e-18,1.0
295.24,9.120173692703247,0.020404638540402375,-0.02825245867763478,9.82813519605499,-7.928785595842189e-05,3.36840039114685e-05,-0.00030596117073581876,2.714772493830762e-16,1.640901108727318e-10,-2.210225378015428e-18,1.0
295.25,9.130328893661499,0.03404340965318832,0.04419433729680358,9.795622994497156,-0.0001612213685874624,0.00022980510344772275,0.0001875647684309818,2.5713433164359397e-16,1.6409017308098888e-10,-2.2123249090284544e-18,1.0
295.26,9.140321969985962,-0.011590902612406301,-0.0274054837025523,9.78673041172956,8.78303415694916e-05,5.866484579637893e-05,5.1162759612388055e-05,2.427846185374072e-16,1.6409023527965595e-10,-2.226061595056144e-18,1.0
295.27,9.150344371795654,0.0011920993913804726,-0.003597148811491769,9.822944019438491,4.6106033119966934e-07,-2.302118687091872e-05,-2.29933583120772e-05,2.355988655286538e-16,1.6409028914822216e-10,-2.227247015537772e-18,1.0
295.28,9.160315990447998,0.0012113757408700548,0.01062484046763842,9.800206567351093,-6.482478829187448e-06,2.253861899377932e-05,-0.00016932721477491347,2.3559821682045357e-16,1.6409035135799196e-10,-2.230340990409797e-18,1.0
295.29,9.170242309570312,0.02866937876031507,-0.0024505619049771028,9.797117178673586,-0.0003259939924731001,-9.595246255188219e-05,3.418141069139993e-05,2.3557794649568826e-16,1.640904135735449e-10,-2.2307081243201564e-18,1.0
295.3,9.180264234542847,0.008160617985903262,0.022283207466014955,9.801721343213194,0.00018369195175843816,-4.7371040551730435e-05,-0.0001290646514921025,2.3557047426424754e-16,1.640904757731943e-10,-2.2340230245054407e-18,1.0
295.31,9.19022274017334,0.009891723919364277,0.008835475801773756,9.784706123182213,0.0005368579044435935,-0.0002457434060573405,-0.0001445298252577479,2.3554815741131033e-16,1.6409053797743553e-10,-2.2336974097554506e-18,1.0
295.32,9.200475931167603,0.018809613641685735,-0.023600520098558387,9.795432410135149,-0.00012192436250473418,-0.0003975882264098013,0.0002300646024918662,-4.39558081968072e-16,1.6408870959512788e-10,-2.234126077683653e-18,1.0
295.33,9.210330247879028,0.0154889482353731,-0.016941057086470784,9.786283460580892,-0.00031712662050456303,0.0002715986904642242,2.0074130175249098e-05,-4.252091942392332e-16,1.6408877178910388e-10,-2.2386044549862096e-18,1.0
295.34,9.220165014266968,-0.006427766174990848,-0.03860401816571718,9.814061139970834,-6.340245069414037e-05,-0.00013359078260598815,-3.393166726620564e-05,2.5707612764001225e-16,1.6408693515688682e-10,-2.2473159024317337e-18,1.0
295.35,9.230273962020874,-0.025652839985246745,-0.0031330910933720845,9.807136890661353,0.00012774577335602957,0.00029449273099190095,-0.00010720543070206737,2.570796845986839e-16,1.6408699736217014e-10,-2.2536016669470734e-18,1.0
295.36,9.240285873413086,-0.003121927790650117,0.0008261079767795037,9.792468262512633,-0.00011112543259178996,5.352056747372346e-05,0.00022070439833702995,9.393594732551014e-16,1.6408895843493772e-10,-2.2558701433793003e-18,1.0
295.37,9.250263929367065,0.002920734018775347,-0.035155198174482864,9.806292441629047,0.000129409166639624,0.0002645511457717448,1.926132451534551e-06,9.250171559146147e-16,1.6408902064154815e-10,-2.262414136112608e-18,1.0
295.38,9.260189056396484,-0.006602510237381337,0.006024140089224404,9.79484454809187,-3.809461909349787e-05,-0.0002081507843744688,0.0001116698622278199,9.106464101433922e-16,1.640890828364166e-10,-2.2600191316437184e-18,1.0
295.39,9.270322799682617,0.004478562832390972,0.013091278533765979,9.800498641342514,0.00012727217051028585,-7.971513880470528e-05,4.7915637323948313e-05,8.962897149611011e-16,1.64089145051986e-10,-2.258904837846418e-18,1.0
295.4,9.280305862426758,-0.009265526659026102,-0.009049913539297268,9.810786409323239,0.00017520650877827975,-3.8672449225594974e-05,0.0002439655619697699,8.819255733585504e-16,1.640892072590001e-10,-2.2644872496349945e-18,1.0
295.41,9.290180683135986,0.008059402608422167,0.013429685969963164,9.81299518500868,0.0003214012381220251,1.80169538788908e-05,0.0002046862434060554,8.6757345898431445e-16,1.6408926946829195e-10,-2.2724522456584765e-18,1.0
295.42,9.300286293029785,-0.003292165338792449,-0.034956325438481255,9.781889871302383,1.5302440285281212e-05,4.237036707289689e-05,1.3038319728919311e-05,8.532088329350974e-16,1.6408933166063036e-10,-2.2747063402255072e-18,1.0
295.43,9.310485363006592,-0.02442152820766975,0.024048876712452556,9.806247155630041,-6.327356661195639e-05,-0.0001697949360305632,-0.00028479871807586744,1.637714919953366e-16,1.6408750326894866e-10,-2.2749223371863244e-18,1.0
295.44,9.320162057876587,0.03609356792071565,0.002520512382078823,9.778356043368012,-0.00010469075893753124,9.23902604696569e-06,-0.0005453628407695926,1.7811293506951202e-16,1.6408756548683082e-10,-2.2734392127985264e-18,1.0
295.45,9.330496788024902,-0.010536835560189736,0.011227068130273339,9.79130837373912,0.0002474323951415491,0.0006565580480422655,-0.00025674865706716365,1.9245995422216694e-16,1.6408762769766962e-10,-2.2827893143525002e-18,1.0
295.46,9.340270280838013,0.01794969090075215,-0.0024539998538362436,9.810164130111604,-0.00013746186918545163,-1.2535414888282271e-05,0.00012441783247561233,2.0681218783226457e-16,1.640876899116591e-10,-2.2946805679876174e-18,1.0
295.47,9.350228071212769,-0.03764334384374969,0.01788568636680289,9.768272799405567,9.739859854808996e-05,0.0005134519559847521,-0.00010718094196960003,-4.611000780103938e-16,1.640858532266973e-10,-2.299598286801168e-18,1.0
295.48,9.360222101211548,-0.02911734261357917,0.0034129380823862293,9.809983252193156,2.4877923371816263e-05,0.00017938795562248065,-1.0560832390702173e-05,-4.539036896948683e-16,1.6408970488224376e-10,-2.307560519141909e-18,1.0
295.49,9.370271921157837,-0.012842019913150515,0.016437664893251262,9.801873522823222,9.05200348633673e-05,-0.00030798764644613964,-0.00021935604863725493,-4.3956142988153304e-16,1.6408976708120926e-10,-2.3087054087249263e-18,1.0
295.5,9.380281686782837,-0.022215828442787314,0.006923801823597114,9.842132556943236,6.474544232605643e-05,-1.5303274382108707e-05,-3.7261347719286966e-05,-4.2521010138544697e-16,1.6408982929462625e-10,-2.315497971603213e-18,1.0
295.51,9.390114068984985,0.011468070910841144,-0.004859775342293442,9.78555705164791,-0.00029478610981677536,-9.065445210421182e-05,-3.634555527346973e-05,-4.1086981692198134e-16,1.6408989149859947e-10,-2.320639334995938e-18,1.0
295.52,9.400335788726807,-0.013577946024708007,-0.031970729923248474,9.804115998807346,0.0005580072232657245,-0.0002485998102320258,-0.0003426346293783713,-3.964967155673856e-16,1.6408995370613316e-10,-2.3191164727955037e-18,1.0
295.53,9.410323858261108,0.015649696853836433,0.016833839304240365,9.795535770631657,-4.390642205630878e-05,9.874933955851633e-05,-0.0002092231498469066,-3.82133782022433e-16,1.6409001590351787e-10,-2.318675161858633e-18,1.0
295.54,9.420159101486206,-0.004875706475177214,-0.0072635435667018616,9.832346499478437,-3.2607570623920548e-06,-9.456643084923323e-05,-0.0001673642318273728,-3.677632365862609e-16,1.6409007809943588e-10,-2.3175471703797995e-18,1.0
295.55,9.43045163154602,0.007885891091350641,-0.0375969560774892,9.817081093394595,3.4939966423230096e-05,-3.291376162995407e-05,-7.114942845080066e-06,3.216911489197502e-16,1.6408824971321988e-10,-2.3167007481084658e-18,1.0
295.56,9.440267324447632,0.005290706418763344,0.014053247536624229,9.792137718273143,-3.945458891569169e-05,0.00015029714808250107,4.508715258250382e-05,3.3606926989393863e-16,1.6408831192898877e-10,-2.3235733856539635e-18,1.0
295.57,9.450298309326172,0.026913005660750177,0.009391457196851676,9.82763514697966,0.0006189569656819236,-3.894059832536277e-05,-0.00020103143695310814,3.5042416624165427e-16,1.6408837413619374e-10,-2.3296649191291402e-18,1.0
295.58,9.460384130477905,0.022547316190250865,-0.010628544275599689,9.838879752284733,0.000314067241984758,0.00044278160272877184,0.00010980341961257578,3.6476920021803524e-16,1.640884363392692e-10,-2.3391633747657328e-18,1.0
295.59,9.470436096191406,-0.01262979142688128,-0.024163842764661773,9.809606867699205,-9.437482967031979e-05,0.0001068675770372096,0.00019305366380638442,3.791124906659187e-16,1.6408849854017016e-10,-2.3398314557380867e-18,1.0
295.6,9.48045015335083,-0.0009501995351763607,0.017197596598418435,9.78938675886703,1.4329920888127143e-05,-3.302828719012552e-05,-0.00010702056999782153,3.9346164767455755e-16,1.6408856074556283e-10,-2.3431711163836783e-18,1.0
295.61,9.490197658538818,-0.02575948912731586,-0.007102402609078374,9.805747857107548,-1.0288056093031079e-05,-0.00024526871603655664,-4.016451347452382e-05,4.078091636028548e-16,1.6408862294960672e-10,-2.3523289831302946e-18,1.0
295.62,9.50035548210144,-0.0427723186476341,-0.002063739151319189,9.776655387622906,2.7213242166528994e-07,1.711408821831211e-05,0.00011282756160634053,4.1498847220337907e-16,1.640886768108862e-10,-2.3595939243605805e-18,1.0
295.63,9.51028561592102,-0.027114557861675662,0.0041510813010626185,9.807068887688407,-0.0002631396187446307,1.935422819807417e-06,7.356133865692761e-06,4.0063453959636703e-16,1.6408873899988528e-10,-2.369015739575626e-18,1.0
295.64,9.520164966583252,0.0042415621644256805,0.005831085403410707,9.787847547282215,0.00032259658416340566,0.00011790644395900718,-9.265643305026087e-05,3.862728999075926e-16,1.6408880119900386e-10,-2.3777401212696728e-18,1.0
295.65,9.530363321304321,0.030925110869757504,-0.014545671858336768,9.799066636186623,-7.709864698521741e-07,4.417419530258572e-05,2.681679833296843e-05,3.719131703946748e-16,1.6408886341576323e-10,-2.3792257301186427e-18,1.0
295.66,9.540243148803711,0.040915969099197355,0.002259806785591254,9.808596998071417,-9.410273691449439e-05,-0.00020543532950259187,-0.00049607480024809,3.5756443777368136e-16,1.6408892562799763e-10,-2.3851685294204028e-18,1.0
295.67,9.550293445587158,-0.0027480061950722642,0.001038615557425777,9.782708168080896,0.0003612319701076489,6.662983046026435e-05,-0.0002568808153575326,3.432149944814213e-16,1.6408898782368494e-10,-2.396063241955599e-18,1.0
295.68,9.560213565826416,-0.01091764974252449,-0.0031363990837076456,9.77509018906405,0.0001263090995612314,-0.00021962069499197916,0.00019319762220346287,-3.462288726100523e-16,1.6408715948502334e-10,-2.396305163413233e-18,1.0
295.69,9.570273399353027,-0.002919077649393357,-0.014465532162984534,9.794668244356046,-1.4035393886050409e-05,0.00028645442552259915,-0.0002837163865334488,-3.605963182925764e-16,1.6408722169142212e-10,-2.3929504049479156e-18,1.0
295.7,9.580358028411865,0.0010921667878884432,-0.0021003959725005425,9.805999317250803,-0.0002692884780200228,0.0001429417178425341,9.218111532345145e-05,-3.7493402341923696e-16,1.6408728389680822e-10,-2.3954038897012455e-18,1.0
295.71,9.590177297592163,0.010393439803547148,-0.016547257246676828,9.820678199123302,0.0001264035741478018,-0.000135071894632345,-0.0002399464983293972,-3.8925681771148406e-16,1.6408734609482047e-10,-2.3955534705869492e-18,1.0
295.72,9.60031771659851,0.005883733962630222,-0.005372463575135737,9.80974169634488,-0.0004401111851109015,0.0001486207965604687,-6.283763350309041e-05,-4.0360717493848066e-16,1.6408740829572578e-10,-2.3970635992391235e-18,1.0
295.73,9.610374927520752,0.03327759018686037,-0.011210439582030267,9.771402582134119,-0.00010656239091177902,-0.00022202072847782387,-0.00024125986732709623,-4.1795186845582245e-16,1.640874705012936e-10,-2.397080239820884e-18,1.0
295.74,9.62014365196228,0.021985857113999818,-0.00072401090652705,9.79785797817061,-0.00025196918101269295,-2.779759355641059e-05,0.00024843395445067843,-4.3230508049583854e-16,1.640875327162658e-10,-2.409610239525954e-18,1.0
295.75,9.630671977996826,-0.008906858222447108,-0.008308419239494961,9.776719543599357,-0.0002477082907234919,-0.00018645013159113418,8.827146146419896e-05,-4.466469733823282e-16,1.6408759492080709e-10,-2.4097757867803423e-18,1.0
295.76,9.640240669250488,-0.03862397947870839,-0.01170744621805343,9.819539487231669,-0.00022282584569199924,0.00027529309388346705,7.788199311908951e-05,-4.61006255762349e-16,1.6408765712730996e-10,-2.4156960162329365e-18,1.0
295.77,9.650224447250366,0.014417589030930607,-0.0021315383706305546,9.774919112817171,-0.00022495858701514232,-0.0001932926950384663,-1.1643388050561448e-05,2.0689959754414997e-16,1.6408582041771165e-10,-2.4194397017195685e-18,1.0
295.78,9.660208463668823,-0.01024050481957446,0.019227879829122867,9.786619193604727,0.00012037823729432619,6.92291738965522e-05,-0.00040558728203536675,2.2125403076344253e-16,1.6408588263108924e-10,-2.4212175663927684e-18,1.0
295.79,9.670322179794312,0.026258313235482816,0.02736223672671192,9.798490689557047,9.910680986759689e-05,-0.0002983073713291288,0.00024480963002653346,2.3559187400931806e-16,1.6408594483973841e-10,-2.42079963325639e-18,1.0
295.8,9.680302619934082,0.013695228850542786,0.01455948875236947,9.79608687938794,0.00022705951878117256,-0.00023369519477705401,0.0002851624711477607,2.4993725678930533e-16,1.640860070409859e-10,-2.422842600451921e-18,1.0
295.81,9.690149307250977,-0.005114668881559653,0.017148899283137134,9.805224354363624,0.0002136979037452057,0.00028255588809684507,8.457924885378375e-05,2.642867484300749e-16,1.640860692287104e-10,-2.4296588559780484e-18,1.0
295.82,9.700373888015747,-0.025978356252994345,0.016796525801652945,9.827500706683585,-3.1449379345039806e-05,0.00016465881611352193,0.0001166971024515993,2.786748956220773e-16,1.6408613143269918e-10,-2.427415117387031e-18,1.0
295.83,9.710306167602539,0.019912458150105207,-0.017787639581076146,9.810102309101772,6.09707525224325e-05,-8.513213258727308e-05,-0.00018638149047931168,2.9304205672202853e-16,1.6408619363326626e-10,-2.429696764601017e-18,1.0
295.84,9.720136880874634,-0.0062527512004094355,0.022195040139483774,9.810422806462961,0.0002028738287873828,-6.698192116053925e-05,7.76757105321419e-06,-3.748569571812327e-16,1.6408815470857998e-10,-2.4283161762200726e-18,1.0
295.85,9.730530977249146,-0.005146996336924255,-0.02837325088802111,9.792064439230792,-0.00013200037600104978,-0.00019434561041301065,-7.527841981680345e-05,-3.6048263927797273e-16,1.6408821691724952e-10,-2.4281184703639383e-18,1.0
295.86,9.740217685699463,0.013600980478563658,-0.0227392912657924,9.826474899936017,-6.92022788839045e-05,-0.0002615162967552914,-0.00013203258450815157,-3.4611470516491873e-16,1.6408827911871732e-10,-2.433542957253626e-18,1.0
295.87,9.750293016433716,-0.02404214809551577,-0.010765161584200303,9.804972269503432,0.00016449655818734834,8.605391493970307e-05,-4.52018440846912e-05,-3.31747397645588e-16,1.6408834131884767e-10,-2.4406511059348495e-18,1.0
295.88,9.760290145874023,-0.03369866808428886,0.01605600071549858,9.799653856148623,-0.0002284450755281641,-0.00016335706843287413,-0.0002506567653642731,-3.173992716066098e-16,1.6408840353554073e-10,-2.4510153240211273e-18,1.0
295.89,9.77023959159851,-0.022133414328509043,-0.0039045629605057894,9.782969296282337,2.5770400842602453e-05,0.0001873492011295,0.0004259458069093086,-3.030672207632753e-16,1.6408846573549024e-10,-2.4532066137030814e-18,1.0
295.9,9.780250310897827,0.019493371887980795,-0.011409553834980178,9.777652512795656,0.00016030938184684692,0.0003073392921316167,0.0003937131900072274,-2.8872951753674184e-16,1.640885279529943e-10,-2.4536108966433053e-18,1.0
295.91,9.79020071029663,-0.005263704781532779,-0.007014189623753675,9.796909057989977,-3.714378485420846e-05,-9.721263700941354e-05,-8.888132522276542e-05,-2.7438383796730343e-16,1.6408859016241888e-10,-2.4667757811421987e-18,1.0
295.92,9.80036735534668,-0.029007819666067726,-0.005215004189496023,9.795776979045886,5.8604580728422466e-05,3.192843177894552e-05,2.2479950822688043e-05,-2.600434642668397e-16,1.6408865238896948e-10,-2.4767095071031995e-18,1.0
295.93,9.81027364730835,-0.0147758982613541,-0.036803176282626165,9.821579244585067,0.0003079837681820289,-2.0751492649642813e-05,-0.00048603010374644154,-2.4567125093104734e-16,1.6408871460919223e-10,-2.481864652179718e-18,1.0
295.94,9.820152997970581,0.004477262618479176,-0.001322511531516487,9.777552614565328,-1.839329241739831e-05,-0.00011127590030291808,-0.00012896614555342996,-2.3847716501181487e-16,1.6408876849985181e-10,-2.4805446163284704e-18,1.0
295.95,9.830496549606323,0.03338308197811341,-0.012787455360667941,9.813479871783743,-9.003734253797439e-05,0.00016276337542310036,0.00011981120414469774,-2.384580631298947e-16,1.6408883071015677e-10,-2.4822601551542924e-18,1.0
295.96,9.840199708938599,0.018652110566160424,-0.041986188818927614,9.828459516490206,-0.0003684210857815274,-6.83334201680123e-05,6.880419989539791e-05,-2.3845728126914637e-16,1.64088892915032e-10,-2.483447073121408e-18,1.0
295.97,9.85026502609253,0.021459444069843257,-0.011533208694578051,9.784486220428176,0.0002506286126946391,-0.00013191419393320604,-0.0001428592677798486,-2.3844706336848635e-16,1.6408895512607938e-10,-2.485595662051744e-18,1.0
295.98,9.8603355884552,-0.019650677553051717,-0.023635237513909328,9.800395424587924,-0.00032844906869332184,0.0001669913609299643,4.1203711405901925e-05,-2.3844293736755563e-16,1.6408901734459258e-10,-2.487394375692871e-18,1.0
295.99,9.870471000671387,0.00957578610288532,-0.0035856900075858632,9.783059094853568,-0.000304311068565655,-6.412008430939596e-06,0.0004963012903464173,-2.384163853793708e-16,1.6408907959464522e-10,-2.4876041581275834e-18,1.0
296.0,9.88038158416748,-0.014636579424488469,-0.014009157360070874,9.804593537428808,-0.0002645850600917154,6.799741445724311e-05,-2.934364181756808e-05,-2.4558305699121033e-16,1.6408915008018525e-10,-2.483897872165893e-18,1.0
296.01,9.89012336730957,0.004302711713473803,0.013286424696277156,9.804435701014986,0.00042512253472420843,0.00011092043241294618,-0.0002145191706735177,4.223482008332535e-16,1.6408731334659262e-10,-2.4939101011154378e-18,1.0
296.02,9.900441408157349,-0.01684121424204836,-0.009347698483384036,9.778280721178653,0.0004549027191778995,2.7236437283397424e-05,-0.00032433328157907516,4.2235520410392447e-16,1.6408737554193037e-10,-2.503303939795643e-18,1.0
296.03,9.910268306732178,0.04475211091619025,0.029238496067808213,9.785444418218367,0.0001324023810539579,0.0002864030797775144,-9.184907044146894e-05,4.223686631760133e-16,1.6408743774231787e-10,-2.5121305487893537e-18,1.0
296.04,9.92014765739441,0.007291795500981544,0.00578163176497662,9.775029610645175,-0.0001662431134144098,-0.0001404261940135245,0.0004350330102445598,4.3671730580342393e-16,1.6408749997326602e-10,-2.5145862523957566e-18,1.0
296.05,9.930530548095703,0.007458504309509571,-0.018228306939584736,9.844723417169496,0.0001304443077577158,-8.635845185125822e-05,0.00025804952425884483,4.511035444706604e-16,1.6408756218390097e-10,-2.5125895980393145e-18,1.0
296.06,9.940194129943848,0.0162350667267708,-0.01957581234123868,9.806135755544576,2.3188539132879232e-05,-0.00010859282130072233,-0.00015241599663080155,4.654865745676073e-16,1.640876243923233e-10,-2.5208142647567026e-18,1.0
296.07,9.950308799743652,-0.012389436404154214,0.007712268296819334,9.759490454589075,0.00028883952788436186,0.00016487973220100663,-7.19161530725006e-05,4.798641712888668e-16,1.6408768659848437e-10,-2.5290846269198042e-18,1.0
296.08,9.960445880889893,0.02884877252440905,0.010695322465328236,9.792666976583108,5.375023209649916e-05,0.00018294401961155044,9.805513629975747e-06,4.942216349961386e-16,1.640877487978414e-10,-2.5345109629523393e-18,1.0
296.09,9.9702730178833,-0.028757121006178683,0.002582916993944054,9.78250904418193,-0.00017277384738644363,0.00021350595744102705,0.00018494813817535993,5.085851982784744e-16,1.640878110060022e-10,-2.534108510284988e-18,1.0
296.1,9.980255365371704,0.011578312378407734,0.009389294103986378,9.801832676542988,9.13973702137933e-06,0.0001845526871861529,0.0001005231300301013,5.229434586519802e-16,1.6408787321153056e-10,-2.5298709706607883e-18,1.0
296.11,9.990134716033936,-0.03325802589357107,-0.00271280451682512,9.786420259661956,8.154329200650195e-05,0.0001283168550462701,0.00044476727260367715,5.086116100730414e-16,1.6408793538469632e-10,-2.5328492648204966e-18,1.0
296.12,10.000338315963745,-0.014491384105588338,0.030074066805598435,9.783811244812163,-3.1776367957261178e-06,0.00027631030863734137,-0.0003694152780604122,4.942851492062627e-16,1.640879976138308e-10,-2.5360983367547666e-18,1.0
296.13,10.010254383087158,-0.015384890390713911,0.007111079707084686,9.821333557370938,0.00018534452347842548,-0.0002216200327759561,-0.0003071570971301239,4.799401485658645e-16,1.6408805984634843e-10,-2.5355875364961708e-18,1.0
296.14,10.02011775970459,-0.00645524634078951,0.01718250600994419,9.833297811487693,0.00022170937095221664,-6.769556629045358e-05,-0.0003593856858320969,4.655908085345961e-16,1.640881220401088e-10,-2.5396088933268933e-18,1.0
296.15,10.030349254608154,0.02234920554226119,0.014726677405780937,9.825041471161729,0.0001060208431904685,-0.00014620905391697116,0.00024367987643743525,-2.1667741917439122e-16,1.6408628537636185e-10,-2.5451645511329144e-18,1.0
296.16,10.040207862854004,-0.0028203106330645907,-0.02851927398734641,9.808331534985719,-0.00022730851847892295,0.0003415887470900062,0.0003854903176119655,-2.3101376370087664e-16,1.640863475909862e-10,-2.551086236252589e-18,1.0
296.17,10.05022668838501,0.027767593834277435,-0.01465216850820557,9.804019782561822,0.00011635764321195501,-3.3508900737543e-05,-0.00010907453563362984,-2.453505873490305e-16,1.6408640980099889e-10,-2.550655525821892e-18,1.0
296.18,10.06039571762085,0.010410773145734525,0.0030872006185233797,9.787936307149954,6.722007180060254e-05,-6.019800192522042e-05,-2.5346371124033287e-05,-2.5970510701634724e-16,1.6408647200864446e-10,-2.5566489950918152e-18,1.0
296.19,10.070273160934448,0.025478566923984824,-0.001623006555829109,9.810148757849573,2.7314360806183254e-06,-0.0003100935310717891,-0.00021149415976548665,-2.740597076336359e-16,1.6408653421047182e-10,-2.5637416578822513e-18,1.0
296.2,10.080296516418457,0.0005363648522638155,-0.02555449528275998,9.83814466546751,0.00029075524411697063,-0.00033211522902617467,-1.9781902997680904e-05,3.938587607351645e-16,1.640884952814791e-10,-2.57549314029093e-18,1.0
296.21,10.090230941772461,-0.0035339879194114954,0.03546173524599654,9.81935350051183,-0.00038900318459026995,0.00011771588457652416,0.00012994588779861247,3.7950362759450454e-16,1.6408855749921688e-10,-2.588902044207706e-18,1.0
296.22,10.100377798080444,0.01082983885095066,0.018516810673734493,9.776415346007843,-0.00023802347565086645,-0.0003181121505153791,-9.76802756082409e-05,3.6513185498651846e-16,1.6408861969123346e-10,-2.590476123594512e-18,1.0
296.23,10.110244274139404,0.030683973767017925,0.006272542818108627,9.778273013808292,0.0001400145113415025,-0.00020064986459523081,-3.600379483320497e-05,3.507722375227353e-16,1.6408868188359098e-10,-2.5928293488186825e-18,1.0
296.24,10.120149612426758,-0.013927782749501435,0.001427067378826156,9.826184513812805,7.0728588964085516e-06,-0.00016362035428067916,-0.00010964529301108494,3.3643065600492257e-16,1.640887441075425e-10,-2.5924006452322616e-18,1.0
296.25,10.130374908447266,0.003020307692327232,0.027447289908901596,9.813693470720567,0.0002964321129542012,-9.592524142308561e-05,0.00010636932226381168,3.220795419020519e-16,1.6408880632169464e-10,-2.5954712559331807e-18,1.0
296.26,10.140193462371826,-0.02005222622951063,-0.007388950818680916,9.824237996128568,-0.0001371349507291621,-2.854320293614926e-05,3.111963458472157e-05,3.07735499519086e-16,1.6408886851655968e-10,-2.5933296137565784e-18,1.0
296.27,10.150236129760742,-0.001778106368089408,0.003802541600660402,9.792875235817075,0.00010844276381193104,0.0001546503048143889,-8.949488227241885e-05,-3.745213172840598e-16,1.640870318710594e-10,-2.586906858890331e-18,1.0
296.28,10.16061019897461,0.023435590996384897,-0.0061649382986872035,9.8157546462973,-0.000724158596245807,-7.14389405460749e-05,0.0002240956882197317,3.0057920135473804e-16,1.6408898464806104e-10,-2.5830290268563602e-18,1.0
296.29,10.170219898223877,0.0033378275523438935,0.010782567408791282,9.797250646693227,8.386234072148854e-06,6.505583369644207e-05,8.660253796080508e-05,3.005959187615944e-16,1.640890468520017e-10,-2.579154440841385e-18,1.0
296.3,10.180260419845581,-0.03087840244599513,-0.0154591949067256,9.78207759682873,0.0005165880627714423,-0.0006001312031751178,-0.0001427922206200092,3.0062228655211595e-16,1.640891090595614e-10,-2.5811364847055255e-18,1.0
296.31,10.190178871154785,0.015257557895792284,0.027052603659046704,9.74763695992221,0.00013225300464035874,7.321369156244078e-05,7.459238908178225e-05,3.078311062107202e-16,1.6408917955947534e-10,-2.580161506707876e-18,1.0
296.32,10.200313329696655,0.029822586393708196,0.030981307314169496,9.803435549049032,-1.0544168184989841e-05,-0.00011128465286944148,0.00039217356422970804,3.2219684151787785e-16,1.640892417718858e-10,-2.5793892440689857e-18,1.0
296.33,10.210323810577393,0.005671224899845418,-0.007177965258455559,9.828075584722669,0.00010844937679376086,-0.00013300788374439657,0.0001026194526279708,3.3654708426508357e-16,1.6408930397425308e-10,-2.5824799657273352e-18,1.0
296.34,10.220143556594849,0.011876336756965616,0.001614158217015622,9.804105354307103,-7.555106351743665e-05,-4.306508378003506e-05,0.00018948117904896372,3.5091695755237686e-16,1.6408936617802636e-10,-2.592608099649148e-18,1.0
296.35,10.23046326637268,0.012817965452695297,-0.025762907017333154,9.823135275137206,6.553390701117282e-05,-3.834678226218853e-06,0.00023628665611040613,-3.1700788358183846e-16,1.6408752943899627e-10,-2.60245276508251e-18,1.0
296.36,10.240185022354126,0.03556004339079857,-0.04511664308936152,9.79796107096481,2.361411001154243e-05,-0.00010900134961192323,7.74555558475441e-06,-3.02677317419119e-16,1.6408759164492192e-10,-2.599741169735794e-18,1.0
296.37,10.250336647033691,0.006144996458162309,0.01765959208253249,9.792079051227557,8.233472545942519e-05,-4.438718577920143e-05,0.0002874651130140556,-2.883360964197732e-16,1.640876538606604e-10,-2.6004609806501275e-18,1.0
296.38,10.26059341430664,0.012287171400900264,-0.0037688686239133163,9.809802053533545,-0.0002613698472679607,-0.00035484740936175943,1.2320306164344787e-06,-2.739888964908452e-16,1.6408771608190967e-10,-2.6145400138333785e-18,1.0
296.39,10.270344734191895,0.003081118983523914,0.0061823898549787475,9.804211411336059,0.0002975231212739998,7.126763389459458e-05,0.00020282920978537954,-2.5964375302018684e-16,1.640877782812494e-10,-2.6247858297597764e-18,1.0
296.4,10.280351161956787,-0.009315135536415628,0.0007970624172894781,9.79276590795471,1.533296207704512e-05,-0.00011339864168177777,0.00016244157357725355,-2.4527855447851805e-16,1.6408784049942213e-10,-2.6314055291853776e-18,1.0
296.41,10.290193319320679,-0.004483502392101627,0.005618008932501878,9.80520964208191,0.00015063920040651839,-0.0004446168972602225,-0.00019591055146201962,-2.309051543693343e-16,1.640879027230189e-10,-2.6313371765022076e-18,1.0
296.42,10.300309658050537,0.004040607702510267,0.005072103703435056,9.797249754346941,5.482505943683199e-05,0.00018835274465489485,-0.0004063404590091805,-2.1653713012527655e-16,1.64087964936857e-10,-2.630872956221683e-18,1.0
296.43,10.310258626937866,0.037000771884842465,0.01857276735871882,9.803188050322756,0.0002324371666785782,-0.00031399913633437454,4.8251277217171056e-05,-2.021826608595979e-16,1.64088027147253e-10,-2.6401588797606645e-18,1.0
296.44,10.320188045501709,-0.017134284433645633,-0.01391609950946765,9.790647252858859,-0.00036678275960431257,-0.00020246835868857816,-0.00019095331449025255,-1.878217268929453e-16,1.6408808936372915e-10,-2.6444325318448737e-18,1.0
296.45,10.330305576324463,0.008862522319063234,0.014547142192636184,9.781657934651522,1.8585190971669131e-06,5.9368904788760676e-05,-5.135681206451828e-05,-2.0217089822337113e-16,1.6408815161059725e-10,-2.6430509082320176e-18,1.0
296.46,10.340143918991089,-0.03173749666315529,0.006440964212244849,9.796247792236212,0.00018710078629462747,-0.0002251727648023037,-0.00024001797911076876,-2.1650404928196594e-16,1.640882138060668e-10,-2.6515102723398904e-18,1.0
296.47,10.350317478179932,-0.00859261441678267,-0.017905100387097167,9.807585641826067,-0.00014179369329352676,-1.639193387816855e-05,0.0001771891620423708,-2.308435768018762e-16,1.6408827600385785e-10,-2.6549678212269796e-18,1.0
296.48,10.360349178314209,-0.00216831393795132,-0.007200167112863365,9.812445592647952,0.00026764456386004144,8.740128854609113e-05,-0.00026167938931130006,-2.4518529724421605e-16,1.6408833821419876e-10,-2.6498402771446282e-18,1.0
296.49,10.370224475860596,-0.013348042525256586,-0.005774642286308477,9.793933347478177,0.00010723933001927446,-4.24827587660679e-05,-0.00021402240117136614,-2.595296698648672e-16,1.6408840041635048e-10,-2.65185439358058e-18,1.0
296.5,10.380209922790527,0.017656987767399764,-0.0059389508158266425,9.801648138323722,5.518054219617227e-05,-0.00030223016362182953,0.00010780994561326255,-2.738642108373408e-16,1.6408846262745072e-10,-2.6630953555443546e-18,1.0
296.51,10.390415668487549,0.008787844112017789,-0.009970071947303339,9.815866293649673,2.347235914135577e-05,7.627573249846634e-05,-6.298479140405488e-05,3.9404927114501893e-16,1.6408662595009439e-10,-2.671963160704831e-18,1.0
296.52,10.400281429290771,-0.031009466662220677,-0.009623656560451591,9.781759754668169,-5.752628617621184e-05,5.925141749208957e-05,0.0002618810576168914,3.7969199038667156e-16,1.6408668816311937e-10,-2.683123243225859e-18,1.0
296.53,10.410219669342041,-0.02747524648796443,0.025890372723662278,9.802677886620769,0.000350884536250819,0.0001608986382718899,-0.0001452249329299419,3.6532700750850886e-16,1.6408675038969688e-10,-2.68453119407733e-18,1.0
296.54,10.420273065567017,-0.015042981507453748,-0.0012296379132377174,9.804428865639158,0.00017361905093512704,9.08016752545369e-05,-0.0003140272683990828,3.5094918035868575e-16,1.640868125910836e-10,-2.6930337256630682e-18,1.0
296.55,10.430318593978882,0.003771427437210005,-0.019210132098691247,9.784792267179634,-1.613709908773458e-05,-0.00010773914260803348,1.2316005537599588e-05,3.365814534616585e-16,1.6408687480098692e-10,-2.6951417313343774e-18,1.0
296.56,10.440181493759155,-0.008793496227315265,0.016532590961879902,9.814434647772327,0.00010782408246562367,-3.721030972095653e-05,0.00010704239408146423,3.222286873651446e-16,1.640869370102215e-10,-2.6986433602208734e-18,1.0
296.57,10.450286626815796,0.025072751866397094,0.0003319379467535519,9.77439633330441,0.0002887064402266695,-4.466786515847931e-05,-1.541310453467965e-05,3.078984447226525e-16,1.6408699923900733e-10,-2.6940565893255455e-18,1.0
296.58,10.460350513458252,-0.01360405812907256,0.007865844370351647,9.805424065414062,0.0002048378710116786,0.00021869804061848595,-4.7718412521556194e-05,2.935583147933887e-16,1.6408706144852556e-10,-2.6902407923413918e-18,1.0
296.59,10.470260381698608,0.04095890951940641,-0.01765920921686222,9.818111555948272,3.213377132202873e-05,0.00015260463772237364,2.9378525022192926e-05,2.792046329478899e-16,1.6408712366635134e-10,-2.6885606878368143e-18,1.0
296.6,10.480323553085327,-0.04020324945698286,-0.007046718514861809,9.787829801082628,-8.275371791961967e-05,0.0004177815342351215,0.00031373934427473627,2.648709996305299e-16,1.640871858780805e-10,-2.6858696442679685e-18,1.0
296.61,10.490227699279785,-0.002018387134606326,-0.002464641497788336,9.793709073886006,-0.0001826470071554989,-0.0001047198185391609,-4.244801776502009e-05,2.5051853879293883e-16,1.6408724809569336e-10,-2.694060187243534e-18,1.0
296.62,10.500258922576904,-0.010227756523299122,0.0058270144381326015,9.800123732935203,0.0002287586180680977,-0.0002973607982097488,9.815634866370702e-05,-4.317620094230021e-16,1.6408920918002423e-10,-2.707354076073633e-18,1.0
296.63,10.5102858543396,0.013388349371547868,-0.00518973959223433,9.791809131866883,-9.195942444510616e-05,-0.0002460511500068596,0.00037856057815351514,-4.317566022276748e-16,1.640892713876256e-10,-2.721207629106203e-18,1.0
296.64,10.52028751373291,-0.008223620864228766,0.01594535247632928,9.795261433950987,-0.00023795963965176115,-2.8397562568366328e-05,0.00034332499898537407,-4.317581142116338e-16,1.6408933360570644e-10,-2.735401169489365e-18,1.0
296.65,10.530340194702148,-0.001292357484023496,-0.0234153503540237,9.788252717744818,-0.0004370985622089015,-0.00013538117052479734,-2.2237954519973394e-05,-4.317601466368153e-16,1.640893958229186e-10,-2.750006540802345e-18,1.0
296.66,10.540158033370972,-0.0009243400847086527,0.017334867022496724,9.796190987686028,-0.00023565471978250212,0.00034145340637732385,0.00027443950316526213,-4.1739701023128227e-16,1.640894580294254e-10,-2.760835488564994e-18,1.0
296.67,10.550198554992676,0.012795467410009868,-0.010165128395924464,9.80793627772114,-4.5944386117127216e-05,0.00016332459190305357,0.00019726223746415364,-4.0302828004075455e-16,1.6408952024252411e-10,-2.7623052623324194e-18,1.0
296.68,10.560272216796875,-0.002777905718179066,0.006737360240445157,9.806392550693705,-0.0001488720165388738,-3.3887786724121194e-06,-8.379916157716006e-05,2.649222046142504e-16,1.6408768350623876e-10,-2.7643244558220852e-18,1.0
296.69,10.570286989212036,-0.0023462668893779524,-0.019095975149374337,9.823846059662658,-0.000284598893734431,-2.9825397857648417e-05,-0.00020714531890785474,2.6494768070755274e-16,1.640877457552636e-10,-2.7660082416740742e-18,1.0
296.7,10.580246448516846,-0.0018797074525295538,-0.0047949463245234,9.796634082845053,-4.015800504629244e-05,0.00011233215839319634,-0.00013878145666033594,2.6498403409111685e-16,1.6408780795792662e-10,-2.7711519884123096e-18,1.0
296.71,10.590209722518921,-0.004413139525242147,-0.0015662923921342445,9.78942100933855,6.83530865556147e-05,-0.00017145374398537178,0.00011749967031428037,2.650016227163866e-16,1.640878701817758e-10,-2.7750010736039378e-18,1.0
296.72,10.60028862953186,-0.017479444508451257,0.0045828159296664945,9.818334302369294,8.373401288123667e-05,7.649786488659149e-05,0.0001880343532832759,2.5066857625759195e-16,1.6408793238590555e-10,-2.779538389064331e-18,1.0
296.73,10.610290765762329,0.011253575880736876,-0.009096894967914725,9.819926394632827,-0.0001269443127771518,-8.725897203886063e-05,-0.00017724938233518666,2.3631229176287715e-16,1.6408799458596176e-10,-2.782408037455055e-18,1.0
296.74,10.620241165161133,-0.007492454386718461,-0.004000650954981205,9.816909827422778,-4.581153843046529e-05,-0.00029413489716477047,-0.00012656097500326357,2.2194675782015506e-16,1.6408805678798036e-10,-2.777246036226163e-18,1.0
296.75,10.630530595779419,-0.012404116809856394,-0.018156818629157787,9.802355142828613,0.00026493212856966176,0.00026727140173179087,0.00019498456001010688,-4.459807871430684e-16,1.6409001785013273e-10,-2.7807248823300938e-18,1.0
296.76,10.64012861251831,0.006053477093956752,0.003703457790224095,9.804018014242198,7.36831720342304e-05,0.00011978389861834127,-4.321585866539393e-05,-4.3164430267345874e-16,1.6409008005188846e-10,-2.7882421030273788e-18,1.0
296.77,10.650277137756348,0.0037775151871646913,-0.016224419094129867,9.826153066386064,-0.00012232755302758326,-2.4856925388523294e-05,0.0002121219858002501,-4.172751544678525e-16,1.6409014227034485e-10,-2.79150460426282e-18,1.0
296.78,10.660444498062134,0.009120866282436276,0.00548699847610547,9.813663792652104,-1.1224348152988589e-05,-7.616342906164161e-05,0.00035247216183609736,-4.029016986710152e-16,1.6409020448705182e-10,-2.7928141904437125e-18,1.0
296.79,10.670179605484009,0.006223005328089245,0.023744633349464264,9.801105705485542,0.0003100961918563035,-0.000234978535424791,-7.049133971879411e-05,-3.885276288336204e-16,1.6409026669885774e-10,-2.797547460968066e-18,1.0
296.8,10.680431604385376,0.01888958590770267,-0.03001449678714688,9.819109301756415,-3.786521596851772e-05,-0.00020154178009262135,0.00028424407358401677,2.937511358729668e-16,1.640884300516041e-10,-2.801573698522006e-18,1.0
296.81,10.690362930297852,0.010296072561254813,-0.0035333356786191963,9.807497776713975,-9.087986130323871e-05,-0.00012163884324602924,-4.343858227929571e-05,2.937606053473793e-16,1.640884922483053e-10,-2.8024676786160366e-18,1.0
296.82,10.70029592514038,-0.010768688070875875,0.016155476024183435,9.832307141096305,0.000138458333744156,-0.00035043055992723526,4.890957133599433e-05,3.0814202763794953e-16,1.640885544358654e-10,-2.8010560179636435e-18,1.0
296.83,10.710214376449585,-0.009832824397031908,-0.028982051944314045,9.783103912124004,0.00036886420662428246,-0.000487270188767551,0.0003433319692025408,3.225109418526061e-16,1.6408861664282837e-10,-2.8014065020417834e-18,1.0
296.84,10.720362424850464,0.0023596395538443816,-0.006059394047212854,9.808895120345378,8.76977853949163e-05,-0.0003193643549637518,-0.00033400262197761586,3.368662275031392e-16,1.6408867885821472e-10,-2.804287673445288e-18,1.0
296.85,10.730309009552002,0.01738677928814949,-0.009427003463724012,9.7893136028531,-0.00019934578363163674,0.0002234950964946941,-0.0002971637943482597,3.512244502391342e-16,1.6408874106852138e-10,-2.815166352628616e-18,1.0
296.86,10.74014401435852,0.014409625273188915,0.009096286464639034,9.808338517130013,0.00010240918595219376,9.52688067894792e-05,0.0002394743617608991,-3.1670652858469095e-16,1.6408690436103897e-10,-2.8208371728919576e-18,1.0
296.87,10.750375032424927,-0.0156957565041679,0.012404003239101097,9.79669462857357,2.440294558579836e-05,-6.099293046963396e-06,3.925664366054809e-05,-3.0236111196715556e-16,1.6408696656900554e-10,-2.824098558590498e-18,1.0
296.88,10.760331869125366,-0.05271092416886509,0.006117392694227485,9.780854991370113,-0.00015335822098741929,0.0001413333325897736,-6.181038089046422e-05,-2.8802640621084595e-16,1.6408702878871047e-10,-2.8270929766997865e-18,1.0
296.89,10.770143985748291,-0.010193520755469478,-0.012017857937808088,9.82782995402262,0.00018048713960742833,-2.782973593948996e-05,-0.00025850153301232716,-2.7368939091185174e-16,1.6408709100995456e-10,-2.838814163595637e-18,1.0
296.9,10.780242681503296,-0.022388367023027458,-0.004120415730017236,9.799829539046003,3.924255284620361e-05,3.7288786134441215e-05,-4.1375301717557035e-05,-2.5934074791414286e-16,1.640871532369844e-10,-2.848776569657811e-18,1.0
296.91,10.79043173789978,-0.011047433180488037,-0.0075935576490747374,9.795464453211327,0.00033464991527922216,0.00014415256074809334,-0.00027371022089803937,-2.4497859255893634e-16,1.6408721546989972e-10,-2.85119352647963e-18,1.0
296.92,10.800251483917236,-0.03267933647596523,-0.016571977188494912,9.820534390296334,-0.0001351798674437602,6.85688771118037e-05,-0.00030175152189044417,-2.306029541760122e-16,1.6408727769619659e-10,-2.851238780296467e-18,1.0
296.93,10.810245990753174,0.0004185798067151049,-0.01655252053795704,9.818784121743418,0.0001730653195985871,-0.00011360166395965784,-0.0002772873584690034,-2.1622673318452285e-16,1.6408733991390406e-10,-2.8527393487904555e-18,1.0
296.94,10.820245027542114,0.010567256843426838,-0.020800492307386467,9.801477521398658,-0.0002170100532260804,9.489144955416403e-05,-0.00016948878949843554,-2.0187117370484324e-16,1.6408740211967443e-10,-2.8621509490382887e-18,1.0
296.95,10.830286979675293,0.011791423959823688,0.013874673495914614,9.783521432378231,0.00029744110683383547,0.00011965631373528659,-1.3557543464735256e-05,-1.8750970431549718e-16,1.6408746433177393e-10,-2.864588258433883e-18,1.0
296.96,10.840144634246826,0.003088496588536379,-0.04218694145911779,9.796576424820495,-6.514524019207402e-05,9.085784370818894e-05,-0.00036828580715273705,4.80410716950299e-16,1.6408942539590306e-10,-2.864187363670948e-18,1.0
296.97,10.850300312042236,-0.011368229692773261,-0.012127549034391335,9.81760972586858,6.418884508377367e-05,-0.0003258452196756432,-0.0002097772751350734,4.660639109599437e-16,1.6408948761004908e-10,-2.8724469597953307e-18,1.0
296.98,10.860337972640991,0.0023222051594993407,-0.013962573637361551,9.798938172308688,-9.891456075708542e-07,-0.00010637523117732569,-7.529504179436618e-05,4.517299211720491e-16,1.6408954982326618e-10,-2.8795632213397245e-18,1.0
296.99,10.870201110839844,0.013421452895495853,-0.0008496816181372996,9.791163468627714,-0.000606475628004882,0.00022083438183552448,0.00013872827922702235,4.3739615414987095e-16,1.6408961202809416e-10,-2.875747858182042e-18,1.0
297.0,10.88023591041565,-0.006394835657868415,-0.04232789200679703,9.787757065372263,-0.00027460534712761114,0.00026968658889236157,0.00030162606136143995,4.230598617419607e-16,1.6408967422955157e-10,-2.8809141760990738e-18,1.0
297.01,10.890315294265747,-0.005575141692292874,-0.03171185005874609,9.823262208781955,1.2133126472473365e-05,0.00018412136166925372,0.00031406143693477344,4.0870152729831315e-16,1.6408973643245615e-10,-2.891046159918107e-18,1.0
297.02,10.900336742401123,-0.011905022378660366,0.005979131909913686,9.786189431443498,-0.0002486283769695266,-0.00011925476448243469,0.00038360339257750397,3.943617207533552e-16,1.640897986488248e-10,-2.9025456001630884e-18,1.0
297.03,10.910201787948608,0.03248252897581827,0.008215248963333095,9.81512101113439,-0.00014875043246236996,-7.364120515226431e-05,5.3150465455908304e-05,3.79998485813073e-16,1.640898608247176e-10,-2.917493223540316e-18,1.0
297.04,10.920312404632568,0.006457133940588222,0.0048932115141481726,9.802588954679567,2.330715069106437e-05,-4.5217746852941495e-05,0.00012812042740945387,3.6563879615240024e-16,1.6408992304575786e-10,-2.919518500579767e-18,1.0
297.05,10.930312871932983,-0.041996001300347134,0.0031765460560751915,9.811754457308332,-7.70476045868566e-05,0.00012644478345380438,-0.00019051237601200565,3.5126689674739253e-16,1.6408998524773047e-10,-2.929289344371769e-18,1.0
297.06,10.940162420272827,0.01521298078422096,-0.0026016147695233694,9.81542875135452,-0.00013739206689053027,0.0001912849292358541,8.527916328780356e-05,3.3690882482074157e-16,1.6409004743206705e-10,-2.930951912532328e-18,1.0
297.07,10.950265169143677,0.001358851374620145,0.026218268239556572,9.808205732231405,0.00012039408727727942,-0.0002538810211011994,6.55538351279368e-05,3.2254352563248246e-16,1.6409010965291258e-10,-2.9334591334660683e-18,1.0
297.08,10.960326194763184,-0.016506900571548685,0.010450874378424091,9.810645085151043,-0.0001311347290363758,1.480871571619464e-05,0.0005233617263671958,3.0818373270638635e-16,1.64090171864604e-10,-2.9315570042309977e-18,1.0
297.09,10.970164775848389,0.017516225445518088,0.009619160365896636,9.810547675938286,-8.1105059507569e-05,-0.00022554444021435867,3.516797773818068e-05,2.9384731007525016e-16,1.6409023407502256e-10,-2.931297253499625e-18,1.0
297.1,10.980303287506104,0.007077864644172008,-0.006954419276199189,9.794678929008933,0.0002058530253147988,5.9503325735635834e-05,-0.00037396470986593574,2.795103606045919e-16,1.640902962855621e-10,-2.930365267909252e-18,1.0
297.11,10.990262031555176,0.01981039548367684,0.007263039204062887,9.784708907548769,6.289762434678582e-05,5.849906250279228e-05,3.4936407847740015e-05,2.6516717232729985e-16,1.6409035850204087e-10,-2.931124576214754e-18,1.0
297.12,11.000289916992188,-0.008378323645162375,0.007634712457647338,9.8197356711471,0.00013581485139438446,0.00048018400642390344,0.00019350909015668054,2.5083870196830103e-16,1.6409042071150577e-10,-2.9400882114939676e-18,1.0
297.13,11.010252714157104,0.013788263053391848,-0.01287652373912846,9.787872863458379,6.501260846070609e-05,-6.274737231199569e-05,8.487132114671506e-05,-4.170829548082136e-16,1.6408858397543903e-10,-2.95111015694413e-18,1.0
297.14,11.020339488983154,0.0007046061191262539,0.008311002377287434,9.789157060917097,-0.0003044494391541829,-9.574643481380466e-05,-0.00013278824952325387,-4.0270578086552794e-16,1.640886461921672e-10,-2.9489883272381726e-18,1.0
297.15,11.030325651168823,0.0014884460160747594,-0.0033326143589191316,9.799816161050408,-0.00032439557254774484,0.00030933813481293836,-5.0750056537654414e-05,-3.8833344144267554e-16,1.6408870839709796e-10,-2.9488406115844755e-18,1.0
297.16,11.040160894393921,0.018267979774889673,0.012403084131522683,9.790842383745428,4.641169108867764e-05,-0.0006234122649200186,-0.00010545343298827267,-3.7394862878658283e-16,1.640887705963722e-10,-2.9471447051003083e-18,1.0
297.17,11.0503568649292,0.03567146844449606,-0.03193051723343264,9.809507674186104,1.6266448714944256e-05,0.00014742488759105909,0.0002494146159892277,-3.5956389796224075e-16,1.6408883280695643e-10,-2.953432756374652e-18,1.0
297.18,11.060364007949829,-0.010613376624892704,0.031174927639124394,9.764917964806346,8.45124142587983e-05,-8.510960639769676e-07,-0.00021250677933117506,3.2990240677884767e-16,1.6408700445996167e-10,-2.9542075950130223e-18,1.0
297.19,11.070219278335571,0.005032033060832626,0.025955600199957744,9.817050739621786,-0.00032219943659054785,-0.00010427761608636155,0.00030351416716185696,3.4426072772125267e-16,1.6408706667805639e-10,-2.958568426087199e-18,1.0
297.2,11.080643892288208,0.022922774980802575,0.028350850431272674,9.827097702804034,-0.00015704747947440373,-0.00016433481733370734,0.0003386147274296171,3.5861300282159904e-16,1.640871288956983e-10,-2.970365340916678e-18,1.0
297.21,11.090306282043457,-0.033463794863456256,0.0009326006025008529,9.807147210522517,0.00020369258281375394,-5.805936735271613e-05,1.7168755454345265e-05,3.7294168286641346e-16,1.6408719110416097e-10,-2.9736449406967737e-18,1.0
297.22,11.100310325622559,0.003183933324338806,0.019331015378485517,9.792659980235987,0.00019574213587687347,-0.0002962752162726153,0.00018013932639143217,3.872811462133069e-16,1.640872533374818e-10,-2.968795165057427e-18,1.0
297.23,11.110284805297852,0.007514445387053348,-0.0017027620439624832,9.776388429634913,0.00021887164495588138,-0.000272941851560046,0.0002476175675992551,4.0162569875015863e-16,1.6408731555910837e-10,-2.979724609575359e-18,1.0
297.24,11.120299577713013,0.011060370991591736,0.004701058286185615,9.793522948895381,-0.00011340809073286376,-2.0085727374792896e-05,-1.3920483579476992e-06,4.1596433723223864e-16,1.6408737776996885e-10,-2.9898404805562742e-18,1.0
297.25,11.130306959152222,0.0005490772549280694,-0.004866163930420213,9.813248521828248,-5.2347075559994424e-05,2.087147664508075e-05,0.0003426730099775178,4.3032226748709477e-16,1.6408743997938213e-10,-2.990694407943051e-18,1.0
297.26,11.140204429626465,0.010996639587172143,0.01945332146199527,9.795313666703164,8.054874268688277e-05,-1.0128820562004775e-05,-0.00044973086296209313,4.44688675897306e-16,1.6408750219704966e-10,-2.9906976109817175e-18,1.0
297.27,11.150530815124512,-0.009937770031235927,0.00866728194068248,9.77947654310588,0.00025544713591360666,0.00024859803135338554,0.0004846807428128005,4.590805851318679e-16,1.6408756441276477e-10,-2.9926283423146177e-18,1.0
297.28,11.160389184951782,0.024158725732505614,-0.02670865707765716,9.79180722639741,-0.00013884945500887452,-0.000156320978506645,0.00023714716432250365,-2.1600140975832115e-16,1.6408951721942664e-10,-3.003145214113405e-18,1.0
297.29,11.17025375366211,-0.01762541307876563,0.0145174532262957,9.81042761893019,-0.00027693177476670414,-0.00019052827597190887,0.0001410458739288701,-2.159840412611507e-16,1.640895794252153e-10,-3.0160195742535115e-18,1.0
297.3,11.180373668670654,-0.023867166340576017,-0.02730454591363816,9.805894130070758,0.0001701748124294869,-4.0714186743453915e-05,0.00014345570463174652,-2.1597131763376576e-16,1.640896416405119e-10,-3.0242937199321796e-18,1.0
297.31,11.190255403518677,0.01891876804442072,-0.01095549567943622,9.82197480385051,-0.0003179436868603846,-4.1996717349288676e-05,1.9300855775280648e-05,-2.1595270428617275e-16,1.6408970386331725e-10,-3.0355424369445404e-18,1.0
297.32,11.200345993041992,-0.008924830035172684,-0.008671391654656626,9.779826509971448,8.717770401522507e-05,0.00012832597451848497,0.00015255968133805612,-2.1594364215731222e-16,1.640897660756302e-10,-3.0431976453322842e-18,1.0
297.33,11.210215330123901,-0.002595256662829025,-0.008196289655335264,9.805604959547463,0.00012661888577054472,-0.00021271717677055988,0.0002503623455954605,-2.1593427697315136e-16,1.6408982829406408e-10,-3.0493713314574758e-18,1.0
297.34,11.220335483551025,-0.007349133922339453,-0.006438914548298286,9.779203794678937,-5.841826684334642e-05,0.00025796840728824807,-6.439243518154906e-05,-2.2310943326428137e-16,1.6408610101120831e-10,-3.061405283549196e-18,1.0
297.35,11.230527639389038,-0.007455014253056651,0.0025696905457256304,9.817633327703177,-4.45552947015791e-05,3.0304434677536878e-05,-0.00022837622629668053,-2.374588279384511e-16,1.640861632142725e-10,-3.0592051178662856e-18,1.0
297.36,11.240216732025146,0.02142982270612185,0.02490978516039841,9.785703931060006,-8.816908324217066e-05,-7.194578590271646e-05,3.686195616148661e-05,-2.374443679795268e-16,1.6408622542349368e-10,-3.0576741460286725e-18,1.0
297.37,11.250279664993286,-0.01256403960382287,-0.011778742014183597,9.79766072520278,9.860418339840858e-05,8.835731408342137e-05,-0.0004600974617407297,-2.3743874017869543e-16,1.6408628763319883e-10,-3.057869404092249e-18,1.0
297.38,11.260308504104614,0.020289976965970055,-0.0005300824830160704,9.794415605391942,0.0002471565745224699,2.9925417633576294e-05,0.00024748644897309963,-2.374235242112343e-16,1.6408634984946122e-10,-3.0572464968502962e-18,1.0
297.39,11.270142793655396,-0.009803370278433306,0.015556562136612806,9.796311791114734,-2.8723097273852882e-05,-0.0003060788248018739,-8.197705559808891e-05,4.448620608919441e-16,1.6408831091049253e-10,-3.0547488990934655e-18,1.0
297.4,11.280763626098633,0.009542297016301483,-0.00444389326836191,9.83156910660168,-0.00018599070713575498,0.0003100872134735718,-0.0001145198101344048,4.592373006771721e-16,1.640883731095361e-10,-3.0535350132332386e-18,1.0
297.41,11.290345668792725,-0.005422919442840903,0.012960676526965184,9.791621418973948,0.0004129095249485729,-0.00028624786485631097,0.00028328011757238473,4.735985406496086e-16,1.640884353257417e-10,-3.057025737715211e-18,1.0
297.42,11.300238847732544,-0.009155899569741265,0.004141673948812522,9.825901178687356,0.00018043491097448716,-0.00026504472653464444,0.0002264772973666128,4.879647858320887e-16,1.640884975471098e-10,-3.064175732531922e-18,1.0
297.43,11.310367584228516,-0.004990394560237334,0.012699823404282658,9.798365750570024,-0.000152159568912106,0.000300438009503868,-6.690993969265423e-05,5.023422559323036e-16,1.6408855975788307e-10,-3.065909508942745e-18,1.0
297.44,11.320250272750854,0.011014327219298934,-0.006145135279121571,9.806983176510363,-5.713351126481635e-05,-0.00022077216129245478,-3.085186511746103e-05,5.02353854059175e-16,1.6408862196745597e-10,-3.065857717571523e-18,1.0
297.45,11.330259561538696,0.0202027909776697,0.030249155747460864,9.815765855476238,5.699822759301628e-06,-0.00011570556520286112,0.00019414959082876383,5.023609418125476e-16,1.640886841620174e-10,-3.06836696368673e-18,1.0
297.46,11.340146780014038,0.01295378302560728,0.0077120871964874264,9.766136720745683,-8.377297637400226e-05,-3.6077070256388164e-05,0.00034340094932535444,4.880132484559609e-16,1.6408874637924126e-10,-3.0677562015330818e-18,1.0
297.47,11.350305557250977,-0.001870459744535176,-0.01003413287428518,9.799518467090078,4.909431910700061e-05,0.00023670466014224918,1.3004192153494545e-05,4.736646781812935e-16,1.6408880859167555e-10,-3.0677941321796773e-18,1.0
297.48,11.360335350036621,0.017171764687779624,-0.0034986762031446734,9.801325559745964,0.0001325024716150231,-5.41436452768278e-05,0.0001433242683858455,4.592897798308132e-16,1.6408887079599048e-10,-3.071254162293816e-18,1.0
297.49,11.370239973068237,0.018246297943030208,0.008215886652369945,9.824029463748081,-0.00028123909452093456,-5.6322473931064376e-05,-5.6190618457118365e-05,4.521230959856299e-16,1.6408892464969353e-10,-3.0806957076317548e-18,1.0
297.5,11.38074254989624,0.018899534337675453,0.03204632424729781,9.806170255147242,7.535940971736028e-05,6.995986461328593e-05,2.8237154063472023e-05,-2.373055246608052e-16,1.6408709627602133e-10,-3.0796142465903704e-18,1.0
297.51,11.390268325805664,-0.00153343216291206,0.02329551944815063,9.791854223811345,0.0002000709760374558,-9.479011112097633e-05,-0.00019217292305843896,-2.516518350649789e-16,1.6408715849732094e-10,-3.0800153271448743e-18,1.0
297.52,11.400279998779297,-0.012806493183279121,-0.007690105685131448,9.785464646923648,0.00018890829244554562,-7.448572166088371e-05,5.6688700108103655e-05,-2.6600223364665363e-16,1.640872207103255e-10,-3.0867816158049117e-18,1.0
297.53,11.410450458526611,0.025342616432968215,0.02697184460229079,9.801260954256275,-0.0002495127631816288,-8.280292131908404e-05,-0.00011662753289232114,-2.803631792801027e-16,1.6408728290066289e-10,-3.099337592495943e-18,1.0
297.54,11.420283317565918,0.012174315028816602,0.004762209470909115,9.815396360586577,0.00015731819053283377,-5.790652396687638e-05,-0.0002354071070133443,-2.947202437945039e-16,1.640873451341112e-10,-3.1133006591437436e-18,1.0
297.55,11.430283069610596,-0.029708988113729656,-0.021457903761410525,9.798468166679715,0.0001145778697254051,7.834521676401547e-05,6.509212612421039e-05,-3.0908218680645527e-16,1.6408740733356542e-10,-3.118010469181692e-18,1.0
297.56,11.440217018127441,-0.023966051106821724,-0.02482786073119045,9.816549879547102,2.642034493180758e-05,-6.601839346765548e-06,-0.0001773841829960148,-3.234520406617674e-16,1.640874695280883e-10,-3.1217464239667623e-18,1.0
297.57,11.450332403182983,0.025393898473676742,0.013677567343600629,9.801691549535231,0.00029954598349684594,0.0001507818913012611,-4.326601261621343e-05,-3.378271560848585e-16,1.640875317387523e-10,-3.126537132813276e-18,1.0
297.58,11.460316181182861,0.006737640221902833,0.01347282148128348,9.813401075222478,6.0922360827951086e-05,0.00010963986303910277,-9.939530734969696e-05,-3.52165829101769e-16,1.6408759394965134e-10,-3.1284441426366704e-18,1.0
297.59,11.470264434814453,-0.0019475162616599455,0.017221374866932388,9.796521817393705,0.0002946879054871609,-0.00015273857542412076,0.0003110182786423302,-3.665023474263695e-16,1.6408765615729955e-10,-3.1337412554424046e-18,1.0
297.6,11.4804048538208,-0.017143067395357967,-0.004813235805997965,9.817694550899672,3.726511433713664e-05,2.0057563923107285e-05,-0.00023797514753007504,-3.8083103845939925e-16,1.6408771835490198e-10,-3.1273695829156277e-18,1.0
297.61,11.490248680114746,-0.004146708240579884,0.0048880502325421805,9.801070974235994,-0.00013164022483561484,0.00023469220341434003,-0.00017379579949160573,-3.9516709385565456e-16,1.640877805636699e-10,-3.1245289611467002e-18,1.0
297.62,11.500332117080688,-0.008649273813981395,-0.0014328544722967986,9.801733475563752,-0.000551578538285719,-0.00014229793199511327,-0.000260050068459888,-4.095053589657574e-16,1.6408784275703307e-10,-3.1216629725774235e-18,1.0
297.63,11.510430335998535,-0.022467268394206652,-0.0011722838360046324,9.816127342688477,-0.00021817783185947636,0.0005027017281241679,-6.91853888662321e-05,-4.238486486912458e-16,1.640879049726289e-10,-3.1268114318172335e-18,1.0
297.64,11.52028751373291,-0.0171923721315055,-0.01695641659256599,9.825443532229942,-0.0001492974643170094,1.8461572834319094e-05,-1.6322345921262006e-05,2.5841693751638595e-16,1.640860682705814e-10,-3.1355292698789443e-18,1.0
297.65,11.530309677124023,0.018474862036379623,-0.014163948521548328,9.80761705036648,-6.77787579045573e-05,0.00027721626234471496,-0.00023250849852144204,2.7279509564151905e-16,1.640861304730033e-10,-3.135331226525005e-18,1.0
297.66,11.540221691131592,-0.0025945829506054045,-0.021381418855352434,9.798050261468141,0.0002145724061884422,-5.5959775297291045e-05,0.00012756107171027744,2.8717271422757037e-16,1.6408619268192046e-10,-3.136879998978876e-18,1.0
297.67,11.550335884094238,0.005512711785658812,0.007130109536302487,9.820924759018189,-7.569303017808365e-05,-0.0003682608823458523,0.0001924956989840827,3.015501315245514e-16,1.6408625488500805e-10,-3.1345708551324773e-18,1.0
297.68,11.560362815856934,-0.008164728346941756,-0.012926087571473914,9.810249720070033,3.0372562941476925e-05,-0.00028617323816740775,0.00016223689141328814,3.1592355007119693e-16,1.6408631707213882e-10,-3.1407865665326307e-18,1.0
297.69,11.570172548294067,0.006743331811523568,0.026585136500207024,9.809838362226431,1.802624239268829e-05,0.0002141259292084063,-0.00022390857718792897,-3.519850434178976e-16,1.6408827815158509e-10,-3.144839997502172e-18,1.0
297.7,11.580317735671997,0.019606054477719737,0.003765927362967279,9.817289648539113,-0.00035630090599952935,6.455159654602228e-05,1.749895167146595e-05,-3.3761794609041465e-16,1.640883403622127e-10,-3.1526880579832016e-18,1.0
297.71,11.590245485305786,0.003298777050441585,0.01415472003928051,9.796323596657487,-0.00022399299764798978,-8.636105705290263e-05,-0.0002604296554696257,-3.232572469611656e-16,1.6408840256920125e-10,-3.164530243824013e-18,1.0
297.72,11.600314140319824,0.010546784163460353,0.004251217452504417,9.785700879564171,9.181735197002758e-05,3.287775771933419e-05,-0.00018334935317109471,-3.089164021511433e-16,1.6408846478176265e-10,-3.169835898671721e-18,1.0
297.73,11.610392332077026,0.012188098415328799,-0.006745001378659525,9.804536948373107,0.00020848802111934366,-0.00014349100391976562,7.030787458800091e-07,-2.9458364626228506e-16,1.6408852698197667e-10,-3.1737142685401625e-18,1.0
297.74,11.620239019393921,0.006079953560051555,0.014173951976139562,9.796760472479304,1.0664965506771926e-05,7.70859747005173e-05,-0.00038617271243172944,-2.802359269731525e-16,1.640885892037182e-10,-3.185452637279023e-18,1.0
297.75,11.630279779434204,-0.011475948616350911,-0.005983892948757013,9.822256745967675,1.0376431029858183e-05,-7.080822207434062e-05,-2.390435899252148e-05,-2.658870460590141e-16,1.6408865143011526e-10,-3.1949618529284637e-18,1.0
297.76,11.640161991119385,0.009103527019217477,-0.00010557892303695228,9.812451800183391,-1.1137405338060827e-05,-0.0003449647766035846,-8.816980572987506e-05,-2.5152380303895845e-16,1.640887136485344e-10,-3.200875149208163e-18,1.0
297.77,11.650316715240479,0.021244091956738213,0.02144450415808531,9.811494150311063,-2.3416878372509016e-05,0.00014767308319923927,0.00014023894703768674,-2.3714722797393523e-16,1.6408877587174998e-10,-3.201485737533932e-18,1.0
297.78,11.660279750823975,0.02404429062193901,-0.010099854168199708,9.78847584942823,-0.00030894135587200935,2.2832278446653075e-05,0.00026384953335346716,-2.227859348367466e-16,1.6408883810063685e-10,-3.1995910228140015e-18,1.0
297.79,11.670154571533203,0.007960115166031708,-0.02723590240149247,9.824513286801215,-0.00010862601037791955,0.00015366654418515923,0.00048489479567546837,-2.2277890089292807e-16,1.6408890031429328e-10,-3.2048435228790212e-18,1.0
297.8,11.680490255355835,-0.02182324393722646,0.011267630551302801,9.812574918850423,-0.00018419505807433823,-0.00013794199845307425,4.755427874900658e-05,-2.3711234569983647e-16,1.6408896252899527e-10,-3.205222559603843e-18,1.0
297.81,11.690221309661865,0.031113368349363867,0.020382256916909567,9.79955916353321,-0.00017454201144159008,9.015620624506452e-05,4.153096925635466e-05,-2.514597822393496e-16,1.6408902472858826e-10,-3.2069564365664917e-18,1.0
297.82,11.700274467468262,-0.004845533332726702,0.003711067325004702,9.819631849218865,-0.0003949865174067885,-0.0003539541492173715,-9.214550787119316e-05,-2.6580787137903986e-16,1.6408908692354217e-10,-3.2093954082061185e-18,1.0
297.83,11.71072506904602,-0.003189178677700962,0.03023282506518019,9.79374117962781,2.3473152531936145e-05,3.641090542758647e-05,-0.0003083577023253519,-2.801652620752069e-16,1.64089149125131e-10,-3.218220275737221e-18,1.0
297.84,11.720253705978394,0.04298965969415328,0.013139666736238483,9.796418383308641,0.00015381895506048573,-2.725089179298109e-05,-8.931387277801925e-05,-2.9451392270206535e-16,1.6408921134562006e-10,-3.2326414366105325e-18,1.0
297.85,11.730294466018677,-0.03858562997385941,0.003241894705539426,9.80122931128321,0.00025826840933501855,-0.00011422774890285812,-0.00023093810159367052,-3.0887213593137157e-16,1.6408927355961342e-10,-3.237659405714562e-18,1.0
297.86,11.740381717681885,0.009600477156843257,-0.024935505362478846,9.794415794249467,0.00012503007018369998,0.00018819570202304668,-4.027517966152114e-05,3.590296255994684e-16,1.6408743683265134e-10,-3.238943231646229e-18,1.0
297.87,11.750312089920044,0.0006717673379780252,-0.01645075126907304,9.802168250097182,-1.6004694829944477e-05,-1.3079049445206821e-05,0.00010199314934565398,3.4466503349595025e-16,1.640874990525367e-10,-3.2502613732893657e-18,1.0
297.88,11.760302305221558,-0.015159481100701647,0.004575162158657184,9.811294616114509,-7.560390814014749e-05,-9.548921922663505e-05,0.00010257071943348107,3.30307006868164e-16,1.6408756126619011e-10,-3.2557982957611086e-18,1.0
297.89,11.770216941833496,0.014514933438693133,0.0009842399934334727,9.816573747707805,-0.00046123529588965143,-3.4592599078878834e-05,-0.00012101463603678816,3.1595272210702237e-16,1.6408762349170987e-10,-3.2563506026602213e-18,1.0
297.9,11.780460596084595,0.013300267532036662,0.0031269686713564547,9.771422628480835,-1.5017246158540288e-05,0.00012744514550221933,0.00033154665763501844,3.0161563098413796e-16,1.6408768570935222e-10,-3.260949725963298e-18,1.0
297.91,11.790233612060547,-0.022713149178557542,0.014997245371054301,9.82753069135975,-0.00012592459066884776,-0.00018073509291427058,8.81579704193549e-05,2.8727133025631308e-16,1.6408774792366606e-10,-3.2572007314961157e-18,1.0
297.92,11.800286531448364,0.023454135067138438,0.005146900300257262,9.82736451228727,7.292580397436585e-05,0.00020217719200026546,7.794662436087763e-05,2.7294189312087244e-16,1.640878101202749e-10,-3.2565393416393032e-18,1.0
297.93,11.810499429702759,-0.01058729627164379,-0.020075084260833057,9.82521690679853,2.9616758946204072e-05,0.00019943275104291082,0.00010281747648592578,2.5858414667290453e-16,1.640878723382347e-10,-3.2606214913385385e-18,1.0
297.94,11.820233821868896,-0.0009484692947621593,0.0037885253238778833,9.804142187952248,-1.7020906546245758e-06,0.00038383583074932113,-0.00022926529506175997,2.442303664585997e-16,1.6408793453719845e-10,-3.27064841989006e-18,1.0
297.95,11.830305099487305,-0.04684645922433007,0.020805334183524697,9.794715711424804,0.00024147066537745854,0.00012410022847777105,-0.00014444581358858197,2.3704328203303675e-16,1.6408798848058672e-10,-3.2690850017553224e-18,1.0
297.96,11.840218544006348,0.019337440204583518,-0.025643217057219878,9.794999072834552,-6.0239372847928533e-05,7.72545518328489e-05,-5.9537961809922447e-05,2.3702809959337225e-16,1.6408805070705447e-10,-3.271928420969881e-18,1.0
297.97,11.850256204605103,-9.972314360315493e-05,-0.022152195271178204,9.827957429573013,-0.00011332846894171353,-0.0001880874774389144,7.155138610003788e-05,2.370225260125941e-16,1.640881129356074e-10,-3.271312250532204e-18,1.0
297.98,11.86027455329895,0.01255247307153644,0.011006648862165864,9.764528571497406,4.3823304620292285e-05,0.0002127262234782504,-5.352060129265832e-05,2.3701663444686323e-16,1.6408817514763317e-10,-3.2729727652058837e-18,1.0
297.99,11.870209217071533,-0.00992478123569969,-0.0023685579626801746,9.78937172938207,-0.00031689574613178194,9.197778382398269e-05,2.8718490663155063e-05,2.370021314167316e-16,1.6408823736853637e-10,-3.2721259383900058e-18,1.0
298.0,11.880364656448364,0.0037619202329686133,-0.01898049650982114,9.818227904264932,5.666903824606213e-05,0.0002038155493183681,-7.600892304924631e-05,-4.452886241324523e-16,1.6409019845468125e-10,-3.272744892749205e-18,1.0
298.01,11.890256404876709,0.016202085925643036,0.0012379130667445604,9.837584805714368,0.0001966365162738006,-0.00013039949807447897,0.0002869925004561602,2.4414329627127746e-16,1.6408837006669586e-10,-3.2715471093734368e-18,1.0
298.02,11.900300741195679,-0.015514468751789827,-0.014442269569210667,9.807132725548387,-1.9214742417648808e-05,2.827242647547222e-05,4.226514976671389e-05,-4.237729418788755e-16,1.6408653336999128e-10,-3.2738708514447063e-18,1.0
298.03,11.910311222076416,-0.010350313412938033,0.01794263899322705,9.795157271833382,0.0001977565697217905,0.00017504740009949645,8.786887021017439e-05,-4.2376826567831206e-16,1.6408659557783077e-10,-3.2818286979512895e-18,1.0
298.04,11.920241594314575,0.01620073246096725,0.007948206526391487,9.807867130313682,8.112617676891938e-05,-0.00020884786192927151,0.00032876558935129245,-4.237640839809268e-16,1.6408665778664341e-10,-3.2919876822849608e-18,1.0
298.05,11.9302237033844,-0.006820017977343225,-0.008124221691956918,9.806399622442964,-0.00023598435318808849,-1.7769308270015738e-05,0.000280194752297302,2.441792548475273e-16,1.6408861886152517e-10,-3.29226673427587e-18,1.0
298.06,11.940281629562378,0.009971492715640582,0.012253643501158372,9.798416039444575,0.00030711366101376805,-0.0002158828393068443,0.0001548146433163288,2.2981463992927003e-16,1.640886810624123e-10,-3.2887060275057088e-18,1.0
298.07,11.950327396392822,0.017765957076891697,0.0002471505700363629,9.824358369640915,-0.00041447348383463994,0.00019921472876876562,0.00022829220753510987,2.1545013949313824e-16,1.6408874326392997e-10,-3.286289093624719e-18,1.0
298.08,11.960373163223267,0.035189019743985354,0.0011506876509853067,9.814951206825086,0.00013593840186055275,6.95576631342696e-05,-0.00030457323456860004,2.0109880974323442e-16,1.6408880546745041e-10,-3.286920845493188e-18,1.0
298.09,11.970226287841797,0.012187692689242257,-0.00589550361651827,9.817900842094923,-7.092032005752507e-05,-8.410649066855919e-05,-0.00017733711949253014,1.8674928505241523e-16,1.6408886766776422e-10,-3.291672328015713e-18,1.0
298.1,11.980324983596802,0.0006471729948333247,-0.013019870734164753,9.817003919303954,-0.0003293366973285214,-0.0001384824037959467,0.00018811476537866729,1.724041521408798e-16,1.640889298702525e-10,-3.2930161048444927e-18,1.0
298.11,11.990134239196777,-0.019753770543842367,0.000789845612482057,9.800696487270958,0.00015915535262061979,-0.0002863330335992396,9.878650958089318e-06,-5.098788275325437e-16,1.6408709320053326e-10,-3.2907924425661687e-18,1.0
298.12,12.000267267227173,-0.013797857164313317,-0.0028639395326694682,9.766842380386379,-5.73024669725224e-05,-0.0001858882880857888,0.00014019990764479396,-4.955218726383094e-16,1.640871554290103e-10,-3.291546827202905e-18,1.0
298.13,12.010451078414917,0.007024812805087512,0.004539933628209809,9.804407436214284,0.00046778902771911257,0.00043646197358780377,9.537614210769493e-05,-4.811624966437015e-16,1.6408721763047635e-10,-3.303614535461157e-18,1.0
298.14,12.020226955413818,0.016062762234827856,0.005494050347050101,9.793489737877254,-0.000271536706447051,1.1524745368115325e-05,-0.00043978304132806794,-4.668189579873105e-16,1.6408727984171103e-10,-3.311479670339462e-18,1.0
298.15,12.030268907546997,0.054741762902914,0.02640398224330596,9.780251275734377,0.00017780060861688038,-1.8737235124346232e-05,-0.0002877256472860077,-4.524744976317545e-16,1.6408734203714245e-10,-3.3156738882623533e-18,1.0
298.16,12.040335416793823,-0.028161657704791145,0.012014766249810903,9.78766149336654,-0.0002472762416678574,0.00015051892566721474,9.680883039449322e-05,2.297981224603221e-16,1.6408930313500802e-10,-3.3214788611502184e-18,1.0
298.17,12.050284385681152,-0.0012548627302555806,0.01480544978786796,9.77987978359415,-9.407810501903886e-05,0.000188809371776169,-0.00015328651388627932,2.4413827996007296e-16,1.6408936535104102e-10,-3.323063337190458e-18,1.0
298.18,12.060299634933472,-0.03757119426708802,-0.01981730992061567,9.801013769401317,9.012112246988497e-05,0.0001699246717443587,0.00025261786687004727,2.5847798499164693e-16,1.640894275622792e-10,-3.332589086404957e-18,1.0
298.19,12.070470571517944,0.02011934230953356,-0.03135181619353727,9.807184320990242,0.00010947349320047524,-4.908282176152424e-05,3.6335137684275355e-05,2.7283742998566924e-16,1.6408948976995652e-10,-3.338108911194966e-18,1.0
298.2,12.080299854278564,0.007510319308262005,0.0032886509221607273,9.773107418311433,-5.3593350793211583e-05,-1.4309649277616184e-05,0.00010673420732151961,2.8718421857245837e-16,1.6408955196125843e-10,-3.33639567340868e-18,1.0
298.21,12.090137243270874,-0.02209955142706923,0.019809053106935905,9.796640843618109,0.00022730335537410177,0.00016736997887444632,3.630075787447544e-05,-3.80712415943163e-16,1.6408771522528619e-10,-3.3351601833781427e-18,1.0
298.22,12.10028600692749,-0.0325685887317239,0.01622092720983733,9.771299566523993,-0.00034592644632703786,0.00014320977117420055,0.00018965582515099487,-3.663454815449385e-16,1.6408777743908394e-10,-3.3363160239855712e-18,1.0
298.23,12.110448837280273,0.042846210812137187,-0.008586632473965803,9.802463442129598,-0.00015704744513861925,-3.369926006463382e-05,0.00022728981942542385,-3.5198800540197067e-16,1.6408783968884474e-10,-3.3397187672341993e-18,1.0
298.24,12.12017273902893,0.007168059195613285,0.007203790614473575,9.803883454744991,4.661800863322927e-05,0.000317259510607005,-7.439695561745898e-05,-3.376177869917007e-16,1.6408790187569793e-10,-3.342864355682775e-18,1.0
298.25,12.130263566970825,-0.02967122519102529,0.02460026568532981,9.78515522482,-0.0001314831999110476,0.00023543722683025902,0.00017499593054165878,-3.2326750747305713e-16,1.6408796410309725e-10,-3.3504802435946386e-18,1.0
298.26,12.140287637710571,0.017056737959122974,0.02206425644195211,9.805745832678614,-6.772210292371821e-05,-1.6241371593625542e-05,0.0003563776673547156,-3.089372000201806e-16,1.6408802630003915e-10,-3.361029484628528e-18,1.0
298.27,12.150243759155273,-0.00908021803342882,-0.0030423490387402607,9.815665579359656,7.088458182294236e-05,3.3412861783603915e-05,-0.0002797869113338849,-2.9459978539560747e-16,1.6408808848145094e-10,-3.3597893513957167e-18,1.0
298.28,12.160266876220703,-0.010057629300137481,-0.0016599639981795672,9.816494378212578,2.2252955681362056e-05,-3.6305357446777295e-05,-7.162024767729559e-05,-2.8025265046356483e-16,1.6408815068373194e-10,-3.371726343717825e-18,1.0
298.29,12.170189142227173,0.014712777336536479,-0.02983484946537612,9.78455980184486,-0.00020539052037035646,0.0001122063302248321,-0.0001791766077273722,-2.658939716817244e-16,1.640882128804371e-10,-3.3834684813387004e-18,1.0
298.3,12.180273294448853,0.015763073022849603,-0.017603021036398627,9.793458154275745,0.00012795262662301769,-0.00012503789982393158,-4.9940271355249664e-05,-2.5154229987682984e-16,1.6408827508280785e-10,-3.391167150249816e-18,1.0
298.31,12.190212965011597,0.008783385638557385,0.010098956775015632,9.813916450906127,1.8240043713685203e-05,0.0002687357998422368,-7.76489861918509e-06,-2.515328170202747e-16,1.6408833729512113e-10,-3.3940616531947804e-18,1.0
298.32,12.20028018951416,-0.01901364230200532,-0.03909468650534362,9.806655237109961,0.00015984279927377414,-0.00010709319651746881,-0.0003854248928584826,-2.6588253638544814e-16,1.640883994954479e-10,-3.3965034258494263e-18,1.0
298.33,12.210419654846191,-0.003333629592316465,-0.022656741963861138,9.778820583168931,0.0001327407154839958,-5.1170839101331834e-05,-0.00014764032723290878,-2.802325812154224e-16,1.6408846170730672e-10,-3.405770867522413e-18,1.0
298.34,12.220195770263672,0.0055911726398431396,-0.017984278107154875,9.795820795199292,0.00011199702471907209,-4.978508060605864e-05,-0.0006740124289668233,-2.945850116282136e-16,1.6408852392784217e-10,-3.4165992123007464e-18,1.0
298.35,12.230232238769531,-0.013886495394501902,-0.003922207777644705,9.822079885692636,-2.6572625166200006e-05,0.00034243177621955036,0.0002676961900114985,-3.089375134266417e-16,1.6408858613929158e-10,-3.41938231247466e-18,1.0
298.36,12.240224361419678,0.002157267304076364,-0.006529035372821745,9.80157854769982,-0.00039038462761047625,4.805327702929016e-05,0.00015771050082429857,-3.233030455266744e-16,1.640886483596449e-10,-3.422593404771901e-18,1.0
298.37,12.250242710113525,-0.0051885154268571055,-0.010787262341090294,9.791314044294996,-0.0007808841562981517,-0.00022722440210270347,-6.144024924781402e-05,3.4460240701070476e-16,1.640868116724362e-10,-3.4296213737905225e-18,1.0
298.38,12.260303735733032,-0.002000271465235114,0.004706724305856497,9.804646756593039,7.831421495290932e-05,0.0004176943960380342,0.00040583926047252345,3.302484005318876e-16,1.6408687388895968e-10,-3.434253977507035e-18,1.0
298.39,12.270229578018188,0.01833570176111325,0.012795412985843706,9.763984437060659,-4.9083704757502415e-05,-5.953330151807769e-05,-0.00034382731211236964,3.158993321452581e-16,1.6408693609834737e-10,-3.4348614505833074e-18,1.0
298.4,12.28042459487915,0.001756807045448588,0.01760362288820961,9.816172269553466,-0.0002626991400156976,-5.437828747805258e-05,-0.00022944610652650359,3.015511594772426e-16,1.6408699830717733e-10,-3.4391973276998193e-18,1.0
298.41,12.290112257003784,-0.009342310682834146,0.013729564493736378,9.801023562874486,-9.330817242864273e-05,0.00010309941491095882,0.00010569365335955582,2.8721460186307607e-16,1.6408706051635988e-10,-3.4372820082674342e-18,1.0
298.42,12.300299882888794,-0.02524222592556708,0.016706543386990808,9.78868505593901,-0.00013716950734990864,9.991849862734968e-05,7.877007658984599e-05,2.7287520452664873e-16,1.640871227317224e-10,-3.4370934915306334e-18,1.0
298.43,12.310503482818604,-0.031962342488338756,0.0001434944782803086,9.817814235446058,-0.00036544777641899824,0.0002116702219370825,0.00020087333845895868,2.5852275246819895e-16,1.6408718495525198e-10,-3.440251081491601e-18,1.0
298.44,12.320189237594604,-0.022367897907064126,0.014551658533760427,9.801624529179783,0.00023351630896836507,-6.543574020831871e-05,0.00015662252823965341,2.441669425312424e-16,1.640872471764731e-10,-3.4473835031942224e-18,1.0
298.45,12.330254316329956,0.014195973411418024,0.007559681670176747,9.815954802011241,7.606845522821057e-05,-9.35087809149376e-05,-0.00017993676304972346,2.298200362195735e-16,1.640873093802069e-10,-3.4474856269186066e-18,1.0
298.46,12.340263366699219,-0.001257143184726117,-0.009491347090471912,9.789134276362159,2.5962053551662314e-05,-5.3082964832764936e-05,3.4067515145316376e-05,-4.524668326461717e-16,1.6408927046112073e-10,-3.448869445313839e-18,1.0
298.47,12.35028600692749,0.025586755611181847,-0.003968965282243576,9.800424428538268,0.00035524984783351225,9.291694081511738e-05,2.596741214077106e-05,-4.3812707178500223e-16,1.6408933266270262e-10,-3.446929088092931e-18,1.0
298.48,12.360258102416992,-0.022943513166463255,0.045437689876411794,9.815364153474807,0.00013174481281216907,0.0004967896458173634,-0.00011739202163774065,-4.2375713306474033e-16,1.6408939487285533e-10,-3.452593103071216e-18,1.0
298.49,12.370345115661621,-0.02262257145777663,-0.01966687598507888,9.80921574836466,0.00012393046393196702,9.290954070717561e-05,-3.338318540147923e-05,-4.0939496119801074e-16,1.640894570678101e-10,-3.4562378808388703e-18,1.0
298.5,12.380289316177368,0.027651671009914145,-0.01090581678232263,9.79229461456066,9.80668928128798e-05,8.968841804110324e-05,-0.0002549898596387833,-3.950182087977159e-16,1.6408951925876333e-10,-3.456050521752227e-18,1.0
298.51,12.390124559402466,0.000998781427864068,0.01316272783396262,9.756446361045022,0.00013494739897578,-6.902257230621417e-05,-0.00030758964377624644,-3.8063193517865237e-16,1.640895814550621e-10,-3.458616042892211e-18,1.0
298.52,12.400320529937744,0.030250669562336786,-0.03226870195988407,9.752997068358273,0.00025548396234722,-5.7103902464080644e-05,0.00018349366165473918,-3.6624944973704937e-16,1.6408964365617082e-10,-3.4599547857001512e-18,1.0
298.53,12.410371780395508,-0.0175173486120411,-0.042471822090692335,9.806271196301331,0.0002243065503118879,-0.0003363571646067623,7.216530018118827e-05,-3.518634813775833e-16,1.640897058331057e-10,-3.466563066939116e-18,1.0
298.54,12.420164108276367,-0.020196827425975786,-0.015205344552027732,9.788067527065358,3.730640129139799e-05,-0.00017490462014894552,-0.0002309719335509089,-3.3749841419409403e-16,1.6408976804810698e-10,-3.4706520172817945e-18,1.0
298.55,12.430269241333008,0.022890615489692276,-0.018308496668280907,9.798695783733415,-0.00018804379539396265,0.00016265994434996533,-0.000271344742112045,-3.2312880525531913e-16,1.6408983025654926e-10,-3.4792362446967936e-18,1.0
298.56,12.44029688835144,0.023168957476500118,0.0007292653970806457,9.812808965635236,6.203647424003472e-05,8.746312605391058e-05,-0.00032474363176878784,-3.0877174427748734e-16,1.6408989247693467e-10,-3.4909507265102706e-18,1.0
298.57,12.450272560119629,-0.0015721203350319978,0.012743453785908595,9.784458521335548,0.00016961135130909134,-1.2037637937268016e-06,-2.9304214945212246e-05,-2.944476318231732e-16,1.6408995469554543e-10,-3.4905257522124846e-18,1.0
298.58,12.460242509841919,0.006166740046440993,-0.027022657245940683,9.772388243265244,1.2043871880064456e-05,-3.3156154259164545e-06,-9.292130605697046e-05,-2.8011807638637374e-16,1.6409001691357335e-10,-3.5003552396165314e-18,1.0
298.59,12.470435619354248,0.004547761289288583,-0.029475238602523268,9.81288028660821,4.4953653155558896e-05,0.0003117566403356114,-7.027001262440089e-05,-2.657857482253737e-16,1.6409007912894934e-10,-3.5117144737833e-18,1.0
298.6,12.48030424118042,0.010541325477973401,-0.02526463661335569,9.802533010342971,0.0003914613185206558,0.0004980949387088453,0.00015322821040211553,-2.5143242940240136e-16,1.6409014135410128e-10,-3.515321275998123e-18,1.0
298.61,12.490238666534424,0.005544592470384694,-0.03606545506219462,9.781148076987165,-2.8073824897199518e-05,1.186378172981737e-05,-0.00042168219010593197,-2.370571403879349e-16,1.6409020357186896e-10,-3.5162300932546355e-18,1.0
298.62,12.500396490097046,-0.007182164950245501,0.011773663570953989,9.811959251864904,0.00015835110709340355,-0.00014681767538290798,-0.00024043382338799163,-2.2986597200876035e-16,1.6409025743924856e-10,-3.512533028147894e-18,1.0
298.63,12.510289669036865,0.02575971045359194,-0.018676704832238277,9.806187197807446,-0.00014505874988254678,0.0001667656358234311,1.767270802508168e-06,-2.2984517360778273e-16,1.640903196542576e-10,-3.5100404054750325e-18,1.0
298.64,12.520172834396362,-0.0063027825664786095,0.028615887154251004,9.806070886759702,0.0006619009664858052,-0.00023556120010345265,-0.00035462202672593583,-2.298392970878058e-16,1.6409038187908473e-10,-3.507143665144014e-18,1.0
298.65,12.53023648262024,0.009065320146055785,-0.010751871726140696,9.788944142592397,0.00027781528247634336,-0.00014855712044885972,-0.00016076889906244528,-2.298172580093196e-16,1.6409044409672975e-10,-3.5071479987583176e-18,1.0
298.66,12.540236949920654,-0.025685516053148547,-0.0015716270518346782,9.793880978108476,-0.00044036475165387174,0.00036681970402979957,0.00015009324980291987,-2.298137658206869e-16,1.640905063072923e-10,-3.5035116480953064e-18,1.0
298.67,12.550282955169678,0.015582434789511431,0.01965693599052153,9.785935975738862,0.00022678045039213932,-0.00022318323776697438,2.996455747884912e-05,-2.2980329953003277e-16,1.640905685139686e-10,-3.499950227181459e-18,1.0
298.68,12.56023359298706,0.030512914327311583,0.005414977479906018,9.786442824313745,-0.00018159342269314675,-2.6768726032992148e-05,-0.00027558669237287965,4.453150928588406e-16,1.6408874013945334e-10,-3.505840108183336e-18,1.0
298.69,12.5702645778656,-0.007099998588236845,0.019249834276047182,9.811587334440832,-0.00016054274954940956,-0.00014435845271767121,-3.109418879017377e-05,4.3096958886112033e-16,1.6408880235150683e-10,-3.503802653726472e-18,1.0
298.7,12.580261707305908,0.012035074048043368,0.009768600331042088,9.782096710867803,-0.0001647856505689774,2.2508090239135075e-05,-4.97912091736481e-05,4.309794475810147e-16,1.6408886456012775e-10,-3.504155218903143e-18,1.0
298.71,12.59011173248291,-0.002549092123256142,-0.002012631170291317,9.794025431561378,-0.0002083115435653108,0.00010663692340232417,-5.080452091016368e-05,4.3098243421917055e-16,1.6408892676460097e-10,-3.503708483083341e-18,1.0
298.72,12.60051703453064,-0.0015335321709787804,-0.02297947535479847,9.805577617753334,9.375691524532743e-05,-0.00011807758022709882,0.00015782201608536883,-9.19198855272373e-16,1.640889890076588e-10,-3.506451660772076e-18,1.0
298.73,12.610304594039917,0.028768960873065307,1.0455911575677628e-05,9.788866928905401,0.0002619636845960168,2.050039546861677e-05,-0.0001425282869817908,-9.19184696825519e-16,1.6408905121592066e-10,-3.5065102995888324e-18,1.0
298.74,12.620153665542603,0.010858353514452437,0.017158797615038628,9.786263731642531,-0.0001684862997700746,0.0003767761211487767,4.9631629978503886e-06,-9.048054862332925e-16,1.6408911341365883e-10,-3.503761939875384e-18,1.0
298.75,12.630314111709595,0.004051727197658449,-0.020925934350035633,9.776774604730244,-0.00020118228941895565,0.0001949417779178064,-0.00012583234464315132,-8.904631740570952e-16,1.6408917563178524e-10,-3.5043920206774646e-18,1.0
298.76,12.64022159576416,-0.009375701510828612,0.003749799330301486,9.825982752292065,0.00013509191593468308,4.771115815741745e-05,4.69675498241557e-05,-8.760903453527756e-16,1.6408923784267478e-10,-3.507271538413111e-18,1.0
298.77,12.650265216827393,0.023564556926587973,0.0012040114990421364,9.804554781741746,2.401498083635387e-05,-0.0001843881487498371,0.0001296000631281366,-1.8663994944665968e-16,1.6408740946930836e-10,-3.510231501574356e-18,1.0
298.78,12.660240650177002,0.024390115439764864,0.009700377492978437,9.786521631834542,-0.00035245803172487787,0.00020194012464593657,-5.2826789313107684e-05,-2.0099957814518369e-16,1.6408747169859983e-10,-3.511025947854387e-18,1.0
298.79,12.670411586761475,0.0035009572430329656,0.023890058639269022,9.804009007121605,0.00028290215453594727,0.00034149565292133493,0.0002991977823071601,-2.153529210059975e-16,1.640875339247866e-10,-3.5176859669884014e-18,1.0
298.8,12.680439949035645,0.002050928463383822,-0.009389659240424238,9.780517147028188,-2.6839864999917097e-05,0.0002140434167330666,0.0002971972905838729,-2.297053496259024e-16,1.6408759612952915e-10,-3.528224375711534e-18,1.0
298.81,12.690090417861938,-0.024991691408472433,-0.0046448813853560015,9.798241889284336,-2.9837505580327006e-05,0.00022850035918851067,-0.0001887938658171638,-2.440471572447613e-16,1.6408765834104016e-10,-3.524576318241556e-18,1.0
298.82,12.700405836105347,-0.02644169856995357,0.03177943440112499,9.80504840369697,6.971648217452385e-05,-0.00012602721797104154,0.00030251999414482463,4.310558023681232e-16,1.6408961113889576e-10,-3.527645504145573e-18,1.0
298.83,12.710301637649536,-0.025290990447647353,0.008474991893509448,9.794152096408466,-0.00037073072844019694,7.964868968499728e-05,-0.00026492950815406257,4.1670985913169957e-16,1.640896733350111e-10,-3.532755224412746e-18,1.0
298.84,12.720173120498657,-0.03344283749282438,-0.0221283762782393,9.799696560124856,-0.0001072222535106017,-9.297544190958475e-05,0.00044693519996977487,4.023547902233443e-16,1.6408973554468937e-10,-3.544695065431541e-18,1.0
298.85,12.730438470840454,0.004783450715787723,-0.010855430512558027,9.798675707055557,-0.00020372543297332118,-0.00012449667319631944,7.561982351296779e-05,3.879959815731129e-16,1.6408979774514713e-10,-3.5559383659157806e-18,1.0
298.86,12.740264415740967,-0.015227594508934518,0.007623033871788658,9.810302210354221,0.00024412221582974765,0.00010148444144302313,-0.00018036534081321273,3.7364084125340353e-16,1.6408985995248049e-10,-3.56983718059829e-18,1.0
298.87,12.750248432159424,-0.016512464014547736,0.01876087859982244,9.77627523373008,-8.501397960115935e-05,-2.800021169884793e-05,-9.029162641784376e-05,3.5927895322416793e-16,1.6408992216896146e-10,-3.574054063688897e-18,1.0
298.88,12.76020622253418,-0.014137604085504551,-0.007529830002371281,9.806599223356164,-0.00012044401654986555,-0.00015689834474701044,0.00011514618303160383,3.449072156176371e-16,1.6408998433153243e-10,-3.585071062832836e-18,1.0
298.89,12.77028751373291,-0.02633410393223005,-0.013288574915194588,9.783479642477351,-0.00041646111935649975,6.023086859453883e-05,-0.00012815073499926276,3.3055383019826916e-16,1.64090046535035e-10,-3.591047298176735e-18,1.0
298.9,12.780261754989624,0.01857362191392404,-0.012820583610129747,9.80159995450346,0.00011758414497143837,-0.0002765818664069108,0.0001556903851095215,3.16194241303748e-16,1.6409010875617802e-10,-3.591434125694435e-18,1.0
298.91,12.790256023406982,0.0025340401735302162,0.008841327561798602,9.785177824636603,-0.0004034327767239807,3.0815361875857766e-05,2.2738815373045684e-05,3.018427305362066e-16,1.6409017096546118e-10,-3.597880088215037e-18,1.0
298.92,12.800397157669067,0.025700651681566454,0.013233240418975792,9.776606159477671,-1.0404727107253535e-05,6.500887071166585e-05,-0.0004494059020312799,2.8750813276965253e-16,1.6409023316337024e-10,-3.594824025273787e-18,1.0
298.93,12.81023097038269,-0.028609036135848875,0.019575215736617437,9.806688907224087,-0.00042319154380316467,0.0001245099418185954,7.223822274586389e-05,2.7317474441665086e-16,1.640902953890691e-10,-3.595957937348669e-18,1.0
298.94,12.820146322250366,0.030821343266800607,-0.00831786753452311,9.770942828164682,-2.938260194826038e-06,-5.3910758471012536e-06,0.00010055198482198418,2.588421249305042e-16,1.640903576070363e-10,-3.596135421379216e-18,1.0
298.95,12.830475330352783,0.010037473697250674,0.0027180472494517803,9.811187008568343,0.0004053596243314163,-5.7419399912986014e-05,-7.081946073072571e-05,-4.3061290886477973e-16,1.64088529236281e-10,-3.605716919343788e-18,1.0
298.96,12.840230941772461,-0.013391015981072923,-0.0009583398489123343,9.791613648704661,2.622278167617401e-06,-0.00011936286430710265,-0.0003281084379118306,-4.449845008039389e-16,1.6408859143432493e-10,-3.602476388230132e-18,1.0
298.97,12.850236654281616,-0.00867802422423779,0.0025338957511751173,9.833140600420569,-0.0003467341350294829,7.393250039711747e-05,-8.577750816797232e-05,-4.593437707838343e-16,1.6408865363986806e-10,-3.6064969385129516e-18,1.0
298.98,12.860201120376587,0.005734950580088992,0.0028783955062215844,9.818770463063593,0.00015251136699119533,0.0001600540369234727,-0.00016276234414115947,-4.521630428336692e-16,1.6408870749454343e-10,-3.6073368722839484e-18,1.0
298.99,12.87032175064087,-0.02010062247142226,-0.0011417003276933677,9.794425172200496,0.0001387737974076025,-2.0434951102582984e-05,-0.0001475846954052474,-4.378251978619481e-16,1.6408876970713603e-10,-3.6064133598022516e-18,1.0
299.0,12.880183219909668,-0.006137670748207586,0.001568710717353817,9.809301238261144,0.00023131805604822826,0.0001291129696771297,-0.0003617766926068428,-4.234727801593602e-16,1.6408883191475645e-10,-3.6073380661776384e-18,1.0
299.01,12.890213012695312,-0.010405283166276548,-0.003944625791085187,9.759537222708312,-0.0001210175892295422,-0.00025327300875998713,0.00022766899110074744,-4.0911840398431542e-16,1.6408889410888858e-10,-3.610235185723712e-18,1.0
299.02,12.90029263496399,-0.012754491841708352,-0.018170634736670164,9.800363767100585,-0.00033138020846702954,9.14636597997331e-05,-8.872752570478971e-05,-3.947538718826923e-16,1.6408895631695223e-10,-3.611018718317342e-18,1.0
299.03,12.910357475280762,-0.03413667209537498,0.012682450531697115,9.777610647788254,0.00012779706858588016,-0.00012250274453103822,0.0004192712356086316,-3.8038912071515133e-16,1.6408901852095405e-10,-3.607622236256696e-18,1.0
299.04,12.920186042785645,-0.011752899185401703,0.0008798872674122059,9.800524485482661,2.65754150282553e-05,-0.00027629143156273413,-0.0001192254488855347,3.0908587854196216e-16,1.6408719017762087e-10,-3.6042823276111094e-18,1.0
299.05,12.930407285690308,0.01535917939154999,-0.011634672177154448,9.827051815322589,0.00039229918882208604,-0.00017080244193373408,-0.00030982608807983306,3.234644247571118e-16,1.6408725239603564e-10,-3.602564615575641e-18,1.0
299.06,12.940342664718628,0.0025758327787715122,0.008208013322101658,9.798633390013004,0.00015391216280391266,0.0001602858483956546,-3.414433884579457e-05,3.378366179568799e-16,1.64087314614224e-10,-3.6069951713623e-18,1.0
299.07,12.950208187103271,-0.01972757260347346,0.0074815214119429985,9.766218088895542,-9.296620879673582e-05,0.00019564001879098254,2.5041945464487554e-05,3.5219452456324335e-16,1.640873768136648e-10,-3.6175178777560155e-18,1.0
299.08,12.962071657180786,-0.0013082838214845186,0.009781023218288613,9.8085196366705,0.00037994629033467247,-0.00036693614713138276,0.00033944896820671744,3.6655055834374014e-16,1.6408743902173104e-10,-3.627792457565118e-18,1.0
299.09,12.973545789718628,-0.0021803098309965394,-0.015732647856627858,9.773897033334876,0.00028372015663085423,0.00027787103328352026,9.348544976672296e-05,3.8088385266700914e-16,1.6408750123255118e-10,-3.629893119423648e-18,1.0
299.1,12.983397722244263,0.008686083396333096,-0.022819283146633545,9.79820589152468,1.8754200234057664e-05,-0.00017031161559903418,-7.014650084547481e-05,3.9521618607280235e-16,1.6408756344780177e-10,-3.645235500694552e-18,1.0
299.11,12.993408441543579,-0.008402704190372466,-0.00952160456378757,9.83129430076392,4.287415487907136e-06,0.00018362501683184338,0.00021223250684504824,4.0956608139895196e-16,1.6408762566403205e-10,-3.661228242360606e-18,1.0
299.12,13.003391027450562,0.016760105909253004,-0.0011227724222222892,9.772836678478724,-0.00019678580472470364,3.590452300454668e-07,-1.6958176918649997e-05,4.239222629591889e-16,1.6408768787206968e-10,-3.669224041350752e-18,1.0
299.13,13.013407468795776,-0.006792806438379126,-0.02066787456799864,9.825637311253793,-0.00020831925516788787,6.114244722624774e-05,-1.5563239078441977e-05,4.382810991071159e-16,1.6408775007998504e-10,-3.672438574995907e-18,1.0
299.14,13.023223400115967,0.032822246776462075,-0.021684896354323364,9.792964300493141,0.0001718715386825544,-4.359607698328189e-06,-0.00016876432868522602,-2.4398757537229353e-16,1.640859133923908e-10,-3.671102783957928e-18,1.0
299.15,13.03355860710144,0.03543991630519837,-0.012202428155974545,9.780337771071165,-4.24973967322461e-05,0.00012907402773206297,0.00045511831292047134,-2.5834135974169807e-16,1.6408597560290562e-10,-3.6717946599418686e-18,1.0
299.16,13.043426036834717,0.007992891213123804,0.003360983014030787,9.820131429503038,-1.167380489776344e-05,-4.7699491492320216e-05,-0.000350380742302132,-2.7271032695501666e-16,1.6408603781013664e-10,-3.680836793774061e-18,1.0
299.17,13.05335807800293,-0.007450682453295161,0.004010276052906489,9.780157592710822,0.00015855917837396375,-0.00016279552387179192,-0.00013582708286365413,-2.8706784198372706e-16,1.6408610002190826e-10,-3.688524569567529e-18,1.0
299.18,13.063673257827759,-0.003009174672128414,0.00982206750031626,9.807309014514184,-0.0002773008694037199,7.945078849336158e-06,0.000412635547226674,-3.014279399430264e-16,1.640861622422442e-10,-3.7007072588451975e-18,1.0
299.19,13.07335901260376,-0.03835878328051047,-0.0138217419549073,9.822488519577822,0.0002760972818229052,7.073346118344656e-06,0.00011390843500072704,-3.1578257221320524e-16,1.640862244574736e-10,-3.705060160185302e-18,1.0
299.2,13.083343505859375,0.007671190998860057,0.001775580754081145,9.783655256080781,0.00036454221352889057,0.00024286432795209023,0.00014381321570486254,3.521139109801724e-16,1.64088185524779e-10,-3.709806587409869e-18,1.0
299.21,13.093571186065674,-0.021735367422950666,0.03839162505054667,9.79418208465635,0.00014215985980310585,-3.955212301078729e-05,0.00013258536252058533,3.3775466387327836e-16,1.640882477358411e-10,-3.717595443634164e-18,1.0
299.22,13.103405475616455,-0.000314646762139795,-0.0060479661122816155,9.80382700447494,-0.00011470948892597803,-0.00013511013278968075,-1.7143955590645243e-05,3.2340505143463414e-16,1.6408830994759197e-10,-3.720473632258071e-18,1.0
299.23,13.113396644592285,-0.01623218328287137,0.026580099511592136,9.784785249783651,8.785508237936676e-05,-0.000179242694397127,0.0004534330513967805,3.0904859552041176e-16,1.6408837216934956e-10,-3.725337890911973e-18,1.0
299.24,13.123225927352905,0.015456147290482105,0.018761877393655466,9.75626163657456,-0.0002665287297370061,-0.00010671227021308894,-0.0003005307749527487,2.9471391128837063e-16,1.6408843438467e-10,-3.720211585775167e-18,1.0
299.25,13.133447408676147,-0.015379622171425989,0.0010900611732975838,9.790223297455794,-0.00026729623414375905,-0.00015074518516269993,0.00013131586880843826,2.8038323011259475e-16,1.6408849659556294e-10,-3.72143712857108e-18,1.0
299.26,13.143588066101074,-0.018039475054953187,-0.002545786549852727,9.78424406810901,0.0002247305298102707,-0.00017625072879187163,-0.00010216475612731397,2.660357300488025e-16,1.640885588027059e-10,-3.721927854038411e-18,1.0
299.27,13.153280019760132,0.0012284195162898513,-0.007317587757384846,9.804506365085325,-0.0001272416310524323,2.0834088062381373e-05,-2.285174247778578e-05,2.516826701178788e-16,1.6408862101937942e-10,-3.733450199505022e-18,1.0
299.28,13.163434743881226,-0.011010546828212328,-0.015824354727908472,9.832850852049681,-0.0003833758870398994,-1.4654947797918236e-05,0.00016921810397837905,2.373282641551693e-16,1.6408868323883718e-10,-3.7344922273273156e-18,1.0
299.29,13.173317909240723,-0.01735119447345679,0.006289793171555732,9.805201303176005,0.00013015234087321097,0.00027826202035725905,0.00028212650662234374,2.2295686013554903e-16,1.6408874545638886e-10,-3.736373222494057e-18,1.0
299.3,13.183311939239502,-0.0004757482641764933,0.001935160277167798,9.732693104931501,-0.0001854918414534098,-9.693789817070721e-05,-3.046279328078401e-05,2.2294352804532987e-16,1.6408880765624163e-10,-3.74081402803112e-18,1.0
299.31,13.19341516494751,-0.003950173081023582,0.001325448719842008,9.806948563628318,2.1111111977202316e-05,-3.947181067447559e-06,-7.069646804578034e-05,2.2294360196138897e-16,1.640888698626504e-10,-3.7466179882801634e-18,1.0
299.32,13.2034010887146,-0.006525300925657452,0.002975630551924196,9.814550405836396,0.0001248360479550034,0.00026869116741842596,-0.00016479804747749583,2.229309565326912e-16,1.6408893207995924e-10,-3.75349706188263e-18,1.0
299.33,13.213361978530884,0.01677704385384817,-0.005983034632451645,9.797431547435128,-0.00021892467751899344,4.118746367990564e-05,-0.0006045327350585319,2.2293649356112877e-16,1.6408899429226997e-10,-3.760091844079744e-18,1.0
299.34,13.223231554031372,-0.013214061121156721,0.00607815597047507,9.800154568430669,-0.00033084472560384855,-2.069575847447031e-05,6.948011296931789e-05,2.2290976299888106e-16,1.640890564991228e-10,-3.765473813429439e-18,1.0
299.35,13.233432054519653,-0.009381412727011922,0.007824619573867595,9.801374550702961,-0.00023935942124251257,-0.0003396334938131941,0.00016218205145227536,2.229020961546516e-16,1.6408911871987553e-10,-3.768491563918273e-18,1.0
299.36,13.243494510650635,0.0256314508294745,-0.011424402202461832,9.769557421760794,-0.00022040272915987795,-6.433761752849446e-05,-0.0002451750609880449,2.3725306859266524e-16,1.6408918092242104e-10,-3.772667229784389e-18,1.0
299.37,13.253254175186157,-0.004236615862475369,-0.009292760929092042,9.788748791822082,-0.00025858156498419156,-0.00018259562059221948,0.00012751768310991643,2.372459270605238e-16,1.6408924311784553e-10,-3.7713034841496936e-18,1.0
299.38,13.263375282287598,-0.0022261465029404124,0.013982372154595066,9.770702674490213,-0.0001469503037040049,-8.827600239459389e-05,0.00028440895617451564,2.372504764796783e-16,1.6408930533370508e-10,-3.7694897242651955e-18,1.0
299.39,13.273321390151978,0.021621925319409485,-0.005538126704445173,9.806711414157935,-0.00022716245861310202,0.00021982339222079101,-0.00018675413556718532,2.372473237762345e-16,1.640893675486326e-10,-3.768661280624654e-18,1.0
299.4,13.283350706100464,0.012381972354151229,-0.008531006474703109,9.81302318769855,0.00015268568826739182,0.00010637071490918782,0.00018325346399666732,-4.450303126516402e-16,1.6408753083527073e-10,-3.766172250438007e-18,1.0
299.41,13.293426752090454,-0.010216903157363028,0.013577806155076066,9.79062410554272,0.0002709087519609205,-9.749561577700148e-05,-0.00031999757159106455,-4.593965893087999e-16,1.6408759304351303e-10,-3.768414855537213e-18,1.0
299.42,13.303338289260864,-0.006047542119259097,0.032139295347134826,9.8031206365459,0.0003187345211218798,0.00022744922540802326,1.3428950059066036e-05,-4.737572577276938e-16,1.6408765524742724e-10,-3.766621251188612e-18,1.0
299.43,13.31333875656128,0.018645606763520478,-0.0077734183462190645,9.7958425491075,5.904274697863554e-05,2.107170348531976e-05,-9.085723808446141e-05,-4.881234143700904e-16,1.640877174582235e-10,-3.767354375747285e-18,1.0
299.44,13.323284387588501,0.007379976004531622,0.024799783844116196,9.766882133639466,0.00013672155913607215,-5.802352232900013e-05,0.00024486761409148606,-5.024761159246474e-16,1.6408777965157062e-10,-3.7750818743074335e-18,1.0
299.45,13.3334641456604,-0.012674323741748353,-0.0171717703240064,9.786996433897796,0.0002880192782132688,-0.00013511555821137122,0.0002242244328811634,-5.168278456076298e-16,1.640878418325882e-10,-3.771727944837471e-18,1.0
299.46,13.34343147277832,0.0012390467894806737,0.019814147246905722,9.781440705252859,-8.112483416716966e-05,-0.0001342300995066001,-0.00020470484698886977,-5.024912374263702e-16,1.640879040165062e-10,-3.770388948890963e-18,1.0
299.47,13.353276252746582,0.005555253720442421,0.012465290002817994,9.771872732028976,0.0001653680703988045,-0.00019267139524893804,0.0003135863546208061,-4.881395337216865e-16,1.640879662300408e-10,-3.7784831846069266e-18,1.0
299.48,13.363448858261108,0.027480011828139413,0.021637541942461962,9.784934406951619,-0.0003331007749396483,1.8889107511275166e-05,0.00038983425310447285,-4.737938268351794e-16,1.640880284318013e-10,-3.792309342166998e-18,1.0
299.49,13.373308897018433,0.010585911793515725,0.007288145206688841,9.811536742534882,-0.00021990503369751692,0.0002295374352934437,0.00015813748687345557,-4.594358524699914e-16,1.6408809063610018e-10,-3.799609089559394e-18,1.0
299.5,13.38335108757019,0.02044183375577107,-0.012555974930207006,9.791677692419654,8.044196355738096e-05,-2.669673660941326e-05,-0.00010641872680615222,2.2284530534150816e-16,1.6408625396749596e-10,-3.807580044114495e-18,1.0
299.51,13.393522500991821,0.006756618032137805,0.006445468793864546,9.779718881797539,0.0002120422114639528,-5.081664901339001e-05,-0.00024217925702927517,2.3719895675195824e-16,1.6408631617549455e-10,-3.8144407097105086e-18,1.0
299.52,13.403328657150269,0.00865786195838188,-0.004157859523245108,9.808617610606914,9.60219497620085e-05,0.00015627081000551938,0.0001603865361886692,2.5154583313651444e-16,1.6408637838074843e-10,-3.8168269254996474e-18,1.0
299.53,13.41341757774353,0.027199558691927406,-0.011281425949447671,9.79656358697022,-0.0002494727532043938,-0.00012609120376402187,4.783890023579841e-05,2.658900634885938e-16,1.6408644058126955e-10,-3.8239193781227164e-18,1.0
299.54,13.423274755477905,0.01111166757980754,-0.006036886312448707,9.795975660305972,-9.190327617581918e-05,-8.843525464164812e-05,0.00033325249551930313,2.8024375847977837e-16,1.6408650278531388e-10,-3.8244939376389544e-18,1.0
299.55,13.433442115783691,-0.01922876967007764,-0.015157919839148843,9.799541821388948,3.39941522474909e-05,2.2761422062814055e-05,0.00026173108796246237,2.9460274837553354e-16,1.640865649831817e-10,-3.821005456516398e-18,1.0
299.56,13.443475484848022,0.03626918817763797,0.011475089142708393,9.794525647436366,4.887820677927899e-05,-6.267256049422177e-05,0.00010645766661652996,-3.733045346369147e-16,1.6408852605472197e-10,-3.817817610541952e-18,1.0
299.57,13.453327655792236,-0.010307756185377168,-0.004466270989888158,9.820501506364911,0.00024246481319037454,0.00011581268610800644,-0.0001854607561860124,-3.5893525619021325e-16,1.6408858825552755e-10,-3.816514564612747e-18,1.0
299.58,13.463794231414795,-0.01937249359990496,-0.003963819514911414,9.799219451671368,0.00033015872481770774,-9.228948688502637e-06,-0.0002743697342258367,-3.445769754080772e-16,1.6408865047441758e-10,-3.8201773247904324e-18,1.0
299.59,13.473415851593018,-0.016805592416530266,0.02548704928275913,9.818326764528033,-0.00010040917285904193,0.00010526870930259425,-0.00023295770815518827,-3.3022867058660307e-16,1.6408871267069725e-10,-3.8265037465194376e-18,1.0
299.6,13.48331594467163,0.03159749371274618,-0.01634598478566465,9.817248017449362,-0.0001894123604797308,6.631209597357869e-05,5.303742339608458e-05,-3.158741531585025e-16,1.6408877486848567e-10,-3.834885169116997e-18,1.0
299.61,13.493593454360962,-0.029650030961208353,0.004829045325376908,9.78125091540972,9.331940357566371e-05,-0.00015812539269960562,-0.0002468141553701893,-3.015169426826658e-16,1.6408883707083214e-10,-3.836197331789639e-18,1.0
299.62,13.503498792648315,-0.004191067251364933,-0.012996930653434177,9.796944447519158,0.00018333137181699715,0.00011678456028707272,-4.6994708842792705e-07,-2.87171146473469e-16,1.6408889928384366e-10,-3.843473066514815e-18,1.0
299.63,13.513453483581543,0.014473843665867315,0.01298219674963517,9.839833191107163,-0.0003146382104011539,7.564473988211975e-05,-0.00014498694228568955,-2.7280913738106635e-16,1.640889614758555e-10,-3.852720621148312e-18,1.0
299.64,13.523206233978271,0.016419903113498186,0.02343888585969877,9.799048051077557,0.00011402903164323345,-6.464571440416848e-06,0.00018156582627575101,-2.584453745621596e-16,1.640890236616453e-10,-3.861910399229702e-18,1.0
299.65,13.533521890640259,0.010562530934887456,0.011606496818232167,9.80092286710367,5.439187466744706e-05,-0.00020676654406460464,-6.815603321562388e-07,-2.5844378080001384e-16,1.6408908586325102e-10,-3.862602577185169e-18,1.0
299.66,13.543505907058716,-0.026639422515808184,0.011224829744827898,9.781642828960827,0.0003577551389472237,0.00013004419543809597,-0.0001832647498319297,-2.727893906295245e-16,1.6408914806589018e-10,-3.86778035401251e-18,1.0
299.67,13.553253412246704,-0.02793327259936098,0.014812900688716057,9.793954896472197,4.817837705780039e-06,-0.00024792744684204833,-2.7532455812235205e-05,-2.871338445511694e-16,1.6408921027593574e-10,-3.87722948605111e-18,1.0
299.68,13.563600301742554,-0.016176757672344166,-0.005090867522917455,9.786574697883507,0.000194268704599709,0.00013533396708467754,-4.8080460963274584e-05,-3.014834301870968e-16,1.6408927249036716e-10,-3.886852211334437e-18,1.0
299.69,13.573329210281372,0.010944610564453814,-0.014222278662331996,9.767001609676125,-0.00019468453993802675,-6.218320713756952e-05,0.0001966207906993868,-3.158366001797415e-16,1.6408933471110426e-10,-3.8903574224876665e-18,1.0
299.7,13.583278179168701,-0.0018030867843376202,-0.0223769325458622,9.796003312039888,6.322613666936518e-05,0.0004613793074602428,-6.867018222554403e-05,3.520778763849106e-16,1.6408749797626223e-10,-3.89943522141489e-18,1.0
299.71,13.593543767929077,-0.0025334665186330448,-0.006550535053315715,9.805805810504932,-0.00017206559709768618,0.0002190025374805295,-8.474278159397725e-05,3.377010892449462e-16,1.640875601928698e-10,-3.900733285172429e-18,1.0
299.72,13.603362560272217,-0.020953566739631998,0.007987277818114407,9.804258199433448,5.555088462053387e-05,-7.922085699996369e-05,-0.00022349240835480938,3.233311446161773e-16,1.6408762242073364e-10,-3.902042081657585e-18,1.0
299.73,13.613319873809814,0.018139307250042473,0.007797852999258871,9.79708612526303,0.0001381752409285489,3.6014765851454815e-05,-0.0005410341319389481,3.089854875658532e-16,1.6408768463226331e-10,-3.9095112784533394e-18,1.0
299.74,13.623283863067627,-0.026571632012780736,-0.03001654095671029,9.801415766404855,0.00035287662125587754,6.506226261105834e-05,0.0001385973332239439,2.9465119057969493e-16,1.6408774683316217e-10,-3.912644458443371e-18,1.0
299.75,13.633411169052124,-0.01503645760326113,0.03428854356432317,9.777500580788598,-9.700184674789287e-05,6.367903546547554e-05,8.292412182685967e-05,2.803024778759115e-16,1.6408780903067004e-10,-3.9094610431281054e-18,1.0
299.76,13.643368244171143,-0.026039547952172417,-0.016165594423108998,9.788805936814079,-5.5857743097445804e-05,-3.146586020236877e-05,0.0001270885875128303,2.6596351108754213e-16,1.6408787123693006e-10,-3.916539771891102e-18,1.0
299.77,13.653233766555786,-0.01234461386907534,0.05318326878882921,9.797702802620114,0.0003358740899777328,0.00011295843129571222,-0.00026249222643526184,2.516055744801398e-16,1.6408793345180382e-10,-3.927841375782722e-18,1.0
299.78,13.663471937179565,-0.01108437165363351,-0.011873781866281732,9.819409042191237,-0.00015374335520663236,8.88514144844332e-05,0.00020073207922328035,2.3725171193791387e-16,1.6408799566963963e-10,-3.928088527339782e-18,1.0
299.79,13.673309803009033,0.0068177871016707,-0.02147930248185013,9.795542807020528,2.007758009144148e-06,-0.00018689983119765563,-0.00018883178598625694,2.228823397309247e-16,1.6408805788702962e-10,-3.929878958230938e-18,1.0
299.8,13.683356285095215,0.014576736803875293,0.0031344184298711408,9.788220981949193,0.00025008015838801827,0.0002550453638940321,-0.0004408124898585715,2.0852890474615322e-16,1.6408812009250074e-10,-3.937440652993439e-18,1.0
299.81,13.693520069122314,-0.0016539996122268915,-0.010553321463820865,9.806796650903747,-0.00018115963994870372,-0.0003833659640352237,-3.905586386082699e-05,2.228924151662425e-16,1.6408818234576783e-10,-3.943204644384359e-18,1.0
299.82,13.703327178955078,-0.007105378696124615,0.013969874164253557,9.77466436282253,0.0001964496917163102,0.0002725812429535684,5.295869133347541e-05,2.3724311878110924e-16,1.6408824456408935e-10,-3.946750512764732e-18,1.0
299.83,13.71333932876587,-0.010196630206112908,-0.01788241550304267,9.809732619166516,0.00020927323639984452,0.00024376905854613427,1.9779657925441095e-05,2.516147041297895e-16,1.640883067671271e-10,-3.94291247012271e-18,1.0
299.84,13.723371744155884,-0.030142294705384737,0.03344923053097586,9.791232825845677,-0.0004163497847923564,2.8458876448468347e-05,0.00010781987722721768,2.6596227110645046e-16,1.6408836896460593e-10,-3.9500210875672216e-18,1.0
299.85,13.733636617660522,0.004344004875229446,-0.03417671415258298,9.77800102903244,0.00015198656026257822,-0.0001243692046216274,9.69773022981616e-05,2.80332235774394e-16,1.6408843117302908e-10,-3.952329579639046e-18,1.0
299.86,13.743453025817871,0.005059164745686371,-0.012849225410440474,9.795794346573222,-6.775971049667512e-05,0.00038492080606374523,3.901235723837021e-05,2.9470860780611083e-16,1.6408849337336066e-10,-3.947345131365922e-18,1.0
299.87,13.753339767456055,-0.010911724118680906,-0.004180687113570118,9.800762626819678,-0.00029030712063492535,-0.0002030320279490347,0.00020146382951086582,-3.731914797311271e-16,1.6408665665776933e-10,-3.941777030530748e-18,1.0
299.88,13.763597249984741,0.010699812209067218,-0.02583718845354724,9.769371374554433,0.00012606272190498227,0.00023343109288719168,3.8042362552542044e-05,-3.588209920667857e-16,1.6408671887592603e-10,-3.9417731408570875e-18,1.0
299.89,13.773355722427368,-0.034247416529932045,0.02436563711406142,9.811158475905502,0.0004334553887106595,0.00014444602656122233,-0.0001217535470930215,-3.4446124729567507e-16,1.6408678109489503e-10,-3.94501743483127e-18,1.0
299.9,13.783368825912476,0.019003288092147894,-0.0009392668429517146,9.814636967547061,-0.00022095549773640382,5.30570850506781e-05,7.82868718219658e-05,-3.3010251952952047e-16,1.6408684329946277e-10,-3.950434528216996e-18,1.0
299.91,13.79345965385437,-0.017135980281198653,-0.02121463757458811,9.819964061119206,-8.403553680927923e-05,-0.00016272971836832993,0.0002419624031342819,-3.157425719986831e-16,1.6408690550611264e-10,-3.963053066937695e-18,1.0
299.92,13.803333044052124,0.007210130400595868,0.007457010571473202,9.77424595087493,3.001666324964678e-05,-0.00022854012640608886,-3.0304951265469763e-05,-3.014042513875456e-16,1.6408696771807553e-10,-3.9632971807814104e-18,1.0
299.93,13.813432693481445,-0.008249660528334188,-0.009255956580853542,9.811831012473094,-0.00022704892912667229,0.0004944253997978074,0.00020819755107865276,-2.870719008601987e-16,1.640870299211718e-10,-3.967018378864561e-18,1.0
299.94,13.823326587677002,0.044120104881829054,-0.001762702645519961,9.804907562996977,-7.515744828771455e-05,4.20910300110754e-05,-5.094235520619889e-05,-2.7274088338677453e-16,1.6408709213941005e-10,-3.978934017920171e-18,1.0
299.95,13.83343243598938,-0.02874086341122029,0.0037842448509928825,9.79334195562067,-6.269415851771669e-05,-5.588935516792925e-05,-0.0003544347934710708,-2.5840571603152687e-16,1.640871543653101e-10,-3.987349002062822e-18,1.0
299.96,13.843700408935547,-0.007581633717173244,-0.010572055041195174,9.788327658141206,0.0001903380262178965,-0.00019233349766470788,0.000216455538327654,-2.440411069495064e-16,1.6408721657728728e-10,-3.991604389775088e-18,1.0
299.97,13.853423357009888,-0.019781619305974742,-0.0015813279225978698,9.809627488490927,-0.0004211638580672776,-0.0001497351063865481,5.191768464729695e-05,-2.3686382439554467e-16,1.640910682941085e-10,-3.992022065434619e-18,1.0
299.98,13.863590717315674,0.028867047292116206,0.009934983252214064,9.806973789884792,-0.00012200530910765044,-0.0003421175235693839,-5.188924720952593e-05,-2.3685430199377524e-16,1.6409113051907273e-10,-3.9915609141067086e-18,1.0
299.99,13.873358249664307,-0.0022354284511208024,0.038088595843548574,9.800815285303973,-0.00015804482246742124,0.00015500770164166857,-0.00025570498106262766,-2.3684107057429007e-16,1.6409119273189906e-10,-3.9931032238174465e-18,1.0
300.0,13.8833589553833,0.014779352012419809,0.02860445396095462,9.828284197394428,0.0001942300730540914,0.000327357290136078,0.00025884473779014315,-2.3682568790170003e-16,1.640912549510745e-10,-3.992900850613463e-18,1.0
300.01,13.893708944320679,-0.0036522338796578253,0.011741597171732426,9.786645574381318,-7.228206604845453e-05,-0.00016562849052577944,-0.00022840833780783283,4.454502204146985e-16,1.6408941825942706e-10,-3.9940257562945706e-18,1.0
300.02,13.90335988998413,0.009953229144411305,-0.006676142549978563,9.79329347385743,0.00014050224689973186,-4.277560586329854e-05,-3.948224207134311e-05,4.383070854603074e-16,1.6408948875263718e-10,-3.992829657183677e-18,1.0
300.03,13.913387060165405,0.00619485412871465,0.020264387412985863,9.781561106782371,-0.000151300171887382,-3.775964816920382e-05,0.00041634272003066453,4.239625329120948e-16,1.6408955097235814e-10,-3.993682682674332e-18,1.0
300.04,13.923423767089844,-0.004883243446079348,0.01321567015806158,9.80739089423235,0.00012584989543681886,0.00018761720841060713,0.0002125123593035225,-2.5832680629990036e-16,1.6408771423199881e-10,-4.001991258827768e-18,1.0
300.05,13.933480024337769,0.009166839487680352,0.028534439576371168,9.78473139252993,-9.05462156894692e-05,0.0001883648967547726,-3.162988474132276e-05,-2.583261492171527e-16,1.640877764640424e-10,-4.0102646950536324e-18,1.0
300.06,13.943577527999878,0.011096441479447439,-0.0022137339884800633,9.786201407385867,-2.7734098000545093e-05,-0.0002275787541703049,-2.9628406224262312e-05,-2.5831942969358476e-16,1.640878386734605e-10,-4.0173877856371004e-18,1.0
300.07,13.953367233276367,-0.014530037516019296,-0.029514120790788727,9.780525575236071,-0.0003019384997197526,0.00022877447913550734,0.0001192676965223154,-2.4396068307559167e-16,1.6408790088546286e-10,-4.019893825533921e-18,1.0
300.08,13.963661909103394,-0.003284937628553314,-0.015973898019987273,9.797932494921223,-0.00033711595375814616,0.00018716319183451606,0.00017946485490761646,-2.295926950202637e-16,1.6408796309039189e-10,-4.016442574617893e-18,1.0
300.09,13.973286151885986,0.0023981933894215973,-0.0013589249800055594,9.787370628281524,-3.591033863243595e-05,-0.0001387158917520811,-6.216753491550178e-05,-2.1522846276781771e-16,1.6408802530905173e-10,-4.019922273616975e-18,1.0
300.1,13.983394145965576,0.014561725122986955,0.02773107732730687,9.790069468064958,-8.206093653180268e-05,-0.00029595147362851626,3.058324070873134e-05,-2.0086033611327553e-16,1.6408808752014374e-10,-4.028760127266217e-18,1.0
300.11,13.993585586547852,0.0018007552025377273,-0.017704505696126627,9.783513644776548,0.00024610309564454807,-5.358146023945934e-05,-0.00028427857176068904,-2.008502435638475e-16,1.6408814972581783e-10,-4.031740679414668e-18,1.0
300.12,14.003349542617798,-0.00240659695247622,-0.008792755873689058,9.846581143733221,-0.00020785886318564715,-3.8923549056852175e-05,0.00040703529908557855,4.670751494536257e-16,1.6409011081103205e-10,-4.037278632809231e-18,1.0
300.13,14.013405561447144,0.014231149229010812,0.007940577437782382,9.764668759192565,0.00023825787535823717,-0.00020384795933626313,0.0001735221202683093,4.527232238783567e-16,1.640901730168835e-10,-4.044702897531749e-18,1.0
300.14,14.023652791976929,0.012802675796089798,0.005487539452530328,9.807819076142986,-0.0001822193121948285,-3.39364730465769e-05,-0.0001037245365338105,4.3838408487732236e-16,1.640902352214031e-10,-4.048139905068941e-18,1.0
300.15,14.0334951877594,0.01068529193310702,-0.016164432957681357,9.825119931653957,-2.1635728080690114e-05,0.00018864616562176662,-0.000220302263136124,4.2403359255908623e-16,1.6409029743126872e-10,-4.051004495992072e-18,1.0
300.16,14.043438196182251,-0.002892794776191494,0.015535914561725627,9.771839142527229,6.542706887238984e-05,1.2037553377172512e-05,-0.0001391160748297734,4.168529977572663e-16,1.6409035129873201e-10,-4.0610743205171836e-18,1.0
300.17,14.053483963012695,-0.007488345250741809,0.016444134015918283,9.822107525193084,-1.9776883786947625e-05,-0.00012135273816417093,7.672283086181636e-05,-2.7260441421595625e-16,1.6408852299114933e-10,-4.0715093461119076e-18,1.0
300.18,14.063416242599487,-0.023188070035141783,0.012817047631361324,9.76200734545561,0.00026076669047959896,0.00011252614940499005,0.00016127456860831916,-2.8695755761506925e-16,1.6408858519560477e-10,-4.083335030613629e-18,1.0
300.19,14.073298692703247,0.019252101199391015,-0.02096611476088158,9.770273681065047,8.742204508317816e-05,7.540829468764413e-05,0.00014974900324188494,-3.0132096456268367e-16,1.6408864741358152e-10,-4.097573998972674e-18,1.0
300.2,14.083345413208008,0.003320353912244863,0.024809511624615595,9.805680511126113,0.0002585865911613914,0.0001325758093914783,0.000291174420481771,-3.15695070285657e-16,1.6408870963118352e-10,-4.0984567900052436e-18,1.0
300.21,14.093539476394653,-0.005966642196202189,-0.015621930689779472,9.806671041241763,-0.000395074090675472,0.00029082414686881054,0.0001453032451801688,3.5220839262194937e-16,1.6408687293111922e-10,-4.107796564202913e-18,1.0
300.22,14.103384494781494,0.009691247113650686,0.017323729685136884,9.779604379764374,7.452276689327531e-06,3.829641599956401e-05,0.0002302862612452209,3.378611348033289e-16,1.6408693513932732e-10,-4.113173962198255e-18,1.0
300.23,14.113633155822754,0.019525198319437144,-0.008980139074000163,9.797963162818137,1.8374007002985815e-05,-7.093603097163807e-05,0.00043493673562491317,3.235093258610674e-16,1.6408699734368128e-10,-4.119642538955744e-18,1.0
300.24,14.12360143661499,-0.011948550053515906,0.0001197707732731102,9.790936184806487,-7.608082789706864e-05,0.00014698634506513106,-0.000537078980091511,3.0916406199570216e-16,1.6408705955043394e-10,-4.1257738032317555e-18,1.0
300.25,14.133926391601562,0.009506712640603541,-0.010967632167685551,9.821029034968843,0.00025832094340349745,-0.00015577994392038048,0.0003082746028196841,2.948386770739713e-16,1.6408712176850265e-10,-4.124342720719197e-18,1.0
300.26,14.144359588623047,0.014257280958368862,-0.026863742008573634,9.792242450483872,3.625209122459813e-05,-0.0002665489416410396,-0.0003541473437534547,2.804905250461438e-16,1.6408718398414013e-10,-4.123399604934145e-18,1.0
300.27,14.153850793838501,0.008250086427709424,-0.012772468981010176,9.803341193243764,-2.5985727482489264e-05,0.00022985776419364272,-0.0002262033985306546,2.661555609147252e-16,1.6408724618827424e-10,-4.122932972339703e-18,1.0
300.28,14.163811922073364,-0.01607244414361119,0.015928291739205166,9.791719398873354,8.043874083585759e-05,-3.914039214389267e-05,-0.0004090502197521129,2.5181156307799667e-16,1.640873084053936e-10,-4.129482628061149e-18,1.0
300.29,14.17417025566101,-0.0004427227855245892,0.014016351982336531,9.776361734960378,-0.0003133616918568347,0.00017414540331588528,8.127402284211947e-05,2.374670175582247e-16,1.6408737062138148e-10,-4.128640134694721e-18,1.0
300.3,14.18471360206604,0.0159792478982345,-0.00905069658568981,9.793348814328953,0.00012682734102260196,-5.704496703645608e-05,0.00016524209502563213,9.053819273477212e-16,1.6408933168445283e-10,-4.129155925499207e-18,1.0
300.31,14.193971872329712,0.001151708285318337,0.0030180195655923345,9.80887690029934,-0.0002216885344611088,0.0001537687310180494,-0.0001085526963151344,8.910318546513697e-16,1.6408939388419937e-10,-4.132696831680812e-18,1.0
300.32,14.203496217727661,-0.001894247014138105,-0.014457670939948519,9.823125127102092,0.00012703865104724357,0.0002583472355051732,-0.0003129645970442055,-4.591590681589087e-16,1.6408945607876946e-10,-4.1366166983938866e-18,1.0
300.33,14.213455200195312,0.003948428220823182,-0.0008337944566163549,9.815256497518192,6.193477862458664e-06,-8.486634085490266e-05,-3.9886691792959856e-05,-4.448283429755192e-16,1.640895182810062e-10,-4.140280236000785e-18,1.0
300.34,14.223366975784302,-0.0027455053380927865,-0.03602083575370081,9.802282367376364,2.0556363627910214e-05,0.00019360580225532957,0.00018467539027027218,-4.3047951037167244e-16,1.640895804842846e-10,-4.140903073404728e-18,1.0
300.35,14.233594179153442,0.0133565949551879,0.019637960972002946,9.799116870616318,0.00027840637334245643,-0.000252197081059713,-8.565830986508961e-05,-4.161228703542442e-16,1.6408964270705e-10,-4.145242314450956e-18,1.0
300.36,14.24376654624939,0.004088807210204547,-0.01444913679862052,9.77246682339396,-0.00024668259200951185,-4.001506778219518e-05,-0.0001951108341409506,-4.0174705821106434e-16,1.6408970490723152e-10,-4.148062745991635e-18,1.0
300.37,14.253410339355469,0.007165669527366351,-3.441437984281763e-05,9.821181593862232,8.692645603531461e-05,0.00019293046024013966,9.703658828711273e-05,-3.87373376680903e-16,1.6408976711267317e-10,-4.1518807957563076e-18,1.0
300.38,14.26351261138916,0.01522570374020494,-0.008411949337711647,9.794032138968483,-0.0002979446009400182,-0.00021498431073573704,0.00012825222194999872,-3.7299955841368116e-16,1.6408982928756373e-10,-4.146837311795395e-18,1.0
300.39,14.273367166519165,-0.009213990079718657,-0.013126712177235189,9.810073637755389,6.578622853325121e-05,-9.698164142704619e-05,-0.00017361086329655356,-3.586367038714233e-16,1.640898914958837e-10,-4.143646445453203e-18,1.0
300.4,14.283434391021729,0.0035997926886881847,-0.007832073899147016,9.776933048784956,0.0002342914146189956,-0.0002258404762985248,4.834915544153246e-05,-3.4427147722031696e-16,1.640899537091385e-10,-4.148415873937971e-18,1.0
300.41,14.293900728225708,0.014623758155892924,0.0057505311591707,9.783903429012122,0.0001647356988656628,-6.820437314544668e-05,0.00022583815494136897,-3.2989711826464206e-16,1.6409001592354386e-10,-4.1590623205665146e-18,1.0
300.42,14.303335905075073,-0.012498126839789002,-0.0021605822136183147,9.793187149983469,0.0002400721494667338,-3.51035097445305e-05,0.0001194582568969052,-3.1553847306692694e-16,1.6409007812690383e-10,-4.171251111792255e-18,1.0
300.43,14.313234329223633,0.02972277604707178,0.0013239682868250852,9.781374902143886,0.0001579474974053777,3.639665913562323e-05,0.0001323932176151427,-3.0119418117059327e-16,1.6409014035576943e-10,-4.1750729995861665e-18,1.0
300.44,14.32349181175232,-0.0037013917386330497,0.002532596270394314,9.801272544710244,3.31159672676094e-05,-0.0001752842696611081,-0.00011382072688815107,-2.868549984295137e-16,1.6409020257706296e-10,-4.18431415432311e-18,1.0
300.45,14.333379983901978,0.02144692725034258,0.026563859370071843,9.7832632571022,7.18912050845516e-05,0.0005332772007566038,-3.2845723523019364e-05,-2.7251395317753433e-16,1.64090264796715e-10,-4.195462414049638e-18,1.0
300.46,14.343252897262573,-0.0008437552295222559,-0.0021884221893581995,9.797549402899138,0.0004031805968864806,-0.00024453078659924556,0.00021730555840408786,-2.581711940201544e-16,1.640903270097621e-10,-4.20479333986103e-18,1.0
300.47,14.35377812385559,-0.009045031137292575,-0.021853477248296824,9.804472477050867,0.00016704471077204998,0.00017525563962761672,0.00029188663568250223,-2.437978242028413e-16,1.64090389215545e-10,-4.208805131682073e-18,1.0
300.48,14.363358497619629,0.0032327464949218126,0.0175545290518493,9.792598016455434,0.0001572592666588447,-0.0003661771371991543,6.631937146575876e-05,4.384742850264851e-16,1.6408855248743584e-10,-4.2092053502995704e-18,1.0
300.49,14.373341798782349,-0.00674184445405452,0.018580758576920355,9.80380379370308,-6.937697977365456e-05,0.00013007381798727627,1.941421658665279e-05,4.2412615564412633e-16,1.6408861470574004e-10,-4.20958018773991e-18,1.0
300.5,14.38362741470337,0.00023591223455034232,-0.005640013571710415,9.860543528731496,0.0005872094027862604,-1.6984024491752195e-05,-0.00030625465759164856,4.097694641561748e-16,1.6408867688888486e-10,-4.215706560732894e-18,1.0
300.51,14.393434524536133,-0.019926594512484422,0.01885366051619301,9.778985421423851,-0.0002200075557134497,0.00030273032718663236,-0.00028025601234270785,3.9540690002401767e-16,1.6408873909061247e-10,-4.226467593522018e-18,1.0
300.52,14.403367280960083,-0.00727207411547795,0.0004234790795319534,9.814370356994333,-8.738695609093504e-05,-0.00012926498781937166,-8.437126282402072e-05,3.8104320830934318e-16,1.6408880130602446e-10,-4.2377609670568925e-18,1.0
300.53,14.413592100143433,0.006124884073169659,-0.003671456911640054,9.803838698279927,0.0005509066868779656,0.000331430002646314,0.00021926360700682,3.666906820054979e-16,1.6408886352517255e-10,-4.2417548317373945e-18,1.0
300.54,14.423443078994751,-0.00993079943541175,0.019874493651104663,9.788311000793009,-0.00037205158095962994,0.00048488063895539573,-0.0004596196033071661,-3.227698565637834e-16,1.6408703518247167e-10,-4.249488492872119e-18,1.0
300.55,14.43351674079895,-0.01283955653347954,-0.007098873900455916,9.790211690993555,-0.00019475320036741763,-0.00011696743839904707,0.0003657790324541723,-3.371306832409595e-16,1.640870973975961e-10,-4.2605152803617e-18,1.0
300.56,14.443511724472046,0.017650963616539405,-0.02254195180225595,9.835173895492149,-0.0001455068597750788,0.00012733604701813014,0.0004465392742253594,-3.514908129528958e-16,1.6408715961020824e-10,-4.263735255464849e-18,1.0
300.57,14.45334005355835,0.01225025413232827,-0.012997003028225625,9.804100335439307,0.0005317755209820538,-0.00012878434683564777,0.00022579042981012588,-3.6583425216488666e-16,1.640872218156442e-10,-4.27153188264304e-18,1.0
300.58,14.463592052459717,-0.0007486338845515584,0.012112130150299006,9.78832967060481,-0.0004822894181412198,0.0002221332543186628,0.0001537837104928612,-3.8016934564653023e-16,1.6408728403332823e-10,-4.2722530390871856e-18,1.0
300.59,14.4733726978302,0.008255547876962864,-0.023788090521760803,9.786453385988398,0.0002691285962916147,-1.0516156899144241e-05,0.00014572523049486547,-3.945115359395267e-16,1.6408734624165035e-10,-4.27027136268874e-18,1.0
300.6,14.483583211898804,0.013417997779869954,0.002118685784254646,9.775324554176526,0.00022699867630580559,-0.00016708427408357145,0.0002714035371271873,-4.088616465422311e-16,1.6408740845137284e-10,-4.265481761846278e-18,1.0
300.61,14.493387699127197,-0.005608942717876959,0.03835676475126565,9.832058447872349,-2.184060499906237e-05,9.296089968958251e-05,7.278882997907884e-05,-4.2321047257892636e-16,1.640874706569706e-10,-4.273459582990674e-18,1.0
300.62,14.503487348556519,-0.02050620332098323,0.0012494074337860515,9.80285589713795,4.059583812356891e-05,-0.0002578289691440369,8.718813377651411e-05,-4.375735709409937e-16,1.640875328826907e-10,-4.2761655144975466e-18,1.0
300.63,14.513344287872314,0.0009509140443229052,-0.009000113311072712,9.770588654709396,-4.099013836033538e-05,7.288116300560687e-05,-3.2988175242818923e-05,2.3032742356145865e-16,1.6408569618071644e-10,-4.274997919105556e-18,1.0
300.64,14.523452281951904,0.00810827291645309,0.02215315092221824,9.789491636343513,-9.328697508727892e-05,0.0004350186684876838,9.09485747895018e-05,2.3031531185594055e-16,1.6408575839599911e-10,-4.2776162101657056e-18,1.0
300.65,14.533385992050171,-0.003676834977356876,-0.027404458539592946,9.81477511523984,0.00022764216805867634,0.00023425154406013618,-1.7792847758844016e-05,2.303084280049061e-16,1.6408582062468296e-10,-4.277709659372813e-18,1.0
300.66,14.543339252471924,-0.010044876400105374,-0.0019217919793766817,9.819154412562106,-0.00011214337413641461,6.525741291088676e-05,-6.049899207593575e-05,2.3031216509805826e-16,1.6408588283995485e-10,-4.2795567937131954e-18,1.0
300.67,14.553658485412598,0.002245661104968528,0.010025987289132109,9.782068094503598,0.0002743293832634373,0.00032159488394310683,0.00016878279793448067,2.3028781647536794e-16,1.6408594505811285e-10,-4.2803227198417254e-18,1.0
300.68,14.563365936279297,0.00423628892998423,-0.029432021289712635,9.798649104642417,-2.4038178306704504e-05,-1.9436634417960736e-05,0.00026783648715123523,2.302686172827881e-16,1.6408600726210947e-10,-4.27786625568271e-18,1.0
300.69,14.573325395584106,0.0030204040808784927,0.0034750124644251632,9.836152230371122,0.00047654885658468245,-0.000225686413612669,0.00039718195387495063,2.302518729898848e-16,1.640860694694537e-10,-4.2843531744027956e-18,1.0
300.7,14.583449602127075,0.006421157459728898,0.002869649763509374,9.802725010763524,-0.00024466398928864357,6.546857427330235e-05,-0.000332454350129504,2.4460223297698934e-16,1.6408613166959308e-10,-4.286537254454724e-18,1.0
300.71,14.593390703201294,-0.005592487275802251,0.024783495691921623,9.797922707701321,5.161251614428604e-05,-5.239950568450232e-05,-0.00027873306271351816,2.446181559948848e-16,1.6408619387835106e-10,-4.285182493000338e-18,1.0
300.72,14.603539943695068,-0.024667599908386028,-0.0032330373086669334,9.79657117429015,-2.8099824907110685e-06,-0.0001554978357176136,0.00015259677057638063,2.446177548705301e-16,1.6408625608417086e-10,-4.282830470348834e-18,1.0
300.73,14.613401889801025,-0.0076786666314476205,-0.0109424840007664,9.8003520701661,0.00011940378907747724,-0.00016279645567236954,4.867036601411299e-05,2.4462774649921487e-16,1.640863183019e-10,-4.2815044517578554e-18,1.0
300.74,14.623427391052246,-0.006473533362313792,-0.008406919935536017,9.82707904009701,7.000652512433388e-05,3.7982254431480316e-05,-0.00020509086827990908,-4.3763545225673406e-16,1.6408827939191856e-10,-4.280230076493428e-18,1.0
300.75,14.633419036865234,-0.004773293928488345,0.017282601240955386,9.799234170184857,-5.069147633065123e-05,6.356562472397091e-05,0.00012195661902792062,-4.520055479244053e-16,1.640883415940083e-10,-4.2781234670227635e-18,1.0
300.76,14.643402099609375,0.004961777558585808,-0.04768503200654373,9.804401603560395,0.0001836827152143994,0.0001524860649922477,-0.0001241931743302771,-4.663542210261967e-16,1.6408840379394433e-10,-4.279804348829258e-18,1.0
300.77,14.653615951538086,-0.030675040905971465,0.011525125396048457,9.783082308378571,0.00010615489061979365,0.00028524821182636205,-0.0001642896240342378,-4.807132876398233e-16,1.6408846599490253e-10,-4.282357538433301e-18,1.0
300.78,14.66335129737854,-0.0207409715066395,-0.016229543364472857,9.77934051924672,-3.14229261318328e-05,0.00013064559019175935,-0.0002495257501797301,-4.807140938213096e-16,1.6408852819256736e-10,-4.28863014631242e-18,1.0
300.79,14.673258781433105,0.0028429927037858425,0.0065767039629979806,9.79169811209591,-0.0002093974414681593,0.00022498614605174824,-3.257089516517557e-05,-4.807171478784248e-16,1.6408859038605196e-10,-4.2986490951974995e-18,1.0
300.8,14.683600425720215,0.004755581866099962,-0.036361832177190426,9.815741310363833,0.00016784192276638108,-7.533586443465273e-05,-0.0003369146882564354,-4.663806594572989e-16,1.640886525979077e-10,-4.301614349736408e-18,1.0
300.81,14.693345308303833,0.03254398900983611,0.03516296255982486,9.785728249702242,0.0003680171349533302,4.535651509826145e-05,-9.006100091359651e-05,-4.520330311255818e-16,1.640887148090978e-10,-4.309634550069507e-18,1.0
300.82,14.703414678573608,-0.03431573984782158,-0.008880522602783061,9.775160464500305,2.3750188407458225e-05,-0.0003369260166459143,0.0003194787419756519,-4.3768266233217094e-16,1.6408877702235914e-10,-4.3147441005997565e-18,1.0
300.83,14.713666439056396,0.0017867146609439931,0.002012369248070025,9.79835540872938,-9.945038992690514e-05,-0.00041745797679968,-2.178856764434594e-05,-4.233168079539929e-16,1.6408883922221192e-10,-4.307645801570753e-18,1.0
300.84,14.723443508148193,0.009317271001621226,-0.009620224561806532,9.804952525483946,-3.104217047478948e-05,0.00018925421380428688,-0.00011617384953373721,-4.161349349822844e-16,1.6408889307959995e-10,-4.3120581587609404e-18,1.0
300.85,14.733361721038818,0.0005184513007028196,-0.0035018029579241897,9.785069460707517,-0.00019801778173233255,0.0002549920686225914,-0.00018964074761916737,-4.0177359522162506e-16,1.6408895528154914e-10,-4.31063778660231e-18,1.0
300.86,14.743489265441895,0.02041138490273357,0.0197884672821045,9.81536622218065,0.000364320304586223,-0.0001624627419831866,-0.00019091310056192353,-3.874009690920027e-16,1.6408901747521546e-10,-4.314616107941944e-18,1.0
300.87,14.753580331802368,0.025033085054364208,-0.0003107643325483347,9.81977963484631,-3.687056047149921e-05,-9.847858167073342e-05,-0.00011466675947685025,-3.7302700724797247e-16,1.6408907969607268e-10,-4.313898483553552e-18,1.0
300.88,14.763362407684326,0.03262378956813425,-0.018247135430714385,9.799444642350867,-0.0001347368502445741,-9.317002807809358e-05,1.0809332469155963e-05,3.164406756422051e-16,1.640872513200586e-10,-4.313913214353241e-18,1.0
300.89,14.77331805229187,0.004418042806446893,0.010363533436921783,9.791135370617429,8.940677568746197e-05,3.267430218964215e-05,4.012948637847582e-05,3.308114869597777e-16,1.640873135664814e-10,-4.3180139142178505e-18,1.0
300.9,14.78343677520752,-0.009895655959962297,-0.003127311618534267,9.79768953968306,0.0002726420416471797,-0.000186578826238077,0.0001308223940796062,3.451811704542496e-16,1.6408737576693787e-10,-4.3274659134936294e-18,1.0
300.91,14.793365240097046,0.006413284059583734,-0.0013842492521126766,9.79950730716229,-0.00025073960767426175,-0.0002156079138436968,-0.000215409805903915,3.595289804748393e-16,1.6408743797904775e-10,-4.338883893859727e-18,1.0
300.92,14.803316116333008,0.00018217167251775583,-0.02951474402957366,9.809588588690128,-0.00017426741595636706,-0.0001515140556276878,0.00015063563203803666,3.7385589033872807e-16,1.6408750019598455e-10,-4.34207062082694e-18,1.0
300.93,14.813349723815918,0.008572275849093553,-0.006690214864562609,9.782603208232182,-8.518379669506714e-05,-0.00017649796557530213,-0.00012225560999961396,3.8818901527933154e-16,1.6408756241118272e-10,-4.345974718866763e-18,1.0
300.94,14.823326587677002,-0.008747196793948094,0.02171806971017317,9.790574267095137,0.0001318818463927814,-0.00015290379919187115,-0.00010764636149111743,4.0254007187747433e-16,1.6408762462796817e-10,-4.35474748544498e-18,1.0
300.95,14.833405017852783,0.03542921621014324,0.013809783706396541,9.810095998259197,-0.00015793819964806088,2.709473984018991e-05,-2.3482661352404397e-06,4.1689018177924695e-16,1.640876868373667e-10,-4.367594993318346e-18,1.0
300.96,14.843366384506226,-0.01679912585812356,-0.023752287109806026,9.796185982686701,1.672442935968095e-05,-1.7651877709467688e-05,-1.9311553979640923e-05,4.3126335084767647e-16,1.6408774903143898e-10,-4.373009345917021e-18,1.0
300.97,14.853473901748657,0.01883939682956062,0.009047144578687723,9.816710697701089,0.0002505169204674761,-9.841851077189085e-05,0.00013655514913654825,4.456313090738327e-16,1.6408781122778195e-10,-4.373303889889016e-18,1.0
300.98,14.863356351852417,-0.007566283337378709,0.015813283098285644,9.82175353589753,6.875739242131375e-05,-7.988510624040724e-05,-0.0001769446563502505,4.600039530723055e-16,1.640878734216703e-10,-4.378803769940859e-18,1.0
300.99,14.873310565948486,-0.03176680197016475,-0.0016062079145159596,9.797583677679892,3.998212771576802e-05,-0.00021902086194791018,-0.00023445136529831752,-2.0790259255593129e-16,1.640860367180485e-10,-4.385624853234739e-18,1.0
301.0,14.883415699005127,0.006685800956288344,0.02115789413339023,9.80334928736739,0.00010540825656806336,1.6732370507769307e-05,-0.00022458025065189583,-2.222532053031109e-16,1.6408609890987687e-10,-4.389435092557059e-18,1.0
301.01,14.893351078033447,0.012057384003662597,0.012772619650750765,9.806677656651207,-0.00029061493373001086,3.962192477930852e-05,5.5262187831161276e-05,-2.3658342478759236e-16,1.640861611095705e-10,-4.3913607204312005e-18,1.0
301.02,14.903383731842041,-0.021453315260454693,0.006648244094049497,9.762167906173012,4.160229236713315e-05,0.0004955451126726127,-0.0004091552679677297,-2.50922341698364e-16,1.6408622331546618e-10,-4.3892541961782405e-18,1.0
301.03,14.913683652877808,0.0035586834827342592,-0.012028613843095974,9.801808889082228,2.2150339453343235e-05,2.5469507733042245e-05,-0.00019941670185268765,-2.6526342493793323e-16,1.6408628552084623e-10,-4.396972979079144e-18,1.0
301.04,14.923339605331421,-0.02443896179606379,-0.0020529714848460663,9.798898768187255,7.934742278425697e-05,0.00033452580260258987,-0.00027966122148070086,-2.7962070762333117e-16,1.6408634771293003e-10,-4.404674733934646e-18,1.0
301.05,14.9334135055542,-0.0008108146144005802,0.013515505037528491,9.792459475163671,-1.2838098890614359e-05,0.00027898406621321495,-0.00047043778377853473,-2.939686077275909e-16,1.6408640992121392e-10,-4.4154351868910565e-18,1.0
301.06,14.943439483642578,0.0011686749600275496,0.010299120199653154,9.789260558458249,-0.00012362060026536417,-0.0001882312304949364,-4.1581233785377525e-05,3.7394961589134253e-16,1.6408837099540834e-10,-4.419149793917871e-18,1.0
301.07,14.953528881072998,-0.024397136266584345,0.015332116367743056,9.769586795470799,0.0005709254069465164,5.150769809193854e-05,-0.0002493499477714574,3.595735741256818e-16,1.6408843320030615e-10,-4.423466995170376e-18,1.0
301.08,14.963322162628174,0.010027589353156436,-0.006376095840369642,9.782976913898581,-1.6647849484999103e-05,-0.00013110243872314334,0.00012952320431114175,3.452078563396855e-16,1.6408849540006178e-10,-4.434143682653748e-18,1.0
301.09,14.973304510116577,0.0026029600608218385,-0.007536545081297768,9.793375167248414,8.527643260276524e-05,0.0001689041673885722,-0.00016407011254589504,3.308582434023878e-16,1.6408855761240545e-10,-4.44147242924486e-18,1.0
301.1,14.983371257781982,0.0025813189755679827,0.012843649445967673,9.7839150877631,-1.312468886628376e-05,-7.228653449665374e-05,-0.00016967189597195996,3.1650872997650257e-16,1.640886198409388e-10,-4.445651263819888e-18,1.0
301.11,14.993342876434326,-0.004456365479156907,-0.00499001682341592,9.831080225108742,2.2469555350267415e-05,-0.000413617737715472,-6.9886153570387e-05,3.0217565254805095e-16,1.6408868203908767e-10,-4.449382610523888e-18,1.0
301.12,15.003332614898682,-0.007210665391422908,-0.011131982487971872,9.78897697852056,5.759803169660778e-05,-0.00011184961050374124,6.028408043290593e-06,2.8785495488898294e-16,1.6408874423338934e-10,-4.44980986958718e-18,1.0
301.13,15.013548374176025,0.013409436246742698,-0.007770330767385475,9.800135272416911,-0.00019645041576794105,7.362770172031847e-05,0.0002004932509729526,2.735180882536294e-16,1.640888064434627e-10,-4.4483947504321964e-18,1.0
301.14,15.02336597442627,0.0020447307284329574,-0.00791967821643613,9.826073530312224,0.00028963558828884093,6.736986662752265e-05,0.00014156123161379938,2.5918497879623986e-16,1.6408886866854316e-10,-4.455662892270463e-18,1.0
301.15,15.033408164978027,-0.026976074934765667,0.009973542852554881,9.804432824356866,7.042591047491815e-06,0.0002673188906200858,-3.9532610730657345e-05,2.4483489127667926e-16,1.6408893087555123e-10,-4.464860265922421e-18,1.0
301.16,15.043634176254272,-0.013036493907331031,-0.001239687780876822,9.769248684235034,-6.119671206428361e-05,0.00012646596781753353,0.00029199426703665837,2.5919122419220806e-16,1.6408899308462493e-10,-4.467556065011273e-18,1.0
301.17,15.053427696228027,-0.004656134739238833,0.00563097967916554,9.792920127986608,4.983196354871432e-06,-0.00030739547549074326,0.00023547474460445828,2.7356116518840112e-16,1.640890552875026e-10,-4.4689535280852465e-18,1.0
301.18,15.063337564468384,0.004466989638091093,0.021612274259285615,9.791766738527578,-0.0001838949158971213,0.0004070135425793436,0.0003139601556796392,2.8792841461617146e-16,1.6408911749424225e-10,-4.4669981692791075e-18,1.0
301.19,15.073315858840942,-0.026081634237953448,0.011160624415742096,9.785871513777565,-0.00045562958449207387,0.00016302301656415073,0.0003208240694364882,3.02302989601071e-16,1.6408917969099072e-10,-4.464703591754643e-18,1.0
301.2,15.083417892456055,-0.0065011424080154406,0.01254807117288361,9.806401632503265,2.481268534525183e-05,8.040957139337013e-05,7.181158236060753e-05,3.1667909336986476e-16,1.640892418933858e-10,-4.4656516112286056e-18,1.0
301.21,15.093470573425293,0.017475376108372794,0.022714744164973842,9.833807767258062,-9.031663681333916e-05,-0.00018448227209364175,-0.00011750727690482841,-3.512267739094378e-16,1.6408740516300723e-10,-4.4703506795965365e-18,1.0
301.22,15.103337287902832,0.02360494719810472,0.011732464067139252,9.798064298297945,0.0001512137317271558,9.88038998120583e-05,0.00016411782346694,-3.368723659079604e-16,1.640874673682095e-10,-4.476204237870576e-18,1.0
301.23,15.11343502998352,0.01200524039763568,0.008052668961148049,9.807392880689267,-0.00011177027197150793,-6.438982117546398e-05,7.711322309653709e-05,-3.225101497738392e-16,1.6408752957394996e-10,-4.484372915834056e-18,1.0
301.24,15.123351573944092,-0.03916388484125093,-0.00042314961382093575,9.817375244605907,-0.00014872607715413203,-0.00018894123748599672,-0.0003051440424133384,-3.081614094262213e-16,1.6408759177439386e-10,-4.490836901730153e-18,1.0
301.25,15.133371114730835,-0.021205751857353183,-0.0057821379236004606,9.790993323877418,-0.00011295859141221656,0.0005072375289111654,-7.653179347773042e-05,-2.938088697210106e-16,1.6408765398576952e-10,-4.4913026532509785e-18,1.0
301.26,15.143556356430054,-0.0051364295057950695,0.009163326719472533,9.814031395553792,-0.0001786879443906339,-0.00010970283292781864,-0.0001024922182339761,-2.794794503279253e-16,1.640877161988934e-10,-4.502806396999556e-18,1.0
301.27,15.153489828109741,0.01580420298834236,-0.027615677903785617,9.794981852657209,-0.0002652702364935024,0.0002190513397800536,9.528152172337518e-05,-2.6514245488556484e-16,1.6408777840830798e-10,-4.512337399287145e-18,1.0
301.28,15.163326978683472,0.0019500963068063907,-0.015339864685411141,9.766749651973381,0.0002967450696030644,0.00023151513033536355,-0.00017193747918326025,-2.5078264561059976e-16,1.6408784062922897e-10,-4.516145463593782e-18,1.0
301.29,15.173258304595947,-0.007890569051129571,-0.010867446827602621,9.780483204549348,1.585649230526163e-05,0.0001148624299292262,0.0001418611943628504,-2.3641224744955207e-16,1.6408790285033347e-10,-4.520629797380169e-18,1.0
301.3,15.183425664901733,0.0008080236237478373,-0.004405454248590085,9.806989844904773,-0.00020656304049609093,-0.00033118115850221173,-8.699003427055528e-05,-2.2203771077062604e-16,1.6408796507965877e-10,-4.5195570997406404e-18,1.0
301.31,15.193363189697266,0.03886413755560742,-0.00755435951888574,9.792814250190398,-0.0004793983861430526,0.0003525768576402122,-0.0003193348012537826,-2.220195796296367e-16,1.6408802733181867e-10,-4.527693152247506e-18,1.0
301.32,15.203492879867554,0.02052377454305464,-0.004734486861085351,9.833803661832814,2.664163439681739e-06,0.00021249596048392288,0.00022176588256758777,-2.2199014369021786e-16,1.6408808954466586e-10,-4.532594768070103e-18,1.0
301.33,15.213372945785522,0.0187421050779901,0.01597178829862875,9.788400001839161,-0.00045286907530282274,0.00022268489038885822,1.714896003798176e-05,-2.2198237220991704e-16,1.6408815174810868e-10,-4.537475132277526e-18,1.0
301.34,15.223368883132935,0.005581609285285873,0.0034103708146127057,9.80749441210482,3.189726774838192e-05,0.00011271284041294937,0.0001527035007262088,-2.2197029065996407e-16,1.6408821394881237e-10,-4.547278724550798e-18,1.0
301.35,15.233531475067139,-0.012704698121169603,0.011161225779362299,9.774719718622718,0.00014354892034861748,5.518826373917065e-05,2.111338612712558e-05,-2.2196457972915765e-16,1.6408827615833365e-10,-4.552879690860808e-18,1.0
301.36,15.243529081344604,0.0038968030421274633,0.0031065144222210193,9.798740545413203,7.720417891710623e-05,-0.0001713689060944711,9.248109574217548e-07,-2.2196395041210988e-16,1.6408833836336848e-10,-4.557737266474478e-18,1.0
301.37,15.2534499168396,0.000966582015041091,-0.0539796511867792,9.779396243545222,0.00011538352258740949,5.808667513073644e-05,-0.00018656705467025254,-2.362940574977467e-16,1.6408840056116042e-10,-4.5627009656050135e-18,1.0
301.38,15.263314485549927,-0.016047503906713653,-0.017415402011651766,9.784546471574984,5.137042587608235e-06,-0.00014026405605276413,8.429352975036447e-05,-2.3629192121120036e-16,1.640884627326821e-10,-4.560491226131149e-18,1.0
301.39,15.273410558700562,0.004959662010452194,-0.03192049890201047,9.817251832163652,-5.037231018893178e-06,6.659244129130263e-05,0.00046344968073141666,-2.3627571594766595e-16,1.6408852493253313e-10,-4.5578598146186746e-18,1.0
301.4,15.283344030380249,0.009620887286771842,-0.017726905901175725,9.82012801587409,-1.64845649902517e-05,-0.00010991679247074241,0.00012531060632565104,-2.362666056614376e-16,1.640885871333869e-10,-4.556881731953217e-18,1.0
301.41,15.293302536010742,0.015436370499945696,0.008262886093088433,9.781878724615138,0.00015542513631266414,-0.00011231325092338815,-3.921944490953408e-05,-2.3624898604092226e-16,1.6408864934782956e-10,-4.5549579998800205e-18,1.0
301.42,15.303307294845581,0.005742156205168832,0.02898907494960099,9.803533054697834,0.00020082905679912408,0.00011407472992193936,1.1932954041201168e-05,-2.2186437633193693e-16,1.640887115583799e-10,-4.554790997460021e-18,1.0
301.43,15.313350200653076,-0.012641774520307791,-0.005697091355115169,9.819684920975178,4.985922777945392e-05,-0.0002215506123531024,-0.00010340612279078227,-2.0750432102315625e-16,1.6408877377988334e-10,-4.561889447454886e-18,1.0
301.44,15.323279619216919,0.01776681934020377,0.014962815525562778,9.806683766398379,7.008198984889921e-06,0.00017455810608620086,0.00014167456446246378,-1.9313957520102172e-16,1.6408883600027134e-10,-4.566279999338314e-18,1.0
301.45,15.333427429199219,0.01837537693846008,-0.006471264423256126,9.796308350297492,9.668866153479663e-05,-5.676453270567802e-05,2.9640283369797622e-05,-1.7878262020464355e-16,1.640888982161807e-10,-4.570488008444094e-18,1.0
301.46,15.343624830245972,0.017820972941508636,0.004073577942968312,9.787460729995892,0.00010489400999337431,9.064035034364528e-05,-0.00013783168944671826,-1.6442347130852858e-16,1.640889604305349e-10,-4.57009770409644e-18,1.0
301.47,15.353340864181519,0.015595190149920269,0.017722803868956926,9.782389345595186,0.00039138849391700067,-8.854100517952591e-05,-0.0005153740656586466,5.035184107470839e-16,1.640871237658329e-10,-4.568142639864037e-18,1.0
301.48,15.363292455673218,-0.03005132289149496,-0.014039748687797152,9.802716668609888,-2.5061184344860895e-05,2.825723562080076e-05,0.0006571147768633757,4.891814790885602e-16,1.640871859801823e-10,-4.56928434032374e-18,1.0
301.49,15.373414516448975,0.0030734739841800124,-0.0253878730773289,9.798271573427131,0.00019159926587340931,-0.00018592978286595583,0.00015433178117081647,4.748375123060525e-16,1.6408724818859114e-10,-4.569273152024465e-18,1.0
301.5,15.383391380310059,0.017784045141791337,-0.0022018931702520255,9.806950529384494,-0.00037758094428352895,1.4135332563626358e-05,-0.00011121833542383635,4.604902195337542e-16,1.6408731040399226e-10,-4.572359336715383e-18,1.0
301.51,15.393335342407227,-0.01450858431946753,-0.03658009084235676,9.791063169521872,0.0005693374265388936,-1.9821049169276258e-05,8.197885052730331e-05,-2.2176889587719146e-16,1.6408927148399452e-10,-4.586639238717899e-18,1.0
301.52,15.40329909324646,0.000495257043067914,-0.019944980570736397,9.83967930574039,-6.636155811994742e-05,4.45262863855534e-06,0.00023551612973372242,-2.3611697837745105e-16,1.6408933369443908e-10,-4.585355614516381e-18,1.0
301.53,15.413467407226562,-0.018356554752117782,-0.020869938369955127,9.785574311136614,-0.00011947346779957321,8.103642430224105e-06,-0.00030280183311710997,-2.5046778316471457e-16,1.6408939590827202e-10,-4.589176950467178e-18,1.0
301.54,15.42333722114563,0.005226365288525206,0.017261325154410225,9.774437880691988,-0.0004616906024650411,0.00017921016673788157,0.00015419859975716063,-2.6481404069580364e-16,1.6408945812461552e-10,-4.596152880370686e-18,1.0
301.55,15.433378219604492,-0.025477422102739296,0.009236625135192241,9.796452227019476,-0.0001335317906894976,0.00018269452938134102,0.00012797710756263183,-2.7916622743481746e-16,1.6408952033381544e-10,-4.607756801063028e-18,1.0
301.56,15.443608522415161,-0.024069167492357324,0.013649186366387372,9.819309983604388,0.0001440225850868282,-0.00029992951674662286,0.0002857426738489283,-2.935247820645355e-16,1.6408958252830405e-10,-4.623014133773059e-18,1.0
301.57,15.453341960906982,0.0030875855683053523,0.02182604641052307,9.808653766940798,-0.0001869234315313781,-2.1796931316545285e-05,-3.665539536960743e-05,3.7438010197932445e-16,1.6408774578574727e-10,-4.629686983847589e-18,1.0
301.58,15.463305473327637,-0.02432637185556473,0.03368744882302357,9.83409168184548,0.00030725422236818796,-0.0001367022427242289,4.970801262049481e-05,3.6001102994288787e-16,1.6408780799866165e-10,-4.635276981558311e-18,1.0
301.59,15.473384380340576,0.01901068662463761,0.008440591996506706,9.807344346763806,4.096881684388224e-05,-0.0004008953362322353,0.00021359177910563697,3.45658016740785e-16,1.640878702200237e-10,-4.642373661959032e-18,1.0
301.6,15.48335075378418,-0.0005473170717852201,0.015718029913898927,9.797090206771204,9.315685922310148e-05,0.00010647610703649734,0.00017287618110538774,3.313266066816438e-16,1.6408793244983909e-10,-4.65038095660214e-18,1.0
301.61,15.493353128433228,-0.0021086786725161063,-0.011038750336569965,9.822503547207504,-6.007901511845467e-06,0.0003565724298388902,-5.053078445655162e-05,3.169888578592062e-16,1.6408799465163e-10,-4.6519495143524286e-18,1.0
301.62,15.50333285331726,0.03792247459644993,0.011075153308554811,9.79333522573165,0.00028746163621205415,6.820655491183808e-05,7.538705122230312e-05,3.0265546330901827e-16,1.6408805685916499e-10,-4.65054239923774e-18,1.0
301.63,15.513437747955322,0.014341071651516553,0.005281668104161634,9.809771862232504,-5.2914137470666436e-06,0.00021104709380289008,2.7001130466156448e-05,2.883225335200201e-16,1.6408811904162024e-10,-4.651416406672513e-18,1.0
301.64,15.523303031921387,-0.007308461416235425,0.005950128532722626,9.808424487115602,-7.727443435744584e-05,0.0001423040837557963,-6.33344465103587e-05,2.7397092297816836e-16,1.6408818124465188e-10,-4.652424547440053e-18,1.0
301.65,15.533592224121094,0.011962532377527348,0.0407046606154193,9.807634640308628,4.95427453688503e-06,-7.524684976952148e-05,-0.0005524909686684014,2.739812718776314e-16,1.6408824344848153e-10,-4.654357374750412e-18,1.0
301.66,15.543636560440063,-0.025125079945839998,-0.010305739890217087,9.822610799537742,0.0002670902949268452,-0.0002877751024009202,0.0002391398757583516,2.739916907149356e-16,1.6408830567069882e-10,-4.656853180962224e-18,1.0
301.67,15.553338527679443,-0.02893111310602936,0.008224105345591185,9.787864732201932,-0.0001441614115634183,-6.830116902695517e-05,0.00030934404845030185,2.740172156160075e-16,1.6408836788208405e-10,-4.656389225797672e-18,1.0
301.68,15.563359022140503,0.001854939806594096,0.013607491509095397,9.802555582028361,-6.660388028566035e-05,-0.00012201557325237801,-4.6758362989865796e-07,2.883937438443375e-16,1.6408843010775168e-10,-4.65656817649551e-18,1.0
301.69,15.5733642578125,0.008509793511129871,-0.004150749782342162,9.792728735203454,-0.00016492329881908515,-0.00014862669977717418,-8.787381012687745e-05,3.027730845595334e-16,1.6408849230047344e-10,-4.6543324425838486e-18,1.0
301.7,15.583398818969727,0.018899734296825257,-0.00522303411542438,9.799486373333085,-0.00012335490539218432,-4.523343565651772e-05,4.4879434375177525e-05,3.1715571125007267e-16,1.6408855450547183e-10,-4.6537196852295825e-18,1.0
301.71,15.593311309814453,0.024623864328393065,0.011152532614223594,9.801317720120903,-0.00010987166852288332,0.00011186516990712476,7.568822858692525e-05,-3.5075476134036033e-16,1.6408671781915046e-10,-4.652881591337425e-18,1.0
301.72,15.603424310684204,-0.002364203003263322,0.020844863106119365,9.797155516096767,-6.186948324302112e-05,0.0001904609503040905,-0.00027591500994508827,-3.3640113839421293e-16,1.6408678002483538e-10,-4.6605294378321425e-18,1.0
301.73,15.613352537155151,-0.016386438784910272,-0.007047226780346902,9.782961849559596,-0.00019747846864599772,0.00012753087603301517,-0.0002718985347690383,-3.2203308655689585e-16,1.6408684225205212e-10,-4.670134430440519e-18,1.0
301.74,15.62328577041626,-0.001860814936912211,-0.009191175551821005,9.807883342909445,0.0002786669284296985,0.0001952317647497779,0.00025268442564321613,-3.0769076707027733e-16,1.640869044557885e-10,-4.67623199729892e-18,1.0
301.75,15.633363008499146,-0.005237624662533997,0.002064232182619014,9.804924989816657,-0.0004193677670660802,-0.0001128893354765491,7.210739353249907e-05,-2.9335880699325396e-16,1.6408696665501981e-10,-4.6771302351916986e-18,1.0
301.76,15.643656015396118,-0.0025672351580311426,-0.0037218546707294678,9.806033026551262,0.00028104152106347795,3.9688962474978945e-05,0.0004057416294747979,-2.790270139919465e-16,1.6408702885941583e-10,-4.688896749736991e-18,1.0
301.77,15.653323650360107,0.023414236842495714,-0.006066201615120006,9.83573093079619,0.00019165087070521032,0.00014531965774774528,-0.000268045725441599,-2.6469046648374825e-16,1.640870910742271e-10,-4.697867453993248e-18,1.0
301.78,15.663286924362183,0.027397860849377675,0.006814333478991745,9.773719705872885,-0.00017791241877073918,-0.0002423403050864517,0.00019320390528119107,-2.50340474903326e-16,1.640871532896599e-10,-4.702036152155252e-18,1.0
301.79,15.673649072647095,0.008043264615408247,0.010911890195524299,9.809611634402463,-0.00016855140750227112,-1.962917433653646e-05,-0.0001287276772355525,-2.359710051606447e-16,1.6408721552386457e-10,-4.703960402791713e-18,1.0
301.8,15.683342218399048,-0.009957285414777537,-0.0025017057170424943,9.77864446377239,0.00017624067271453144,5.530254627149175e-05,0.00013631397553047573,-2.216106647016932e-16,1.6408727774773976e-10,-4.702641795634245e-18,1.0
301.81,15.693540811538696,0.0030698984140188077,-0.005861682489343445,9.833809577530834,-0.0001470285370318917,8.529277478923344e-05,-5.483243988587606e-05,-2.072271698707691e-16,1.6408733995597558e-10,-4.713312292941385e-18,1.0
301.82,15.703551292419434,0.041022831125571334,0.043668965066671055,9.808144700491077,-2.517685434519344e-05,8.810874158640598e-05,0.0003428227357911137,4.607108398406248e-16,1.6408930102016323e-10,-4.722143741515043e-18,1.0
301.83,15.713334083557129,0.0011946430874721374,-0.003877631512619852,9.796019923280767,-1.3225633454764274e-05,-0.00014757754366129318,7.4567128238613e-05,4.463586042500986e-16,1.6408936322008365e-10,-4.7243124329663485e-18,1.0
301.84,15.723280429840088,-0.03687245376486815,0.007164049895913594,9.79277376797014,0.00010032058177473887,2.456306506244642e-05,5.607561286301793e-05,4.320199734699136e-16,1.6408942543193076e-10,-4.723700304584217e-18,1.0
301.85,15.733319520950317,0.013701017385566143,0.020319405618125695,9.843129572290902,3.6278722015083735e-05,0.0002543013582277577,-3.254621082822289e-05,4.176704106779192e-16,1.640894876356641e-10,-4.725406541575178e-18,1.0
301.86,15.74350881576538,0.005966255144197964,0.030742024902790266,9.813820536873303,2.7019704287235258e-05,0.00024237198485032034,7.701775319813223e-05,4.0332366817896055e-16,1.6408954985961048e-10,-4.7375544592023095e-18,1.0
301.87,15.75335431098938,-0.015284253749944137,-0.017084060090259694,9.7853698348575,-1.9791796323259958e-05,-0.00017696617080210385,0.00032242858657938254,3.889808352057438e-16,1.640896120763473e-10,-4.7522010925782124e-18,1.0
301.88,15.76330041885376,0.023662821353107256,-0.007305505748743995,9.828746803290345,8.80025997974793e-05,-0.0001291581891648418,4.7782201343650504e-05,3.746396900450039e-16,1.6408967428849496e-10,-4.760387888356876e-18,1.0
301.89,15.773475408554077,0.018855760954115897,0.031792613788211396,9.823397396301155,-0.0002403203229263779,-3.898079010304265e-05,0.0002145069789951463,3.6027280460921283e-16,1.640897364690784e-10,-4.7663366806787994e-18,1.0
301.9,15.783361673355103,-0.016100982447587057,0.0296431202475007,9.787115326655622,-0.0001053712974072068,0.0003288366887139713,-0.00019142818832779346,3.4589631649549917e-16,1.640897986769851e-10,-4.7771048119938316e-18,1.0
301.91,15.793366193771362,0.004418764451850795,-0.003330252489465819,9.79291404007247,-1.6407841687226217e-05,0.00011129196733191829,0.00036930332998205375,3.3154142633926474e-16,1.6408986088196615e-10,-4.782255556395338e-18,1.0
301.92,15.803555488586426,0.010173308774188204,0.01559146476760798,9.78855481003521,0.00020942846836089578,-6.824772890523833e-05,-0.0002924264372292892,3.171935018203811e-16,1.640899231070045e-10,-4.7834204007104385e-18,1.0
301.93,15.813467502593994,-0.012132423590925926,0.002874531335591413,9.849116526351551,0.00015669205837612083,3.8926746594781176e-05,-2.5882933566014998e-05,3.0284546419645604e-16,1.6408998532624847e-10,-4.78532508678673e-18,1.0
301.94,15.823261976242065,0.023812559829980273,-0.018038293828239616,9.792423214660584,-0.00027363292575076863,-0.0002262062886939447,-0.0002752226006000575,2.885169472677864e-16,1.640900475206967e-10,-4.786032430843106e-18,1.0
301.95,15.833613634109497,0.031562340955721635,0.015444704081167469,9.783431369222782,1.2584455793188985e-05,0.0003151744973099963,0.00026235833454575094,2.7417697453808664e-16,1.640901097297362e-10,-4.785644252405869e-18,1.0
301.96,15.84338927268982,0.00448742549959557,0.00407640374453946,9.828116752297527,0.00017621903592101071,-0.00011167851893167185,-0.00022958229910145255,2.598285050065507e-16,1.6409017194282408e-10,-4.789286631635889e-18,1.0
301.97,15.853328943252563,0.044039956501631214,0.0044834462436273,9.812009624698629,-0.0003089651224147702,-0.0002472837659963424,-7.773418677259908e-05,2.4547083687968097e-16,1.640902341570642e-10,-4.793734735437635e-18,1.0
301.98,15.863315105438232,2.2822670594905092e-05,0.007928120035971604,9.825453293481644,0.0004099787830142398,0.00019360998142450798,-0.0001951461298154274,2.3828693594030823e-16,1.640902880149306e-10,-4.795879712854147e-18,1.0
301.99,15.87334656715393,-0.010704605405157707,0.004695317612902788,9.852201441016769,-0.00027537974293611716,-6.591615815986828e-05,-0.00028031471413785474,2.3827921503612494e-16,1.6409035022474027e-10,-4.7961682334431435e-18,1.0
302.0,15.883336067199707,0.0237659305603008,0.015352508532099862,9.79934260375521,-0.00017442549258449492,-0.00032667044457499264,3.404724406357065e-05,2.3826515554219057e-16,1.6409041243600491e-10,-4.7957699039581765e-18,1.0
302.01,15.893431901931763,0.015209531695309123,-0.0006027743601909256,9.800199269596634,-0.0001758961635954876,-1.0750215842805789e-05,0.00023535938928337749,2.38265404351421e-16,1.640904746590635e-10,-4.797442256483456e-18,1.0
302.02,15.903441429138184,-0.009431453972372794,-0.005292257868404315,9.789418805645152,8.027323830016288e-05,-0.0002844898264912235,-0.00012972589741469935,2.382533820722342e-16,1.6409053687535928e-10,-4.798354953230855e-18,1.0
302.03,15.913361072540283,-0.01830702318370771,0.014426563279300425,9.786182742718083,-0.00022155755172204622,0.00019743513856093888,-0.00022978400055479763,-4.368463577592367e-16,1.6408870848262642e-10,-4.800713680476286e-18,1.0
302.04,15.923250436782837,0.015161886998725407,-0.01118364133369868,9.765747939025358,-3.548490749480249e-06,-0.0003987351743973691,9.440627354117687e-06,-4.2251827654828904e-16,1.6408877067994476e-10,-4.804789668362886e-18,1.0
302.05,15.933404922485352,-0.009906904771581612,-0.005876468137618253,9.789946208985487,0.0002181086742511795,-9.224093006742761e-06,4.9585914074194695e-06,2.5975945037429616e-16,1.640869340461712e-10,-4.803600304581506e-18,1.0
302.06,15.94359540939331,-0.004744744371815028,0.006888341932896364,9.79412464962542,1.9283027592785538e-05,-0.0003085877847511387,-5.6222735884113124e-05,2.59761479828274e-16,1.6408699626231476e-10,-4.805101588765849e-18,1.0
302.07,15.953369855880737,0.003403012108860431,-0.01972752522057878,9.805853893714747,-0.00021943786763649215,7.89076072732862e-05,-7.657878427938458e-05,9.420252635875589e-16,1.640889573400892e-10,-4.803429608440406e-18,1.0
302.08,15.9633469581604,-0.00012595031226736688,0.01457969295666662,9.813594848046094,-0.00031602642660721696,-2.332786236105451e-05,0.00013826702303586583,9.420305879942377e-16,1.640890195537842e-10,-4.806084685485477e-18,1.0
302.09,15.973368406295776,-0.006268764020221132,-0.02324397189156857,9.769845914147178,0.00033709889017824105,0.00011038537380012214,-2.9414944807751046e-06,9.276851738527848e-16,1.6408908175869937e-10,-4.809435582756293e-18,1.0
302.1,15.98335576057434,0.013728954352864791,-0.014190557843865977,9.792458093621686,-0.00022959418853850684,7.493179666732482e-05,2.9469521950024147e-06,2.525837913891883e-16,1.6408725337938885e-10,-4.8108370345718564e-18,1.0
302.11,15.993379592895508,0.006589590866913083,0.018362710780701792,9.805066372150426,-0.00038034026510703665,0.00014230967135870086,-0.00014243021650651349,2.669723699749127e-16,1.640873155772445e-10,-4.811728377065339e-18,1.0
302.12,16.003516912460327,-0.01496252996398635,-0.0042348680635438405,9.79010691740822,-5.555498953058689e-05,0.00011651463605750672,-0.000292784890853506,2.8133884187580007e-16,1.6408737776860886e-10,-4.811875807729768e-18,1.0
302.13,16.013436317443848,-0.02926670239438242,0.010310903675631073,9.8149240294659,-0.00024637887420580237,-0.0002863257063729352,-1.4803968158390528e-05,2.9569648275047236e-16,1.6408743997967058e-10,-4.8098836146942686e-18,1.0
302.14,16.02331233024597,0.008198126363006817,0.011040048980314902,9.807291906996417,-0.0001771315589190888,0.0002789519143664571,-0.0003019067048484749,3.100704142066601e-16,1.6408750220967634e-10,-4.809639384383421e-18,1.0
302.15,16.03378415107727,-0.020158819329257532,-0.021849124151002118,9.811838979582486,4.1073800964408044e-05,-5.619573146204495e-05,3.417741432903321e-05,3.2444764549424784e-16,1.6408756442911025e-10,-4.811854269435842e-18,1.0
302.16,16.04350781440735,0.015150486933501189,0.02059705785304001,9.771376950698626,0.00023108208757476989,-0.000290643997500253,0.00011046936159564045,-3.506331872001098e-16,1.6408951723070892e-10,-4.8127497603013546e-18,1.0
302.17,16.05331563949585,0.013770583663590817,0.004695027285610884,9.79495266463225,-0.00022908568567504327,0.0002027645066435817,-0.00024176977742504016,-3.506194897349567e-16,1.640895794551228e-10,-4.8121387976868304e-18,1.0
302.18,16.06346821784973,0.006262444934234141,0.01919977149487373,9.784233939095794,-0.00017883325007512924,-0.00029525684552384314,7.882051048921421e-05,-3.506115384096049e-16,1.6408964165710237e-10,-4.813522893652476e-18,1.0
302.19,16.073472261428833,0.016854589725272977,-0.01708620698580447,9.80470790842008,0.00010681754082505964,0.00013980406664882518,3.4818153266177864e-05,-3.505978959646955e-16,1.6408970385379493e-10,-4.819174763511223e-18,1.0
302.2,16.083365201950073,0.006276235619021441,0.008289237425918297,9.793017596451552,-3.329050862544963e-05,-0.0002612612144250001,-8.442414620429882e-05,-3.3622877060837463e-16,1.640897660620559e-10,-4.829109745619035e-18,1.0
302.21,16.093628644943237,-0.01450151598108384,-0.020867069851363614,9.820259370349035,-0.0002360560733043555,-6.533854787076849e-05,0.00018718820348361773,-3.218539641162187e-16,1.64089828268508e-10,-4.839287732658108e-18,1.0
302.22,16.103569507598877,-0.016940751978892634,-0.0017859434172048097,9.812759608719658,-4.1406255473097934e-05,0.00021687772446854896,-0.00018578338112207535,-3.075023976225562e-16,1.6408989047902673e-10,-4.846920596206039e-18,1.0
302.23,16.11354899406433,-0.00666036478441892,-0.013523743205867281,9.82733530367655,-0.00022327915542568258,0.00018450967804877394,-0.0002239281154489611,-3.0751836268693007e-16,1.6408995268215075e-10,-4.850002392661039e-18,1.0
302.24,16.123281002044678,0.014074256269389122,0.030576708606061747,9.83015970467715,-6.397627862844029e-05,0.00027973009098107056,-8.537855896347821e-05,-2.931771542633683e-16,1.640900148685685e-10,-4.84900731495602e-18,1.0
302.25,16.133384704589844,-0.015173053838196376,0.036642169641022924,9.790963630909463,-0.00023100857041298748,0.00042695200577796646,-0.00027545252604771703,-2.788283452429861e-16,1.640900770897818e-10,-4.8611019997995755e-18,1.0
302.26,16.143822193145752,0.016190732535397136,0.028071066555492703,9.823085636690134,8.749864094393633e-05,-0.00012206772345724925,-0.0002752410958155014,-2.6448477620241974e-16,1.6409013930809077e-10,-4.871405576835251e-18,1.0
302.27,16.153310775756836,0.025000023029868305,0.000582410982421252,9.824633065043193,-1.6110117224934895e-05,-2.1140130564313404e-05,0.00016805371677553916,-2.50128840280386e-16,1.6409020153255147e-10,-4.878051477269818e-18,1.0
302.28,16.163368225097656,0.017187019386510266,-0.002658805840034961,9.7878174809492,-9.946445122379644e-05,-0.00012055677118771566,-0.00020607874511482143,-2.35751369739411e-16,1.6409026375104908e-10,-4.884056891366547e-18,1.0
302.29,16.17349648475647,0.005297258480261225,-0.010037836917919011,9.818276996065544,-0.0004278597841231304,-6.945493088570515e-05,-7.050472163278932e-05,-2.213937216504659e-16,1.640903259664914e-10,-4.885615576518286e-18,1.0
302.3,16.183433055877686,-0.012094834935789263,0.002485320004603291,9.780134523399532,3.627419721534579e-05,-7.67516894934334e-05,0.00030685697848665557,-2.0702218100830757e-16,1.640903881646754e-10,-4.8925986093392534e-18,1.0
302.31,16.19357705116272,-0.0005561822788835765,0.0067650539086327,9.794529233143848,0.00013235236183365152,-0.00012033052824807706,-0.00012231709653624275,-1.9264269471793383e-16,1.6409045036656906e-10,-4.899032861306858e-18,1.0
302.32,16.203588247299194,-0.0029104271326379984,-0.009589152656476585,9.800368730877805,9.557078314685343e-05,-0.0001069490898183156,0.00018614487093541882,-1.7829126387619758e-16,1.6409051258854778e-10,-4.903111015596307e-18,1.0
302.33,16.213385343551636,-0.0035455682640351555,-0.016508782619130732,9.803505211337743,6.922913199943064e-05,0.00019815744308187492,-0.00020347779983929015,4.896451727200348e-16,1.6408867586184676e-10,-4.904437935579541e-18,1.0
302.34,16.223264455795288,-0.0013565159680172473,-0.024708292936382565,9.817016230058266,1.1906817507141074e-05,-0.0003086177508143959,0.00010804176778843968,4.752960381323111e-16,1.6408873806702255e-10,-4.90497023022333e-18,1.0
302.35,16.233569383621216,-0.003648002216840279,-0.012294963374556345,9.755754120722457,3.115357458728187e-05,0.0001164107897182295,0.00027193378022621385,4.609559545008196e-16,1.6408880026978532e-10,-4.9068030709623664e-18,1.0
302.36,16.243629693984985,0.014613017294612757,0.03231989972216776,9.817012248962897,-7.71805890310423e-05,-1.4567993574711315e-05,-0.0002853737858558886,4.466150789146466e-16,1.6408886248621253e-10,-4.910219047145924e-18,1.0
302.37,16.25327754020691,-0.03537299315507395,-0.011384608736170773,9.824071901536774,4.018678703357849e-05,0.0002057877113116257,4.297740955547148e-05,4.3228846766043636e-16,1.6408892470854037e-10,-4.910016247620182e-18,1.0
302.38,16.2634437084198,0.006533651914553659,0.005150520923048281,9.77643062624604,-0.00019182980964189768,0.00014058012571855786,7.76100636128124e-05,4.1792917806985884e-16,1.6408898691535284e-10,-4.911192879905767e-18,1.0
302.39,16.273422956466675,0.00633153716193584,0.023389052155705393,9.779022470423387,-1.3901653263113317e-05,-0.00030854014841206123,-0.0003066755975308952,4.035676316443134e-16,1.640890491326964e-10,-4.92388005785369e-18,1.0
302.4,16.283536672592163,-0.018812696003849494,-0.01097184029240531,9.81666999079422,6.152647912101615e-06,0.00026358340627638543,-0.0002005517578081282,-2.8589077349422975e-16,1.6408722079788376e-10,-4.93374403570172e-18,1.0
302.41,16.293419361114502,-0.015458793451907867,0.025570533600776466,9.778860149867143,3.100295217059355e-05,-3.0143781368048822e-06,-0.00023769059544683375,-3.002500327290158e-16,1.640872829976811e-10,-4.94631895490365e-18,1.0
302.42,16.303447484970093,-0.0012797070590904217,-0.03545832142704831,9.777942874403456,0.00017206896068677592,-0.00022455543516282337,3.819431067662726e-05,-3.146109607025366e-16,1.6408734520461544e-10,-4.948307299589664e-18,1.0
302.43,16.313401460647583,0.017070564894203093,0.013042775846921246,9.782325066689928,1.2958436106569797e-05,9.487318422806829e-05,-0.00038316513451913946,-3.289891059004717e-16,1.6408740741181219e-10,-4.958520413866235e-18,1.0
302.44,16.323251962661743,0.008085931173645389,0.03412125952176941,9.793820379741408,2.17462669781356e-05,-0.00045512111198674855,1.534720066401103e-07,-3.4334524228628157e-16,1.6408746963721999e-10,-4.964599284633978e-18,1.0
302.45,16.33382225036621,-0.017329918050793675,0.014887904648933876,9.757555996413004,0.00011631437790281303,0.00021265309845751955,-7.365384290690304e-05,-3.5769245557811736e-16,1.6408753184462443e-10,-4.961187962162156e-18,1.0
302.46,16.343544960021973,0.012403081084497778,0.022183526181710614,9.808140514044016,0.00013618410224521058,0.00014249935491193448,-9.728133582321783e-05,-3.7203508787233345e-16,1.640875940626966e-10,-4.9652246779783385e-18,1.0
302.47,16.353285312652588,-0.002319933980745456,0.011958091132929703,9.77151556279943,1.7632051088142654e-05,-0.00018005710464421033,0.00048380828038166923,-3.8637613289782e-16,1.6408765626535614e-10,-4.965206054562869e-18,1.0
302.48,16.363505840301514,-0.01945325362436453,-0.0018139168133296,9.785561463371197,0.00026051272754586943,0.00022772790719882046,8.891758934150472e-05,-4.007020243695324e-16,1.6408771848645712e-10,-4.967232459716639e-18,1.0
302.49,16.373337268829346,0.011256241776270014,0.021154259964458036,9.800216031353962,0.00021410112998095093,5.209627314703056e-05,0.00019866243467842713,2.6722737086938347e-16,1.640858817957217e-10,-4.974038559259352e-18,1.0
302.5,16.383394956588745,0.01187653873581933,-0.009000611299791966,9.809601319626896,0.00016369674064840533,8.588294328884436e-05,0.00016008317217569616,2.6724419028361227e-16,1.6408594401091246e-10,-4.9773097503268965e-18,1.0
302.51,16.393389463424683,0.013272047083628065,-0.02239361304376007,9.77280265466075,0.0003875921568895163,0.00010080002852124317,-0.0001264414714707609,2.816220791848315e-16,1.6408600621717548e-10,-4.979946367373819e-18,1.0
302.52,16.403380870819092,-0.010108111015132213,-0.01978199982987242,9.78765515732224,-5.740390257389164e-05,-0.0001022024723317081,0.00017248568692779137,2.9599726403966477e-16,1.6408606842350702e-10,-4.9800941363651955e-18,1.0
302.53,16.41339612007141,0.004742534915915184,-0.026542272587834266,9.820244408933952,-0.0001138573789372333,0.00039995897952456954,0.00016987794750459564,3.1037273349371867e-16,1.6408613063170124e-10,-4.979013575300697e-18,1.0
302.54,16.423312664031982,-0.01900636299228641,-2.220234354928354e-07,9.781545069332248,-0.0001884969002126764,0.00011334851387243566,0.00012158941131826581,3.2473999354449077e-16,1.640861928293084e-10,-4.983912506493525e-18,1.0
302.55,16.433770418167114,0.011087445416933557,-0.0043060467627744885,9.796444240319264,0.0002722992090618096,0.00010121528218761174,-6.900539811175101e-05,-3.431576384521811e-16,1.6408815392826507e-10,-4.9852790459695175e-18,1.0
302.56,16.443450450897217,0.006993759036848972,-0.006420448152646294,9.808110649637397,-9.057967381971498e-05,-5.067669893729123e-05,0.00021308094946329993,-3.287940527854467e-16,1.6408821613797456e-10,-4.9979987719113444e-18,1.0
302.57,16.45330548286438,-0.005633368414269177,0.025435086434542772,9.847171527099544,-0.0002831197760397232,-8.433786653021716e-05,-1.6362313325426257e-05,-3.1445696948953717e-16,1.640882783420709e-10,-5.00641919212483e-18,1.0
302.58,16.463443756103516,0.011913660186182253,0.015697040874430673,9.79021126993757,0.00011342475971131478,9.082765545869115e-05,-5.40744253597514e-05,-3.001352539991078e-16,1.6408834056231324e-10,-5.007442162385505e-18,1.0
302.59,16.47334051132202,0.028745728082646603,0.00520127712373365,9.806549818968927,-1.7773065189404138e-05,-0.00019229397911462234,-5.3563320727957236e-05,-2.8580990912402747e-16,1.6408840279253104e-10,-5.019201718248034e-18,1.0
302.6,16.48343801498413,0.008767024918406887,0.017683810719892227,9.818168659319113,-0.00010792684361202645,3.207673382306114e-05,9.979961596606479e-05,-2.7148377694736235e-16,1.6408846499081438e-10,-5.02619602572207e-18,1.0
302.61,16.493475675582886,0.004136747562035523,0.0033028021414664944,9.831292528441384,-0.0002175564030585375,-1.6056440611125493e-05,7.707761939934335e-05,-2.5712712799940587e-16,1.6408852720306654e-10,-5.0302270277264905e-18,1.0
302.62,16.503552675247192,0.021529811706787336,-0.013327252508606603,9.793242418275453,-0.00016480643808964335,3.459045911143793e-05,-0.00021066970435946452,-2.427637830511652e-16,1.6408858940607264e-10,-5.032706536861406e-18,1.0
302.63,16.513374090194702,-0.03223797359838906,0.003802223536753724,9.832386164530337,-0.0002795455221609505,-7.764397104215234e-05,-8.41665858313313e-05,-2.283907897506813e-16,1.640886516167124e-10,-5.031020389552069e-18,1.0
302.64,16.523237943649292,0.01415495477994946,-0.044939143109151064,9.780335984817114,7.031645247023437e-05,-1.825536884429048e-05,6.583262535957625e-05,-2.1401824678683458e-16,1.6408871383892836e-10,-5.03594609573103e-18,1.0
302.65,16.533483266830444,-0.017054486153294066,-0.015597148660481931,9.814936706566879,0.0003779082434930875,-1.8754926869511382e-05,-0.0001495342313486256,-2.0682801732870703e-16,1.6408876772628548e-10,-5.044392485481499e-18,1.0
302.66,16.54346776008606,0.013896070786653785,0.03035948671316655,9.806519896375324,-0.00019684461871576775,0.00011487415576370331,-0.00035636877332802095,-2.068061975526451e-16,1.6408882996001958e-10,-5.051273076184446e-18,1.0
302.67,16.55328392982483,0.011954273759149803,0.041801740627490244,9.804219451845468,0.00011847387480341921,0.00023493991041318325,-0.00021734823447641983,-2.067959326286206e-16,1.6408889217134145e-10,-5.057699723226113e-18,1.0
302.68,16.563474655151367,0.011789681568172774,0.0009282274142351735,9.8179112859124,6.5692761055294786e-06,-0.00017124081361325074,0.0002329605587942761,-2.0676808164973703e-16,1.6408895439162928e-10,-5.065209945994804e-18,1.0
302.69,16.57335114479065,-0.05087475943176319,0.01183339246483702,9.816310924905402,-0.00032342008676479044,0.0002945914361536292,-5.972541560466361e-05,-2.067504183419446e-16,1.6408901659204199e-10,-5.071552832574355e-18,1.0
302.7,16.58337163925171,0.02187336180994134,-0.016234523394150015,9.792740158096706,-0.0001669330330108163,9.568574923305588e-06,0.00010947394565972376,-2.0673315536389506e-16,1.6408907883083628e-10,-5.077322860637995e-18,1.0
302.71,16.593429565429688,-0.019527917122229038,0.014684508049459862,9.813165943786977,-8.999181927748407e-06,-0.00015792889791228567,0.0002491741696298909,-2.1389215364133958e-16,1.6408914931046176e-10,-5.084481661130463e-18,1.0
302.72,16.60352897644043,0.03288237048531008,-0.009811141909205179,9.79795131264576,-0.00018459332175285286,-0.00011655437974998449,-0.000128893021809109,-2.28221323595036e-16,1.6408921152061012e-10,-5.090145597268932e-18,1.0
302.73,16.613409519195557,0.002055733365402645,0.0073861753143652405,9.779291445939363,-0.00019925320877365197,-0.00019154478773280098,0.000153402482760326,-2.282060275018722e-16,1.6408927374072756e-10,-5.084718636683983e-18,1.0
302.74,16.623270988464355,0.02516531363238963,-0.002335566109563504,9.80749012523608,0.00015506653807491103,-4.4973944920297686e-05,-2.367241282516021e-05,-2.281929449363074e-16,1.640893359576461e-10,-5.076534322550668e-18,1.0
302.75,16.63351321220398,-0.036302121103593106,-0.01725410823531463,9.788346443882853,7.559566826316172e-05,-6.123487488457291e-05,-4.7389977504492934e-05,4.3975289334543906e-16,1.6408749925917343e-10,-5.076615006932721e-18,1.0
302.76,16.643412113189697,-0.02262523581537992,-0.022691759765473593,9.775107266028682,-0.00010860464973414202,3.229185726129109e-05,-3.767298176397753e-05,4.541250479303474e-16,1.640875614609613e-10,-5.0718705910209396e-18,1.0
302.77,16.65328860282898,0.03573355270439983,-0.0020612874128315313,9.82949634297588,2.8243690253623536e-05,5.1185800056487584e-05,-0.00039963867603638406,4.684934257099959e-16,1.6408762367514373e-10,-5.0742904481723316e-18,1.0
302.78,16.66361904144287,0.0010281750039543203,0.04025992997266397,9.80509960839939,7.545318403543771e-05,-0.0002061776309737739,-8.156262310029245e-05,4.828644333246821e-16,1.6408768589810042e-10,-5.081099648272717e-18,1.0
302.79,16.673409700393677,0.014675969868949113,0.019099833872281778,9.793932584769335,0.00033504075587009063,9.23933987837753e-05,-7.456124523334418e-05,4.972145431652057e-16,1.6408774809942855e-10,-5.083395278982939e-18,1.0
302.8,16.68354082107544,-0.03029436523884252,-0.012877221659685424,9.79999805318542,0.00043403498279153134,-0.00020361889950085984,-8.595192250266051e-05,5.115877472373448e-16,1.640878103194909e-10,-5.085797332743851e-18,1.0
302.81,16.693791151046753,0.009161689101701894,0.004125004398590042,9.78523536518547,-4.5890270134811495e-05,0.00021587559196264096,8.896246690420758e-05,5.115988417350581e-16,1.6408787249888218e-10,-5.0825050665187356e-18,1.0
302.82,16.703411102294922,0.02089968638754018,0.00043151691530069153,9.782582155412841,5.691422769301715e-05,3.57985074917799e-05,-0.0002530101417069845,4.972669995034315e-16,1.6408793471024442e-10,-5.0872442872350965e-18,1.0
302.83,16.713618278503418,0.009124114322133232,0.011183811578421606,9.783081806917911,-4.926848635558792e-05,7.756436805351584e-05,-0.0001794326066358776,4.82935237477317e-16,1.6408799691447433e-10,-5.089763000426026e-18,1.0
302.84,16.72322154045105,0.015829843570989172,-0.02905400771564916,9.775557508846026,9.868371615872007e-05,0.00011635324013797826,-0.0003800631023314432,4.68580235305262e-16,1.640880591435893e-10,-5.089449474482439e-18,1.0
302.85,16.733490705490112,-0.02779151659630851,0.0005690141548478137,9.794717804911318,-0.0006649204955181568,0.00019229681350096218,0.00011470164412562218,4.542363026515327e-16,1.6408812134342866e-10,-5.101695700193984e-18,1.0
302.86,16.743765115737915,0.028367300455481432,-0.025088601750345267,9.82102309545948,-2.9660726330575567e-05,0.0002472299530276564,-0.00019088800869690448,-2.28018310925907e-16,1.6408628468226596e-10,-5.110523710435739e-18,1.0
302.87,16.753389596939087,0.0036045485410087863,0.013643021225443072,9.828818836593557,4.7546504820063026e-05,5.2633848155487265e-06,0.00038079878451687525,-2.423507640461898e-16,1.6408634690110918e-10,-5.1138596615036926e-18,1.0
302.88,16.763521432876587,-5.4083172217357346e-06,-0.008250715699233866,9.791483658354228,0.00022559427239097284,-0.0002011863179675868,-1.0769548623975766e-05,-2.5669666167145645e-16,1.6408640911794359e-10,-5.112279664014202e-18,1.0
302.89,16.773348093032837,-0.0033656005004920643,0.0018475520735660236,9.793321523653194,-3.305058509067104e-05,-2.3861571062057584e-05,9.366207370759667e-05,-2.710534118936393e-16,1.6408647132738029e-10,-5.1198147176344064e-18,1.0
302.9,16.783416748046875,-0.00047223921166305276,-0.0267902883852365,9.802963298181783,-0.0003675173989295303,0.00010230572064348266,-0.0001743164024652674,-2.8541042118034887e-16,1.6408653354326755e-10,-5.135525519033692e-18,1.0
302.91,16.794265508651733,0.00907346344360426,0.007489711713535909,9.789310903945147,0.00013606686728904717,-0.00011013921879158717,-1.5946220920650618e-05,3.824910840826618e-16,1.6408849461127721e-10,-5.1462002138734345e-18,1.0
302.92,16.80346918106079,-0.023436301919269494,0.02084702575721424,9.785605490727335,-5.0134922395734796e-05,-8.385953331333348e-05,3.862609108947167e-05,3.681263558897872e-16,1.640885568096928e-10,-5.146084258976931e-18,1.0
302.93,16.813404321670532,-0.006206283890872446,-0.002098475255219367,9.78458408266729,-8.108387498392197e-05,-6.350185349697897e-06,0.00010996158110582112,3.537570853176065e-16,1.6408861898692133e-10,-5.145414406646412e-18,1.0
302.94,16.823280572891235,-0.00862385017508293,-0.007452921596404085,9.779883125277058,-0.00018665099554409124,-0.0004675543087282827,0.00017247001881101216,3.394156458900269e-16,1.6408868118648485e-10,-5.14725801219639e-18,1.0
302.95,16.83367133140564,-0.010958179725173284,-0.004790670140627587,9.77650541084662,-0.00026781294263967934,-2.885155579403087e-05,-0.00014792761246254353,3.2508945679100285e-16,1.6408874339933287e-10,-5.147135874952129e-18,1.0
302.96,16.843767404556274,0.008612097232743438,-0.018395559784420857,9.79862600927732,-0.00032391749806604176,2.8035116086255834e-05,-8.353133022090604e-06,3.107619008621419e-16,1.640888056204499e-10,-5.142366619097845e-18,1.0
302.97,16.853275537490845,-0.016324178655125858,-0.005282875807327943,9.777373357818288,2.719208688565206e-06,-6.717712622297874e-05,0.000139889767538102,2.9642041313090114e-16,1.6408886780998495e-10,-5.138140279557459e-18,1.0
302.98,16.863478899002075,-0.028866606150867072,-0.003222480294484214,9.790496041599745,-2.3561330353246654e-05,0.00011719458514285171,-1.2448743038644485e-05,2.8208103407234696e-16,1.6408893001723065e-10,-5.1348493197564284e-18,1.0
302.99,16.873366832733154,-0.012575414284264333,0.005018521565956828,9.807868505384008,-0.00016552026050047858,-0.0001016396945391146,0.00019180414658618824,-4.0019069337209527e-16,1.6408709334611196e-10,-5.132835548705523e-18,1.0
303.0,16.883329391479492,0.0056977509998703425,0.031777948048548936,9.81947714215134,0.0002801319718395666,2.5342081743369478e-05,-0.0002875770796336693,2.89254465575619e-16,1.6408904616833824e-10,-5.132672441781885e-18,1.0
303.01,16.893580675125122,-0.0016842522972297415,0.017314243155211632,9.813955482098176,-0.00030609610080237866,0.0002171339467599956,-1.711530775969808e-05,2.8925860599316764e-16,1.6408910838170797e-10,-5.13173862988127e-18,1.0
303.02,16.903467416763306,-0.014969130314136048,0.005984909407722186,9.813764321166119,-0.00016744551906590032,5.324453387316528e-05,0.00014741364513061182,2.9646302351288344e-16,1.6408917887490245e-10,-5.127268587928598e-18,1.0
303.03,16.9133358001709,0.040620509384024214,0.024858712507896605,9.789933045668542,-0.0003873972426647624,0.00018595067130511395,-5.7886660667912204e-05,3.1083951224735076e-16,1.6408924108633234e-10,-5.124813900925461e-18,1.0
303.04,16.923311471939087,0.01666327817834402,0.009939117531077174,9.817613386986036,-0.00023637727639859828,-0.0002484310384299491,0.00010861804316083105,3.251957559501498e-16,1.640893033000013e-10,-5.1274422526902444e-18,1.0
303.05,16.933486700057983,0.020424438799073425,-0.021129316011089624,9.795008205547953,0.00017215948902171008,0.00021781888264268897,2.5131686694468265e-06,3.395644351629004e-16,1.6408936550326063e-10,-5.127431117301988e-18,1.0
303.06,16.943376064300537,-0.049431244109654715,-0.006766230330476137,9.775584614875692,0.00010210770101094117,9.309675258180652e-05,-0.00010657158143546739,-3.283415263385473e-16,1.64087528777558e-10,-5.134626283687572e-18,1.0
303.07,16.95331382751465,0.0004979556280936561,-0.008304390705342607,9.834917529668433,-0.0001581932711026287,-0.000275507779646721,0.0005958910643702042,-3.139906400143099e-16,1.6408759098852947e-10,-5.143166876880155e-18,1.0
303.08,16.963432550430298,-0.034963675701393415,0.024268969068436667,9.804983215824953,0.0001021881662415256,-0.0002486630170528929,-0.00010737449125805949,-2.9965310874192776e-16,1.6408765320239668e-10,-5.144105213159006e-18,1.0
303.09,16.97329545021057,-0.007651984005378154,-0.008271818788846435,9.787911032101759,6.239508090538396e-05,0.0002851445954329884,0.00026101385205966153,-2.8531509478541885e-16,1.640877154266119e-10,-5.149450479399426e-18,1.0
303.1,16.98330330848694,0.001167568917194871,-0.010538325775821875,9.812095579174038,7.23042466967661e-05,-0.00022011934311252007,-1.2751701576744844e-05,-2.7098591635012276e-16,1.6408777763341136e-10,-5.161177629635796e-18,1.0
303.11,16.99335217475891,0.023430244426825994,0.01854600629334229,9.791870030998078,0.00010770987173640695,1.799809396734835e-05,-0.00011368749143429697,-2.566219049031945e-16,1.6408783986057648e-10,-5.169760207672346e-18,1.0
303.12,17.003340005874634,0.025646307701797353,-0.017032216170200766,9.793740972240075,-3.7366180231256034e-05,-0.00012274610346069684,3.1357731866836975e-05,-2.4226511160606093e-16,1.6408790209248e-10,-5.172367538472958e-18,1.0
303.13,17.01340413093567,0.002726800383708431,-0.016687456575136952,9.800118051548855,9.233225589542689e-05,6.473144375391155e-05,-1.741754311980099e-05,-2.2790011119640784e-16,1.640879643087233e-10,-5.169759591780691e-18,1.0
303.14,17.023365259170532,0.005809421081128034,-0.033328255565330575,9.810561471526896,0.0002043274747382476,-0.0003410383642849079,0.0001111800174328827,-2.1353432311926715e-16,1.6408802652109689e-10,-5.17352273714198e-18,1.0
303.15,17.03339457511902,-0.006725815320158124,-0.0009342201698616658,9.823801246086173,-3.2836801085519814e-05,-4.607352396837163e-05,0.0003064029987917169,-1.9916952844895434e-16,1.640880887346197e-10,-5.1851750530242886e-18,1.0
303.16,17.043373107910156,0.00321983794833597,-0.029560511671668642,9.78923413086747,3.577009947070735e-05,0.00011120240579428558,0.0002943700690591749,-1.9916123986700963e-16,1.6408815096939726e-10,-5.188956247703785e-18,1.0
303.17,17.053351879119873,-0.01853769793830681,-0.011599622380934716,9.79535630643872,0.00018201737408955662,0.00022431097632410416,-3.635697289856511e-05,-2.134937971828361e-16,1.6408821318781508e-10,-5.193705753760548e-18,1.0
303.18,17.06355381011963,-0.021629557758126094,0.012539511207651283,9.812686586993467,0.0001893103619488435,0.00012317820903040075,1.3571466960166448e-05,-2.2783917481765167e-16,1.6408827539984649e-10,-5.204564390906751e-18,1.0
303.19,17.073323965072632,-0.0006924528007006574,-0.01575700788721488,9.794513875351313,-0.0002557607174000123,-0.00021036592480052534,-0.00013775173056196214,-2.421835630707235e-16,1.640883376066819e-10,-5.201331903462555e-18,1.0
303.2,17.08334493637085,0.0026004677557301885,0.019696281069682974,9.760161319603883,-0.00034516196491073754,-0.0002658520508813765,-0.00020648140798518505,-2.5653778223081037e-16,1.6408839980601816e-10,-5.202606040724532e-18,1.0
303.21,17.09345293045044,0.014427215951393716,0.02233275236913742,9.80334113742907,-0.00032214950881558454,-6.399041495242885e-05,8.327855796521059e-05,-2.7089464366097217e-16,1.6408846202975852e-10,-5.212564204759471e-18,1.0
303.22,17.10335683822632,-0.008735322405017334,-0.011335594362212114,9.791241029834206,0.00018315315194651104,3.638629376624362e-05,-0.00013610949151131394,-2.85263450858632e-16,1.6408852423941468e-10,-5.2234460012484334e-18,1.0
303.23,17.113576889038086,-0.009697263343699318,-0.0021319792833673526,9.806256048636575,-0.00019490815169750909,0.000423636634245579,-0.0001264017137941814,3.826566515115018e-16,1.6408668755691055e-10,-5.231426545101523e-18,1.0
303.24,17.123303413391113,-0.004896493490365797,0.0025220638839681046,9.80677005527743,9.182984493871443e-05,8.79336715555312e-05,-0.00024134615195846413,3.6829353476677147e-16,1.6408674979507298e-10,-5.234979922626427e-18,1.0
303.25,17.1334867477417,-0.00890978947115539,-0.009607119213944908,9.81826438629881,-0.0002738383873495757,2.2638765405842165e-06,-0.0001782760597588379,3.5392562349414634e-16,1.6408681201103096e-10,-5.237626455551798e-18,1.0
303.26,17.14347791671753,-0.0021878644073141888,0.004623439615824274,9.802504191104683,-7.059074807498449e-05,5.319275584427051e-05,0.0002294626604474158,3.3956149693860217e-16,1.6408687423036253e-10,-5.244850416682536e-18,1.0
303.27,17.153240203857422,0.0008817115630132423,-0.006814993463941262,9.8039885124713,-0.00019194286587444488,9.33387708862542e-05,0.00033756637874920266,3.252079110905013e-16,1.640869364453044e-10,-5.245929995377584e-18,1.0
303.28,17.16348958015442,-0.012068258189123363,0.0014096073507730614,9.784650389253835,0.00020821955524922065,-9.404347334285458e-05,-5.090855257770164e-06,3.1086123919434687e-16,1.640869986664496e-10,-5.2484466398174035e-18,1.0
303.29,17.17332363128662,0.008266347909211508,0.0039910160004643265,9.819538030808387,4.961994231008358e-05,-1.9912656535949475e-05,-0.00017078662436240471,2.965187267014823e-16,1.6408706087803822e-10,-5.250582600525153e-18,1.0
303.3,17.18333339691162,0.017657611730008755,-0.020170400615810175,9.779236833442091,-5.429698093451565e-05,8.333424780379034e-05,-1.821542549203576e-05,2.8216959012775423e-16,1.6408712308882542e-10,-5.247744602405957e-18,1.0
303.31,17.19350790977478,-0.0030520165334516768,-0.02494519363072436,9.81626381243338,-1.0111139574808258e-05,0.00019378842632691357,-8.499542848937042e-05,2.678338793284955e-16,1.6408718530271297e-10,-5.2470569844045394e-18,1.0
303.32,17.20334506034851,0.047116273957855274,0.031041813143078793,9.78285354124269,-3.925824768419237e-05,-0.0001637689022457344,0.00038149973894290376,2.535062830639505e-16,1.6408724751358558e-10,-5.254452378151616e-18,1.0
303.33,17.21359920501709,-0.009963564859457858,-0.02097121298322544,9.803877338064911,-0.00012969635206847038,-9.31518743824868e-05,-0.00013666580255364537,-4.287787908040953e-16,1.6408920860762566e-10,-5.259744311222272e-18,1.0
303.34,17.223363399505615,0.00299310021330126,0.012578810930258297,9.81966285139385,-3.1163678545667706e-05,0.00015411480293904927,-0.00023835575052554795,-4.2876475087954867e-16,1.6408927083890205e-10,-5.2641447994596826e-18,1.0
303.35,17.233389854431152,0.004192176773474049,-0.003978681648028282,9.788932799848084,-0.00012817079182087245,-0.00015196576872897205,-5.76489062916829e-05,-4.287569301052474e-16,1.6408933306646706e-10,-5.2687059577293026e-18,1.0
303.36,17.243489980697632,-0.012326571983958149,0.007902755571025951,9.803214224025275,0.0001540411673083114,3.702928118045455e-05,-0.00029976219759123127,-4.2876911883955713e-16,1.640893952846611e-10,-5.269838317679623e-18,1.0
303.37,17.253307819366455,0.015547829153738623,0.0026832984851175037,9.810502264669298,-0.00023582723964266084,-4.117008252761061e-05,-6.795057650306665e-05,-4.144105845202117e-16,1.6408945748868067e-10,-5.272703532163349e-18,1.0
303.38,17.263514041900635,-0.02868058744541112,-0.04145891076286697,9.789743652916604,0.0001289930942130089,0.0001263553273945947,-5.180527889121317e-05,-4.0002992324942775e-16,1.6408951969182423e-10,-5.277215986794219e-18,1.0
303.39,17.27327060699463,-0.01367692518042688,0.036793901900335026,9.816415256964788,-4.045518420614953e-05,0.00026076404929338277,0.00024216510377969252,2.8226895100612197e-16,1.6408768299384987e-10,-5.2806070786631825e-18,1.0
303.4,17.283309936523438,-0.0030801531655189553,-0.0036890208387162686,9.804421784491767,9.21452806354073e-05,0.0001464168202839557,-1.6090739061120456e-05,2.822939548029629e-16,1.6408774520898342e-10,-5.2818311564138074e-18,1.0
303.41,17.29378366470337,-0.005565639059702668,0.0019728727623820443,9.770952366076283,5.876499788042833e-05,0.00024641941227276633,-0.00014860460366057345,2.8232469002279247e-16,1.6408780741965393e-10,-5.285062634259038e-18,1.0
303.42,17.303343772888184,-0.011151308158455542,-0.01843329247899712,9.816556592090997,0.00021683700920750458,-0.00022265065809644907,7.948923006280454e-05,2.8235192742057126e-16,1.6408786962574352e-10,-5.2890335184320016e-18,1.0
303.43,17.31343722343445,-0.0073001378817362066,-0.013676383147610504,9.782111691755484,7.688134619099061e-05,6.637017160464441e-05,-6.873857472740432e-06,-3.8556679842811473e-16,1.6408983071187496e-10,-5.285477539735683e-18,1.0
303.44,17.32336926460266,-0.012664678304864707,-0.015050147480722984,9.7948841343099,-4.8037353198697267e-05,7.343479393937914e-05,9.423106147930538e-05,-3.7118839659313444e-16,1.6408989293251836e-10,-5.282361165852645e-18,1.0
303.45,17.33337378501892,-0.005634728367056292,0.006245042567482139,9.797300262435611,0.00015780255025105053,4.698068907388492e-05,-1.6930755510991908e-05,-3.5682909704757026e-16,1.640899551397931e-10,-5.281614780552676e-18,1.0
303.46,17.34351086616516,-0.021045423394673343,0.013657935041970312,9.808033746034228,-6.749352035552025e-05,0.00020195910569708022,-0.00011164023256740894,-3.424729824577905e-16,1.640900173462387e-10,-5.2817804046451456e-18,1.0
303.47,17.35347080230713,0.011806165908645722,-0.0350868969303482,9.778701731241803,1.0842653637785672e-05,1.2027855602951124e-05,0.0001225810065875437,-3.2811706438283554e-16,1.6409007955484274e-10,-5.292175226805175e-18,1.0
303.48,17.363465070724487,-0.02443330766182113,-0.0005297110525103348,9.790056394711815,-9.584087372200851e-05,-0.0005029741360553846,-0.0002616568948652699,-3.1376799414482857e-16,1.6409014176374777e-10,-5.303399322539748e-18,1.0
303.49,17.373260974884033,-0.01903262846564153,0.013677764758269517,9.784449955789968,-0.00022337384997924984,3.4401453336349245e-05,-6.065261178869681e-06,-2.994335039867951e-16,1.6409020398167163e-10,-5.305824203775228e-18,1.0
303.5,17.383330583572388,-0.005787340592818234,0.0010241275722341913,9.821055035080768,-0.00014741939602514088,-0.0003082028885535247,-0.00016614348003018961,3.828182050455349e-16,1.640883673286474e-10,-5.296080523107238e-18,1.0
303.51,17.39423179626465,-0.0026258586786783965,-0.004754536884715456,9.805805698146777,0.00043830932715881746,-4.01519185722294e-05,0.0002462617566650175,3.8280057459497763e-16,1.64088429553079e-10,-5.288199677223505e-18,1.0
303.52,17.40329670906067,0.006132564569029078,-0.023363118506767283,9.812212475235556,7.536443888236459e-05,-0.00013609782092614722,2.7808571614137312e-05,3.827950560216222e-16,1.6408849176897234e-10,-5.288817669017764e-18,1.0
303.53,17.413357973098755,-0.00808164586325836,0.0007063521621268244,9.824177146569372,-2.1879570811170752e-05,0.00030752264422025653,7.572496115102668e-05,3.8278413826122077e-16,1.6408855398328142e-10,-5.289390910776307e-18,1.0
303.54,17.42337965965271,-0.005523098592250656,-0.005498435652853728,9.814842942855972,0.00023238143140689917,-0.0002617514152879067,5.651354909183446e-05,3.827838151233879e-16,1.6408861619191407e-10,-5.288309466752789e-18,1.0
303.55,17.43337368965149,-2.2494058168371356e-05,0.0033817330405548633,9.831799984093937,0.00032168822106983083,0.0002147946958081486,0.0003994649842599897,3.971352061903253e-16,1.6408867842147184e-10,-5.299942057669706e-18,1.0
303.56,17.44337749481201,-0.03031014713413621,0.020087325298841933,9.764908642319078,-4.771042553070105e-05,3.996651916219527e-05,-0.00027429490171499327,-2.7798158893162185e-16,1.640906311554896e-10,-5.309663834702589e-18,1.0
303.57,17.453409910202026,-0.000575835498327718,0.029181564679462483,9.837766461916754,-0.0002784221913426335,-2.9879703035937554e-05,-8.35565529526671e-06,-2.779917362829809e-16,1.640906933644879e-10,-5.3157153722569236e-18,1.0
303.58,17.463396072387695,0.014853743259821153,-0.02539804635839152,9.76344576222601,4.117439047469842e-05,0.00010327113730854574,0.00024936233418169093,-2.708156206837301e-16,1.640869661526053e-10,-5.331819321160984e-18,1.0
303.59,17.473333597183228,0.017677332129412106,-0.017781048057479584,9.772614084208994,-0.0002577646277321212,0.0001581450389925214,-8.940592407904332e-05,-2.5646740992856655e-16,1.6408702835491227e-10,-5.3427823178046536e-18,1.0
303.6,17.48337197303772,-0.0044908330217417955,0.00984708284049206,9.80634529438888,0.00013931096716607983,0.0003464970329818311,0.00032689654956113095,-2.421124218825892e-16,1.6408709057341635e-10,-5.341733993964686e-18,1.0
303.61,17.49370551109314,-0.02429085726218791,0.001839841319241786,9.81215847080827,-0.00015900880797946326,-2.895843080121472e-05,2.491307626818939e-06,-2.277366077968119e-16,1.6408715279754874e-10,-5.341171469364367e-18,1.0
303.62,17.503347873687744,0.006341714968683654,0.014842023488626637,9.793835987867359,-0.00042458698349528653,-8.05941788312022e-05,-0.00022735678037298635,-2.1336879099283517e-16,1.6408721502263355e-10,-5.342860794365508e-18,1.0
303.63,17.513434886932373,0.01461936896279652,-0.011998692039577548,9.79540000079412,-0.00030360802765986325,-0.0003193755180740452,0.00016761084078023878,-1.9900213396749326e-16,1.64087277249048e-10,-5.353704151874752e-18,1.0
303.64,17.523348331451416,-0.010008824403295953,0.01326248993216197,9.792517657965305,-0.000520126264772721,-2.1729341290641454e-05,-0.00022799469414339963,-1.8464724508966102e-16,1.6408733944733736e-10,-5.354130494954478e-18,1.0
303.65,17.53339648246765,0.018986639881603148,-0.02503552388508316,9.790470588777463,-0.0003180845137563871,-9.376600551385853e-05,0.0002777916339451099,-1.7028367598294796e-16,1.6408740165214363e-10,-5.3497973322051e-18,1.0
303.66,17.543333053588867,-0.007142991285948434,0.03494014912183261,9.861300966428233,9.939772371191414e-05,0.0004102449467065383,6.088177931928315e-05,5.119877836104358e-16,1.6408936272777222e-10,-5.3496570090410196e-18,1.0
303.67,17.55333185195923,0.0018556441823632446,0.01593959870160808,9.81885824010165,0.00022267196823021892,0.00022615186461802243,0.0004200462992203446,4.976567341807821e-16,1.6408942492746453e-10,-5.348838615694837e-18,1.0
303.68,17.563619375228882,0.017061777358748413,0.016689816700770636,9.82606323301663,-6.751075159962651e-05,-1.4194544657836908e-05,1.3867967770341285e-05,4.833055236430878e-16,1.6408948711889997e-10,-5.348025883831741e-18,1.0
303.69,17.57322669029236,0.014747520708059679,0.05098753209821948,9.787265085213491,0.00014409122271426944,0.00017858301671838512,0.00014056494756368965,4.689684181424138e-16,1.6408954931919513e-10,-5.349479753397705e-18,1.0
303.7,17.58335590362549,0.011686582110020157,0.004136433131028676,9.790569788741205,-0.00033532663561742354,1.6510075020629458e-05,-5.344492074623801e-06,4.54638587579913e-16,1.6408961152462156e-10,-5.354670898950234e-18,1.0
303.71,17.5935001373291,-0.006254054968028759,0.002376974063459665,9.8001349503874,-9.698207242827585e-05,-2.6716132950965863e-05,-7.663249465001758e-06,4.40305384920977e-16,1.6408967374361266e-10,-5.353803171723201e-18,1.0
303.72,17.6033194065094,0.014666535141004721,-0.0076933418554148624,9.777566933401783,0.0002210122035787667,0.00019040381552193483,0.00017040912654258023,4.2595559157509183e-16,1.6408973594504186e-10,-5.355825881550296e-18,1.0
303.73,17.613564252853394,0.016479282892093605,-0.018668408077412706,9.807652660186882,0.00026059169653331433,6.840861025007775e-05,0.00010404359304589423,4.1160798127704917e-16,1.6408979815795453e-10,-5.3645435789774395e-18,1.0
303.74,17.623356342315674,-0.023879400436133135,0.01019314751011471,9.790819695037392,-0.00033948038423043666,-2.3586054560704148e-05,0.00010499964824664242,3.9724123019517207e-16,1.6408986036891216e-10,-5.380389545047465e-18,1.0
303.75,17.633458852767944,-0.05509818316153689,0.02205546510890671,9.810911917860501,0.00047968460437099327,-0.00016133851360802305,-0.00031558589238675434,3.828699391139986e-16,1.6408992254429753e-10,-5.3918861129544905e-18,1.0
303.76,17.643314361572266,0.015343729127523032,-0.024779099382005995,9.782981223940538,-8.278472874387e-05,5.065693760468e-05,3.591660249846333e-05,3.6849303895318793e-16,1.6408998473737146e-10,-5.3975000625345686e-18,1.0
303.77,17.653488636016846,-0.008739437812289431,-0.012124407797369492,9.816408595498544,-2.029785770704035e-05,-0.0003624941730986639,-1.75602240369388e-08,3.5412815655770213e-16,1.6409004692612502e-10,-5.399832247080056e-18,1.0
303.78,17.663580417633057,0.003631601497107077,0.02045912778814405,9.837170642954144,-3.424855844742871e-06,0.0002962585990804815,0.00022848521590668818,3.397667755394821e-16,1.6409010913861655e-10,-5.412114814735224e-18,1.0
303.79,17.673284769058228,-0.012753853480951434,0.006017891465621566,9.796306203835533,0.00020395973821102074,7.02322380386614e-05,-7.961351191066453e-05,3.2541436365760905e-16,1.640901713439237e-10,-5.418209319016582e-18,1.0
303.8,17.683610200881958,0.030622648182217792,0.003536293535931241,9.790684870066038,-0.00010600758226522443,9.34769205167677e-05,0.00020868352561748496,3.110529791443923e-16,1.6409023354871046e-10,-5.41848110784286e-18,1.0
303.81,17.69350528717041,0.013948358654747155,0.014580147106820969,9.81032764390605,0.00013184185257998068,-0.00016531647668106,-0.00019314785296798486,2.9672591260134934e-16,1.64090295771933e-10,-5.421810117421611e-18,1.0
303.82,17.703355312347412,0.021976081455092014,0.023162174539061026,9.79217885238571,8.679191059759432e-05,0.0002849942583163384,-1.053051256820555e-05,2.823840914041023e-16,1.6409035798625168e-10,-5.425214964764612e-18,1.0
303.83,17.713589191436768,-0.013787892188583697,0.004538244569490416,9.828882412425617,-0.0002839945833824729,-0.00021460487595348994,-1.2982189493162324e-05,2.680538377916408e-16,1.640904202039895e-10,-5.4254868887628666e-18,1.0
303.84,17.72338056564331,-0.003789972072799263,0.011078382345453639,9.80146090214446,2.4492817200856604e-05,-0.0004228911442916807,-0.0003658059261516633,-3.9983948837327706e-16,1.640885834869401e-10,-5.42560117979513e-18,1.0
303.85,17.73349165916443,0.017590612764239896,-0.007774896801970308,9.821001844982177,-9.256239417992838e-05,0.00015980082943280326,-0.00041887450235367945,-3.85460905232835e-16,1.6408864569535156e-10,-5.4240184522838384e-18,1.0
303.86,17.743616819381714,-0.003404450920039852,0.01398517959471191,9.806549829099053,-0.00041426758954086644,-0.00011099602407906684,-8.105719301984404e-05,-3.710890521663367e-16,1.6408870789387164e-10,-5.421504598279583e-18,1.0
303.87,17.75342559814453,0.030434427900720956,0.0020611918074867146,9.79200331201805,-4.249246174292505e-05,-0.0001225477172233686,-0.0001012732761253482,-3.567153863416281e-16,1.6408877009191383e-10,-5.423889917454599e-18,1.0
303.88,17.763556003570557,-0.011617599342977207,0.015219600628616051,9.78728881370769,0.00021705406343814083,0.00011938057997238395,-4.101828275794443e-05,-3.4234852442751773e-16,1.6408883229732816e-10,-5.4251942463864566e-18,1.0
303.89,17.773364782333374,0.01609361832346421,0.009067172676822553,9.788257897860234,3.6743085237535174e-05,0.00011125971671392662,0.00033830658884747726,3.4712841451076195e-16,1.640870039580915e-10,-5.432485420595445e-18,1.0
303.9,17.783563137054443,-0.006147171726439315,0.011580089064563237,9.809043552956734,-0.00016642365084957016,-0.00012465900422696595,1.8018274547464755e-05,3.6148398862461005e-16,1.6408706617123398e-10,-5.442440857926981e-18,1.0
303.91,17.793595790863037,0.023880868140563487,0.001686066153495399,9.805445023230412,9.724963976308264e-05,4.007294677888056e-05,-0.00028717366964906444,3.7580853468417086e-16,1.640871283917625e-10,-5.445826800074576e-18,1.0
303.92,17.803409099578857,6.298533587369318e-05,0.02236633187134373,9.791680157069223,-0.00012131216569842564,-0.00035368447723161994,-0.00018871409683178335,3.901363916265872e-16,1.6408719060753096e-10,-5.4471434446145924e-18,1.0
303.93,17.813532829284668,-0.032828948763080415,-0.013728149396720141,9.789681315527053,1.7181976100884484e-05,0.0002482511190639026,-0.00038486458790980835,4.04475517502258e-16,1.6408725283072835e-10,-5.456934392393155e-18,1.0
303.94,17.823392868041992,0.01745541579388493,0.00517656288168116,9.778333722745494,0.00012472751631748452,0.00014061013267486388,8.365670741639231e-05,4.188260183715963e-16,1.6408731504471044e-10,-5.4678977353980074e-18,1.0
303.95,17.833417415618896,0.0050970878270360466,-0.012506400021069806,9.813107455752618,-0.0002355316720521119,0.00012769499285064374,-4.810041817383431e-05,4.3318050397364017e-16,1.6408737725176406e-10,-5.470387080778719e-18,1.0
303.96,17.843799829483032,-0.00024396068042963884,0.0017438563234504613,9.787527648441298,0.00027727768305012897,1.4506991621891187e-05,6.683281300021838e-05,4.475372037046854e-16,1.6408743946174245e-10,-5.467453812602147e-18,1.0
303.97,17.85360884666443,0.021269408572585052,0.022185874891376092,9.8035588160149,0.00024886762333721285,1.5761041066688136e-05,4.017708083637242e-05,4.619159515956514e-16,1.640875016857309e-10,-5.469713173810366e-18,1.0
303.98,17.86351490020752,0.011196559823090799,-0.005029769667898342,9.825792627613033,6.677223674948383e-05,0.0002121051275618624,0.0003705768197638704,4.762842732789994e-16,1.6408756389346885e-10,-5.4742910266929314e-18,1.0
303.99,17.873318195343018,-0.029681992019420678,0.003309262084940262,9.796859952341125,1.6208237357377935e-05,-0.000517378315996328,8.942940941566501e-05,-1.987842671286254e-16,1.6408951670890064e-10,-5.481868192203966e-18,1.0
304.0,17.88344383239746,0.005760688068866915,0.012529600903999294,9.812409585292082,0.0001430919028436698,0.0002890807681066269,4.8731471441283843e-05,-1.987674932417853e-16,1.6408957893860063e-10,-5.490122568430747e-18,1.0
304.01,17.893490314483643,-0.005456189070267508,0.009396936507868466,9.816734432321226,0.0005531302128011889,-0.00022063294535422078,0.00016937645169225375,-1.9874436608295957e-16,1.640896411479328e-10,-5.495428762131898e-18,1.0
304.02,17.903300762176514,-0.031267813694206,0.003764800342134762,9.80133069568698,0.00020071522803178222,0.00019259194684259726,-0.00010255764317536975,-1.9872347773968096e-16,1.6408970335799836e-10,-5.5071118075968314e-18,1.0
304.03,17.913488626480103,0.0034647244461625103,-0.008509836738555253,9.780796588460024,0.00016524117782022496,5.023192265980351e-05,0.00010853871842011411,-1.9870441208492082e-16,1.6408976555442418e-10,-5.51557653912325e-18,1.0
304.04,17.923356771469116,-0.019101670153591883,0.031055022328026323,9.765995587803834,-0.00010532681340520766,0.00011876175727126639,0.00018394290657691595,-1.9867979509351332e-16,1.640898277597483e-10,-5.524777197030288e-18,1.0
304.05,17.933422327041626,-0.013280440620034216,-0.011980521319416687,9.807891264949793,0.00023599084445306433,9.801048951477811e-05,-0.0001972586720428006,-1.9866554699574472e-16,1.6408988996039992e-10,-5.532339888836206e-18,1.0
304.06,17.943421602249146,-0.030334038907025154,-0.03208057184466055,9.787107941476316,-5.647684681659687e-06,-0.0002297721847304092,0.00038045191840718073,-2.0582225014058724e-16,1.6408616268396486e-10,-5.5382081878098945e-18,1.0
304.07,17.95339608192444,-0.027168515239450835,0.01674783641040198,9.77835237444738,-0.0003144091989616863,-0.00048061392031284304,0.0003062873453184924,-2.1298921310584617e-16,1.6409001436649754e-10,-5.540093339294558e-18,1.0
304.08,17.963526725769043,0.04175223203303329,0.006230738062933478,9.791636352642694,0.0002511646091044049,7.29571493659139e-05,-0.00018927434782863137,-2.129777499083801e-16,1.640900765622455e-10,-5.544709546066323e-18,1.0
304.09,17.97326683998108,-0.011962775878294096,-0.021533348915490122,9.790122026620889,0.00019818769269302537,0.00023206593680266696,2.0907155717785104e-05,-2.2014025899664887e-16,1.6408634930939918e-10,-5.549583511294455e-18,1.0
304.1,17.98360323905945,0.0037674293927844054,0.010762367228338881,9.787705121168035,-0.00017733129621111453,0.00019763843043703373,6.589372144512311e-05,4.621491144525139e-16,1.6408831039047306e-10,-5.557984876228125e-18,1.0
304.11,17.993452548980713,-0.019063641986232994,0.007758715028930812,9.793795650188263,6.612567751010326e-05,-4.615348646883922e-06,-0.0002176660063964671,4.765271142966071e-16,1.640883726035826e-10,-5.565581998607159e-18,1.0
304.12,18.003292083740234,0.0025053832501221846,-0.015278806050635863,9.793694633665131,0.0003526318450514155,8.789786754865988e-05,-0.0004007004383795629,4.908716815350914e-16,1.640884348195848e-10,-5.5656841091660816e-18,1.0
304.13,18.01345205307007,0.01676759686957913,0.011761090365826697,9.812917400876959,-4.095772073115481e-05,6.180975432643843e-05,7.191049466360133e-05,5.052185828004615e-16,1.640884970345535e-10,-5.564895936035291e-18,1.0
304.14,18.023377418518066,0.004061840306977272,-0.008766352963726359,9.79225595594025,-1.3327042434299394e-05,-1.141427014435137e-05,2.0863236744961295e-05,5.195926371103326e-16,1.6408855924611873e-10,-5.566214352650607e-18,1.0
304.15,18.03344464302063,0.016596701456322797,0.016631981562295242,9.797862210149484,-0.0001048498832003524,0.0001596151713448594,-6.874386436251973e-05,5.339627695980648e-16,1.6408862143697349e-10,-5.57060781869281e-18,1.0
304.16,18.04337167739868,-0.013694027670997946,0.003719009898924503,9.80905423215276,-9.881436516504301e-05,-1.523283678932445e-05,-0.0003143888408012342,5.339685337166014e-16,1.640886836299047e-10,-5.581740313206816e-18,1.0
304.17,18.05343985557556,-0.0006365065468388612,0.006213762477585552,9.773220803583397,-3.3776153536441756e-05,-0.0002820901946566289,-0.0002916773857206905,5.196310901193695e-16,1.6408874584706742e-10,-5.590167807734205e-18,1.0
304.18,18.063374996185303,0.00292746684076398,-0.01680582258615102,9.787587947951987,-0.00023699039836897864,0.00019155972278200056,-0.00032563673763751766,5.053022022652517e-16,1.6408880805973157e-10,-5.5899355878672644e-18,1.0
304.19,18.07330870628357,0.02278292129856182,-0.014967538804009311,9.82617973157838,-0.00022741376660867838,-0.00011482603109493986,-6.118368395329816e-05,4.909645007702273e-16,1.6408887026323385e-10,-5.589456727654996e-18,1.0
304.2,18.08346652984619,0.0182310892903992,-0.01771171682306041,9.785118001640805,-0.0002341728794486474,0.00015488213249244777,0.0003733784405763358,4.766192620515348e-16,1.6408893245769124e-10,-5.588172426932819e-18,1.0
304.21,18.093425750732422,0.006001224679781899,0.011474055942001059,9.793486885139894,3.1431142111051725e-05,-2.481467018406332e-05,0.0004773942980063531,-2.0564316526768538e-16,1.6408709573007044e-10,-5.593855137610926e-18,1.0
304.22,18.103342056274414,0.02209191410241077,-0.017164807022438326,9.81555001364508,0.00018863698548792266,0.00011440674141085468,-7.002944892444493e-05,-2.199893912396955e-16,1.6408715793278506e-10,-5.596418865417775e-18,1.0
304.23,18.113640785217285,-0.01590751924003153,-0.023694579612168136,9.801536491705882,0.0002706470200412177,-0.00016287979728662918,5.3774192366202995e-05,-2.3432110055900023e-16,1.6408722016363824e-10,-5.598557677502222e-18,1.0
304.24,18.123364210128784,0.008821015383814372,0.007719638663912916,9.815361728555484,-0.00020678155313376843,-0.0001678429347611331,1.9412603525924023e-05,-2.4866362592682017e-16,1.6408728240565087e-10,-5.5950014565074266e-18,1.0
304.25,18.133363723754883,-0.013249431808406856,0.034685315287740236,9.802031558146298,-9.32674086564851e-05,2.2599187408653637e-05,0.00021802191992194108,-2.6301351299088277e-16,1.6408734460359978e-10,-5.598263570037825e-18,1.0
304.26,18.143472909927368,-0.011601332326069724,0.016937348428205202,9.828875589931199,-0.0001041718715100065,-8.999627455750512e-05,0.00017239110998402204,-2.773720719336014e-16,1.6408740682002828e-10,-5.606958810853922e-18,1.0
304.27,18.15336012840271,0.004730124336198946,0.006979370038233752,9.810013969684386,-3.089750740152422e-05,0.0004682073188919908,0.000205597392969663,-2.917269864461961e-16,1.6408746900634893e-10,-5.617848768666477e-18,1.0
304.28,18.163413763046265,0.0012397616048049978,-0.0037724817858869183,9.79331857006438,-0.0004557578769806516,-0.00029077301383515305,-0.00012059783622175464,-3.061010656395586e-16,1.6408753120266416e-10,-5.62093613326539e-18,1.0
304.29,18.173251628875732,0.007641986868366439,0.02176347364670137,9.79616297733502,-0.0002448500288113316,-0.00040449858303615445,2.3760945127175483e-05,-3.204775628264088e-16,1.640875934089736e-10,-5.616055903482397e-18,1.0
304.3,18.183418035507202,0.008387519292392879,-0.020705971753516676,9.779030674217163,-0.0002952939383988121,0.00016741734688517548,-0.00025165734537876993,-3.204808975846277e-16,1.6408765562983648e-10,-5.619339201456698e-18,1.0
304.31,18.19352078437805,0.008041552650356663,0.03654451177330546,9.81024619332303,-0.00013905413353581175,-0.00023223398831455363,-0.00010335309484128886,-3.0614109804973673e-16,1.6408771781364049e-10,-5.621546724849329e-18,1.0
304.32,18.20330572128296,-0.025879732644492632,0.005299094521572021,9.79908999636395,0.0001571761784969224,0.00011141085133482653,1.415953380016526e-05,-2.917931672381731e-16,1.640877800348122e-10,-5.621255084857173e-18,1.0
304.33,18.213616371154785,0.005194527082919097,-0.006724749601628783,9.82245141076428,-0.00012005521556975566,3.521410658630459e-05,-4.3212185768743554e-05,-2.9178271454006035e-16,1.6408784229478919e-10,-5.6340344125634934e-18,1.0
304.34,18.223291635513306,0.0035324257310437577,0.016348439508295707,9.791266775340882,0.00029247163299986063,0.00013189347230073471,0.00021075100534303983,-2.9179079132956876e-16,1.6408790450412396e-10,-5.642015598463704e-18,1.0
304.35,18.233369827270508,-0.035772549623632986,-0.00841963982367798,9.815019057340779,-4.80364324690179e-05,0.00016933430467089484,-0.00029434471851735275,-2.917995324039586e-16,1.6408796671750848e-10,-5.655327161329093e-18,1.0
304.36,18.24343180656433,0.015759454210086427,-0.009419817782873501,9.794563365734552,0.0001725507053253192,0.00025653234473726474,4.752064402366388e-05,-2.917942882419982e-16,1.640880289188154e-10,-5.668654098388182e-18,1.0
304.37,18.25351095199585,0.008375318083807957,-0.004835477795273033,9.81044657643833,-0.00025157448220075406,0.00019352756300651132,0.00012126007592098349,-2.9180447271008284e-16,1.6408809113184994e-10,-5.676327514880977e-18,1.0
304.38,18.2635817527771,-0.014866195709971547,-0.0022972442131041957,9.778200458037325,-0.00010273724692861458,4.5862978732831836e-05,-0.0002968732560617731,3.90462100506771e-16,1.6408625444857337e-10,-5.6833349040357306e-18,1.0
304.39,18.273320198059082,-0.026366943173475533,-0.01583770263954827,9.776560497198842,4.0891659813750395e-05,2.5149908786395346e-05,-3.118669338192529e-05,-2.774684326128744e-16,1.6408821551649675e-10,-5.69224111150841e-18,1.0
304.4,18.283464431762695,-0.011199140763231167,-0.027686940738607415,9.810056755327881,0.00043438425705503346,-9.102541146120684e-05,-3.2879288280836195e-05,-2.774769382350678e-16,1.6408827772883916e-10,-5.702254976230033e-18,1.0
304.41,18.293516159057617,-0.024988810585785417,0.025985260244850723,9.780813229071118,-0.0001941840823097357,0.00020336186311230243,-0.0002706236736561998,-2.775044509942808e-16,1.6408833994041218e-10,-5.7144303492924404e-18,1.0
304.42,18.303335189819336,-0.016209422381752943,-0.015791572142584785,9.793183024290533,-7.546607966634802e-05,-0.00016836574662140412,0.0002503783239907382,-2.6316537210653673e-16,1.640884021664298e-10,-5.727038176924967e-18,1.0
304.43,18.313753843307495,0.010733561885787899,-0.02402163712052312,9.81061893384952,9.366075631159867e-05,-6.371459114566731e-05,-0.0004498903031772395,-2.4880206412998566e-16,1.6408846438030822e-10,-5.73202884508143e-18,1.0
304.44,18.323326587677002,0.0025103555838304832,0.04545591551166875,9.811605261615963,-0.0002190550209588259,0.0002570102439985884,0.00016489193642776312,-2.3444247020484166e-16,1.6408852658477493e-10,-5.72950047065801e-18,1.0
304.45,18.333380222320557,0.03547654619630328,0.03454594099284419,9.776203813359107,-1.9646862599636963e-06,-0.00010776526645116454,4.784842792051985e-06,-2.200883084406895e-16,1.6408858878566898e-10,-5.733099795132505e-18,1.0
304.46,18.34363317489624,-0.008592079556879573,-0.022298040455369633,9.779790647555927,8.267141330104945e-05,-8.563088642948405e-05,-0.0002468479606400491,-2.0572610135342788e-16,1.640886510079539e-10,-5.736740397253323e-18,1.0
304.47,18.353384733200073,0.0344855165626551,-0.024647917057507077,9.802681325199348,-7.766944383862645e-05,3.518174457497416e-05,4.0528398036718706e-05,-1.9136154058486706e-16,1.6408871322573203e-10,-5.744172412818034e-18,1.0
304.48,18.363413333892822,-0.0097244817989498,-0.00979713193852427,9.81550346640606,-6.418501336974574e-05,-0.00017617241923864973,0.0005531002867276611,-1.769940113601417e-16,1.640887754483383e-10,-5.743681210702968e-18,1.0
304.49,18.373278856277466,0.0054495064073271605,0.006474543867060744,9.789492208969502,5.3637170268713566e-05,0.00043886198001217224,-2.8185485001482837e-06,-1.6262966730956257e-16,1.6408883765395252e-10,-5.7463767695552e-18,1.0
304.5,18.383354902267456,-0.035265362740543656,-0.0051324166016556,9.797880614202551,-0.00013865235443282243,0.00011000687111579365,-0.00023922890345178424,-1.6979120305856154e-16,1.640888915341652e-10,-5.749720267077785e-18,1.0
304.51,18.393588066101074,0.01318325556317642,-0.009452905319145695,9.834370016287378,-3.9377124222214356e-05,0.00036219125828543616,0.0002081752717720571,-1.7695610880114294e-16,1.640889620477661e-10,-5.7519157471529484e-18,1.0
304.52,18.403297185897827,-0.009609534582319189,-0.017360491771451943,9.790258280933811,0.00018778505453076355,0.00011046857351511004,9.178464984397136e-05,-1.9129589568652656e-16,1.6408902424772987e-10,-5.750590907736919e-18,1.0
304.53,18.41365957260132,0.030123255620779076,-0.00770967872171305,9.809029356283999,-2.4207669193836684e-06,0.0002829437706900333,-0.00015204966975351488,-2.0564239252395365e-16,1.6408908645986625e-10,-5.751936825656894e-18,1.0
304.54,18.42332673072815,0.032243516604975646,0.02906814139886397,9.79510390157784,1.2447719476871878e-05,8.412335265683362e-05,-3.84575139968994e-06,-2.1997518831020754e-16,1.6408914866209775e-10,-5.755367244786819e-18,1.0
304.55,18.433348894119263,0.004184412646170585,0.02098876778827861,9.785047922872792,-0.00018533230017352096,2.3766544833076596e-05,3.279999088102962e-05,-2.3431045247033047e-16,1.6408921086286647e-10,-5.7564970380177724e-18,1.0
304.56,18.443390369415283,-0.014330739613348476,0.006830226369044588,9.786051313606889,-0.00028359466402052695,0.00032624674005973174,5.0539026883246096e-05,-2.48640591101312e-16,1.6408927307832088e-10,-5.7528239889754005e-18,1.0
304.57,18.45337677001953,-0.02065441268259893,-0.014707038665164656,9.802285361084618,-0.00021754400458201783,-0.0002756042879957485,0.0001298964946384599,-2.6297861212174547e-16,1.6408933529814643e-10,-5.763378827863213e-18,1.0
304.58,18.46349263191223,-0.0067640970542596985,0.02432766235987476,9.840389182531647,0.00010809292243988674,-0.0002030215971638917,-0.00016783370559202675,4.049367414877014e-16,1.6408749857029537e-10,-5.779853628826557e-18,1.0
304.59,18.473337411880493,-0.022620365137343314,0.02344973489317055,9.78123753153238,-0.00019793507526106682,-8.667582770074573e-05,-0.0001060520808987471,3.90566108906198e-16,1.64087560788139e-10,-5.789389148489067e-18,1.0
304.6,18.483450412750244,-0.012891801551979078,-0.006214622726505981,9.808103067127046,8.794006159629323e-05,-0.0001416894990026403,-0.00016393648898564638,3.7619639032829895e-16,1.6408762300806468e-10,-5.80045052627736e-18,1.0
304.61,18.493409872055054,0.0028141823115025023,-0.004764244857649743,9.805738927605162,0.00011821573732881562,-0.00022725878526276335,-0.00016157099873475843,3.6183043311611454e-16,1.6408768521481258e-10,-5.799367001108161e-18,1.0
304.62,18.503379821777344,-0.023181317957767216,-0.029235048210004576,9.838495258218444,0.00025841636565563205,0.00036135668764852673,-0.00013553387478043645,3.4744954346879114e-16,1.6408774741728175e-10,-5.8081468514584415e-18,1.0
304.63,18.513455629348755,-0.0045211892660621976,0.021786543214692276,9.783285787212389,0.00040735179985356486,-0.0003346465740867972,-0.0004073627168961868,3.330872933014416e-16,1.640878096179919e-10,-5.811892164735495e-18,1.0
304.64,18.52332353591919,0.03715873436744412,0.035426737854143464,9.803631450307186,-0.00030619165019004176,0.000123837389402215,0.00018630306695614063,3.187277951701246e-16,1.640878718362449e-10,-5.813262777827259e-18,1.0
304.65,18.533308267593384,-0.01587756558049214,0.011065810716301944,9.790136508785006,0.00013457565152979198,7.337513780533856e-05,-8.350137718844188e-05,3.043826755641798e-16,1.6408793404290993e-10,-5.816338537871926e-18,1.0
304.66,18.54349184036255,0.005317807225412592,-0.005221706080755893,9.775896041388844,-0.00030052627895229926,-4.998456957252576e-05,0.00013072764298528814,2.9005558265038566e-16,1.6408799624976145e-10,-5.818585493681435e-18,1.0
304.67,18.553351402282715,0.012594040298366695,-0.006987579433045686,9.776668545924633,0.00012071297815508267,6.762059943720511e-05,0.00023175681411463796,2.757149590637695e-16,1.64088058467076e-10,-5.818488876720313e-18,1.0
304.68,18.563368797302246,0.007682402351296154,-0.02726450351424433,9.811670641020594,-0.0002579090264631138,-0.00022427429678342198,-6.73450098937156e-05,2.7572460638663725e-16,1.6408812071914524e-10,-5.821044020276834e-18,1.0
304.69,18.573275804519653,0.006730958765613464,-0.010685589705500771,9.81435310160633,0.00020971387247519733,0.00010994643921914293,-0.0004153885010382527,2.9009638000896884e-16,1.6408818293388282e-10,-5.822236034207795e-18,1.0
304.7,18.583399772644043,0.006435195557454519,0.004719126529110498,9.802216181623058,2.88562967113885e-05,4.8098226447415316e-05,8.275757095653644e-05,3.044738067050069e-16,1.640882451409395e-10,-5.819498968890686e-18,1.0
304.71,18.593497276306152,-0.001729029190642185,0.02141859112643041,9.800572917890774,-0.00019643939713359984,-0.0002070866156106328,0.00018800011562137957,3.1885080943053847e-16,1.6408830734853698e-10,-5.822485855582187e-18,1.0
304.72,18.603312492370605,0.006410871122632906,0.0007032808369300417,9.802703283703465,4.1039414795588066e-05,6.957211701656895e-05,0.00016997055373273008,-3.4905575000056835e-16,1.6408647064979369e-10,-5.829883906394571e-18,1.0
304.73,18.613430500030518,-0.00016891619609812252,0.006062537474369537,9.804054045393006,4.159032070990765e-05,0.0001516296484340356,0.0001354715703497276,-3.4902623408143213e-16,1.6408653286951033e-10,-5.831176486570874e-18,1.0
304.74,18.623342752456665,0.012654809428257719,-0.00553774292653623,9.790861232267002,-1.5445339059793695e-05,-3.0451452879362098e-05,-0.0003101373403849439,-3.490078567095924e-16,1.6408659507920808e-10,-5.8333537123278365e-18,1.0
304.75,18.633384466171265,-0.0010333049785828672,-0.02691899477867352,9.803554880692404,-0.00011810060501199378,0.00015420828948334056,0.0001260328049106351,-3.3463933076953305e-16,1.6408665730312496e-10,-5.837940551424477e-18,1.0
304.76,18.643868684768677,-0.001913615307430062,-0.015651253950444387,9.802364528116978,9.740439849632565e-05,-0.00011889769542795757,3.341406566391651e-05,-3.202798501357594e-16,1.6408671952795252e-10,-5.849727187332978e-18,1.0
304.77,18.653313636779785,0.026895080224836797,-0.014793282824166367,9.827567430226168,-0.0003416233059373384,-0.00014065663730108044,5.19537531554854e-06,-3.059415596763707e-16,1.640867817361489e-10,-5.857044882940829e-18,1.0
304.78,18.663609504699707,-0.030506012212091017,-0.03191218926575735,9.791045849705032,-0.00012282600302363048,9.534494132967596e-05,0.0002570020001888157,-2.9161726846724163e-16,1.6408684395025764e-10,-5.852558030978022e-18,1.0
304.79,18.673391342163086,-0.027634815852670188,-0.033961470277604086,9.801126697014814,3.147234028503129e-05,-0.00016675875264575524,0.00040178125880925645,-2.772754635376159e-16,1.6408690617176326e-10,-5.864661882988187e-18,1.0
304.8,18.683347940444946,-0.02515405155066507,0.0183307007542298,9.79306075980801,0.00014170644403675074,-3.084707039499891e-05,0.00038588978066792163,-2.6294185100640937e-16,1.6408696837875792e-10,-5.876372922281404e-18,1.0
304.81,18.6935715675354,0.012909132326533679,-0.016359945884345334,9.775829824825356,4.9174195050577774e-05,-0.00011512785727582693,-0.0003725697351644214,-2.485817321536599e-16,1.6408703059221484e-10,-5.879599221671908e-18,1.0
304.82,18.703294038772583,-0.016409672091267553,0.01118760565223001,9.789896975615534,0.0002811908419097354,0.0001259309865985022,-6.66181904576419e-05,-2.3420468178104064e-16,1.6408709279401225e-10,-5.87911111261605e-18,1.0
304.83,18.713682413101196,-0.010121576896158268,0.03817150261346721,9.815834224467318,-0.0005559333660821068,-2.0507385599818487e-06,-0.00014167755093199576,4.480861808964332e-16,1.6408905388161953e-10,-5.880354639315221e-18,1.0
304.84,18.723302602767944,0.013833448283739428,-0.0068295744818648784,9.770636308838117,0.0002188319551983428,-0.00012892042194325064,-3.7434051620749465e-05,4.481089218087729e-16,1.640891160983351e-10,-5.880794822788284e-18,1.0
304.85,18.73339009284973,0.01753047867137284,-0.0012501993260469212,9.795499845538561,-4.9980665974583964e-05,-0.00022200138100716727,-0.00021060034891212431,4.481385121014652e-16,1.6408917832978978e-10,-5.882484148900818e-18,1.0
304.86,18.743741273880005,-0.020791486972546337,-0.04033612930788406,9.830846323793983,4.351134136354003e-05,0.00015605054285759048,-0.00014035863963692767,4.481535700613911e-16,1.6408924053915017e-10,-5.886001766943108e-18,1.0
304.87,18.75331997871399,-0.03113831909588316,-0.02870572011922242,9.789194772698648,5.852305910039613e-05,0.00022812402997415655,0.0003893315648045737,4.481733594869089e-16,1.6408930275590693e-10,-5.885997925717637e-18,1.0
304.88,18.763442993164062,0.007641238783383612,0.02736707922622121,9.795680551281617,-0.0002952524952866004,0.0003138146020367527,-0.00021016869486782945,4.481833073758295e-16,1.640893649619258e-10,-5.88571754193256e-18,1.0
304.89,18.773370504379272,-0.027053792691393585,0.008449065465632687,9.78681517090613,8.986187113483723e-05,-0.00018361131244974227,-0.0002420404126943757,-2.340832522773497e-16,1.640875282320741e-10,-5.885400965339667e-18,1.0
304.9,18.78336238861084,0.977847960871656,-0.015364285500949402,9.802990270629946,-0.0002339827025861856,-0.00032928157892985247,0.00010512517735405324,-2.3406685397167765e-16,-1.0902227533731424e-10,-5.868063876251195e-18,1.0
304.91,18.793554544448853,0.9952713004731144,-0.009555792619201581,9.805683503813123,0.00013229846257691995,-0.0002469713959489718,0.00018454972808038005,-2.340392596227731e-16,-3.8487497069670414e-10,-5.829594038239551e-18,1.0
304.92,18.80331301689148,1.0108413386572552,0.03407306872064656,9.807987375637765,-0.00012983198884872657,-5.7806297006350275e-05,0.0003413493324397807,-2.3404388279811314e-16,-6.343371738791337e-10,-5.773441827415928e-18,1.0
304.93,18.813586235046387,0.9953461173812655,-0.01362066945012842,9.769119261327072,0.00010129133464773632,-8.205951131098708e-06,-0.00011527668750047968,-2.340322361829257e-16,-8.599629996860272e-10,-5.692988881613334e-18,1.0
304.94,18.8233859539032,0.9967393279957755,0.01238474038566015,9.805407592643892,-0.00013853240541881307,0.00014873478967304188,0.00013496475742031132,-2.3404946914829728e-16,-1.0640073122538558e-09,-5.587220738906759e-18,1.0
304.95,18.83339548110962,1.0079576094317602,-0.022314231940606465,9.787493877847734,-0.0004209150708665749,-3.595387871734443e-05,-0.0001946647948496975,-2.3407848451017386e-16,-1.2485543540095503e-09,-5.4605963708696985e-18,1.0
304.96,18.843676567077637,1.0006157753914007,0.011823956231819198,9.795173968073092,9.71451514167392e-05,0.00036853148865476375,2.5513136475069674e-05,-2.341206282933105e-16,-1.415442004279327e-09,-5.310834277480032e-18,1.0
304.97,18.853351831436157,0.9678185281853351,-0.03401116479554018,9.810973208421453,-6.315314831116653e-05,-0.00017189676205317943,0.00017043473767390806,-2.3410010997222665e-16,-1.5663717846590337e-09,-5.139731340994622e-18,1.0
304.98,18.863451957702637,1.021158637653288,0.0018796757650071784,9.795366218866409,-0.0002626359518553153,-7.88448544424678e-05,-0.00013846245462527179,-2.3410768480624476e-16,-1.7028709798956877e-09,-4.927118602947514e-18,1.0
304.99,18.873406410217285,0.9962962260052046,-0.029774679174814096,9.783059164297583,0.00041022413896720774,0.00012355734242767635,-3.287452273819102e-05,-2.340588855381404e-16,-1.8263264033470304e-09,-4.7043125332568895e-18,1.0
305.0,18.88337516784668,0.9681196814172344,-0.005666327640514842,9.790704317139795,-2.4499745349685438e-05,-0.00011236826675946173,0.00042028623266720275,-2.340243104973187e-16,-1.937973651881684e-09,-4.459046114352156e-18,1.0
305.01,18.89349675178528,1.0254610404761966,-0.014036638953279498,9.801399247378482,-0.00011555912720500263,0.00010003887997000829,0.0005623795644823139,-2.3401907775217617e-16,-2.0389455967355178e-09,-4.200570836350413e-18,1.0
305.02,18.903425931930542,1.0109866468530735,0.020674335070045964,9.833354700506684,0.00010448277427808222,3.6359882083563834e-05,0.00012851785970026684,-2.3397644141148334e-16,-2.130258023084981e-09,-3.911596024093075e-18,1.0
305.03,18.913625955581665,1.0127202332082827,0.014689292185424484,9.782691750130422,-0.0002253843133974798,0.0002633846641603579,-8.8425068653095e-05,-2.3402411484829323e-16,-2.2128393323903606e-09,-3.601198755511818e-18,1.0
305.04,18.92328643798828,0.9954421360053604,0.012273340741909503,9.812666229411207,-0.000325247321176546,0.0002153530899265537,-1.7653043092195463e-05,-2.3402046459123197e-16,-2.2875231116536995e-09,-3.277361547077854e-18,1.0
305.05,18.93343687057495,1.019651008340931,-0.031119329679174156,9.82287340278084,-8.428914704978708e-06,0.00023603511460406376,0.0004329255484724635,-2.3396209951136223e-16,-2.355063608170913e-09,-2.9197755299810555e-18,1.0
305.06,18.943800926208496,0.9642070445591812,-0.015616504987716115,9.741111483075596,0.00014267765847828775,0.00012462613953591084,0.00022978642686602565,-2.340375365271312e-16,-2.416150538991073e-09,-2.5622620804705476e-18,1.0
305.07,18.953336477279663,1.0209913137696585,0.015015204909902892,9.81288475412703,-1.948725689565759e-05,-0.00011273284244310181,-0.000323808942833896,-2.3406522046989165e-16,-2.4714014780477044e-09,-2.1884488583325104e-18,1.0
305.08,18.963552951812744,0.99067716830499,0.012030997900431205,9.765410927956353,5.77436638520567e-05,0.0001392744828048972,-0.00016230075955064136,-2.3409208086188575e-16,-2.5213697179371716e-09,-1.7803633505872608e-18,1.0
305.09,18.97354006767273,0.9976467865770059,-0.007052504568678061,9.812620121821224,-0.00014693725951874447,2.0418651395291385e-05,0.0003805847527435942,-2.3410523983038696e-16,-2.5665593787322374e-09,-1.3553993176613794e-18,1.0
305.1,18.983373165130615,1.0174485283198063,-0.05948992436529309,9.805388399764887,1.8540545062247224e-05,0.00024949552071271207,-0.0002194858948190343,-2.3405237008579276e-16,-2.607421359634722e-09,-9.230357895726493e-19,1.0
305.11,18.99349570274353,0.9961478215743662,0.0016051609547680949,9.798781044788539,0.0003627612258346258,0.00011788226489381987,0.0003433816977095736,-2.3390581169921724e-16,-2.6443801419396067e-09,-4.492708229506091e-19,1.0
305.12,19.00346827507019,0.9813274072210828,0.0248378079591289,9.823109221702653,-0.0006005826865504938,0.00014949011970369258,8.003983070772633e-05,-2.3380926584518644e-16,-2.677807068946386e-09,4.551842991651133e-20,1.0
305.13,19.01350164413452,1.0262319307460201,-0.02000146807776642,9.798800820122386,0.00016161096252188765,1.2067144430612083e-05,0.0001863292013200623,7.28911866703999e-16,-2.7080279352679033e-09,-7.598516206233596e-19,1.0
305.14,19.023372650146484,1.024961799588462,-0.01358130729752235,9.818250738464105,6.0670603803250536e-05,1.8184725109478562e-05,0.0001604791640009808,7.287712202803735e-16,-2.735368693131954e-09,-2.512064990119294e-18,1.0
305.15,19.033386945724487,1.0003583624148038,0.02160451888754812,9.8278954136511,3.785826722329255e-05,0.00024647588564022236,0.00016460096755210803,7.288038610488515e-16,-2.760087091158342e-09,-4.3560654465780015e-18,1.0
305.16,19.043712615966797,0.9674191948314543,-0.00464978283775322,9.801938272577457,-9.381372256266559e-05,0.00022334826724658814,5.796697691868492e-05,7.288466210736927e-16,-2.782440818698726e-09,-6.261029455135333e-18,1.0
305.17,19.053334712982178,0.9919047151174931,0.01023118995445237,9.797782817015824,-5.296013481026749e-07,-0.00015203587423395787,-0.00011032346571187605,7.287971396568802e-16,-2.8026648293451403e-09,-8.254210236053294e-18,1.0
305.18,19.06344723701477,0.9820189240780719,0.0066654317369947615,9.80393746785838,0.00021728656812199925,6.850770682592583e-05,0.00035242482327353924,7.287195504213556e-16,-2.820956180310177e-09,-1.0285373533895127e-17,1.0
305.19,19.073392629623413,1.0111495897538487,-0.004978271306954191,9.79967144354164,0.0002450495103099047,3.782930281131953e-05,0.00011172961871513392,7.286753830142489e-16,-2.8374929723112155e-09,-1.2385225854658241e-17,1.0
305.2,19.08337116241455,1.0149884448917394,-0.004123316932464591,9.79259210269654,-9.114823890368263e-05,-3.7971415532566756e-05,0.0003968984719746587,7.287353233506036e-16,-2.852441929554563e-09,-1.4583209370029954e-17,1.0
305.21,19.09347701072693,1.0037569954237129,0.011619047273001218,9.786807159969163,-0.00040640591818416784,-3.8846084393692054e-05,0.00013023720766911485,7.287782221062929e-16,-2.8659698262719405e-09,-1.68402910020935e-17,1.0
305.22,19.1033935546875,1.0036629105380739,0.025639769714436517,9.801442888738618,-5.5404568131174525e-05,7.85651035978937e-05,8.062828360855691e-05,7.287636099237402e-16,-2.8782017090767624e-09,-1.9158460081285503e-17,1.0
305.23,19.113424062728882,0.9871286967716479,-0.019089973577933825,9.811622731747976,-0.00017693883833154822,2.5585154389577054e-05,5.694138476911463e-05,7.287059791387508e-16,-2.889270204524593e-09,-2.1562591354697694e-17,1.0
305.24,19.123323440551758,1.0088243703815196,0.018793242150955722,9.815997935933991,-1.3158290355954463e-06,0.0002528389907017861,9.150264732275121e-05,7.287655957429323e-16,-2.8992776228760934e-09,-2.4012210536712925e-17,1.0
305.25,19.13339328765869,1.0157499845420739,0.026512124970415923,9.79338550921711,-0.00029656442846034313,2.3545432537632666e-05,-5.54121493459046e-05,7.28538951963021e-16,-2.9083300882807454e-09,-2.6567867467303936e-17,1.0
305.26,19.143775939941406,0.9833372277582945,0.02579662478201847,9.788278051011579,6.464469794670343e-05,7.902219749831956e-06,-6.237003122027535e-05,7.286411338649734e-16,-2.916518533643238e-09,-2.919601803873164e-17,1.0
305.27,19.153361320495605,0.9790871921040136,-0.007719970875719559,9.776593281739862,7.657053873502578e-05,-0.00020207023629655523,6.673497368935405e-05,7.284164427107866e-16,-2.9239073897262316e-09,-3.188075088238759e-17,1.0
305.28,19.16350293159485,0.976352823851592,0.033946327554407685,9.75700087275192,-1.7976817496502057e-05,0.00010216653456212919,-4.108862171225095e-05,-2.3386602796041415e-16,-2.930610201873341e-09,-3.177175587656909e-17,1.0
305.29,19.173378229141235,0.9747412819732474,0.020476226452602324,9.811560899259405,0.0001322096918487728,1.496451531010857e-07,-3.4670450574159274e-06,-2.3392051132974686e-16,-2.9366687635989717e-09,-3.089947019233403e-17,1.0
305.3,19.183375597000122,0.9886574961431142,-0.02959325203504302,9.81327089846379,-0.00020733898461553846,-6.012016799010344e-05,-0.0001463126633169511,-2.3400544660660306e-16,-2.9421437329276414e-09,-2.998443440771215e-17,1.0
305.31,19.1935453414917,0.9887650379337118,0.02612233923902374,9.79626655242025,2.497841349176341e-05,9.044322108114253e-05,-9.737303238233156e-05,-2.342588646895128e-16,-2.9471033214458552e-09,-2.906160697088561e-17,1.0
305.32,19.2034010887146,1.0375669954393794,0.0037432969518375737,9.781213647440081,0.00039050345262741336,7.385948424022513e-05,3.58586460704577e-05,-2.339129667624007e-16,-2.9515778464184118e-09,-2.813584992928571e-17,1.0
305.33,19.213677883148193,0.9682436977664506,0.007921353096975585,9.809428065558599,-0.00010072954022507358,0.0001826044847062679,9.273673025761635e-05,-2.337619518650427e-16,-2.9556203611684626e-09,-2.7166042799651508e-17,1.0
305.34,19.223366737365723,0.9867742691049646,0.020692099628731142,9.7930736337008,4.3834645433623696e-05,-9.943715748012577e-05,5.8433689585850906e-05,-2.3395317764317e-16,-2.959276340494873e-09,-2.6184381474711107e-17,1.0
305.35,19.233418941497803,1.017386666260914,0.04055360749838053,9.779387332273576,-4.8819407861251244e-05,-3.641157812398306e-05,-2.743862739868801e-05,-2.348319302064114e-16,-2.9625912597545143e-09,-2.5227084151152426e-17,1.0
305.36,19.243830680847168,0.9909719844336434,0.010922632764899149,9.804974477442514,0.0001363349664912901,-0.00010138575084446563,-0.0003927301535091856,-2.3565296808676603e-16,-2.9655878554205894e-09,-2.41826284232373e-17,1.0
305.37,19.253255605697632,0.9624650039738337,0.008003779177028469,9.807131823397153,-1.5534233431238e-05,-4.974414826670569e-05,-0.0003000922073574594,-2.359391284520766e-16,-2.9682964440647333e-09,-2.3129619315536337e-17,1.0
305.38,19.263375520706177,1.027164746982798,-0.003565227953128803,9.802196108181851,0.00026031315339444106,-8.211508278717186e-05,0.00018244928122684476,-2.362354500796628e-16,-2.9707397637859736e-09,-2.2021430246286947e-17,1.0
305.39,19.273431062698364,1.0075333850784287,0.006542901267818245,9.776695014807645,0.00011003441977631371,0.0005515029781389133,0.00019012830356875425,-2.357264946694105e-16,-2.972959507801301e-09,-2.0934036910776974e-17,1.0
305.4,19.283341646194458,1.0169425999001995,-0.016627223872743055,9.810020822958702,3.563121543665149e-05,-0.00014956762746454107,1.9320132586177936e-05,-2.3559424133584525e-16,-2.9749708174461283e-09,-1.978683995771502e-17,1.0
305.41,19.293535947799683,0.9995311497833159,-0.0008203038425477267,9.78516889867846,6.707343731639373e-06,-0.00022318935132319866,0.00039026416333068473,-2.3568355251551735e-16,-2.976785070149454e-09,-1.863638745504466e-17,1.0
305.42,19.30347466468811,0.9941097337292649,-0.00725730392259222,9.78247982491797,9.114981350519579e-05,0.0005419938544383696,-8.359988844744403e-05,-2.360181083106812e-16,-2.978425003036068e-09,-1.7501310465648448e-17,1.0
305.43,19.313410997390747,0.9967761659159798,0.01033006888917182,9.807496678269018,0.0003419372029872425,-0.00014215274061862976,6.038809989658485e-05,-2.353392408228826e-16,-2.9799133533955166e-09,-1.6330402878654258e-17,1.0
305.44,19.323368072509766,0.9970732737040009,-0.014514616038713976,9.80113931657972,0.0001032440568081604,-0.00010742356029079341,-0.00021529022905702276,-2.3496697703372744e-16,-2.9812539203555606e-09,-1.5117449009186527e-17,1.0
305.45,19.33358335494995,0.9666565608594989,0.029192449635969855,9.799656140181913,0.0002412227093743185,-0.0002771884247781233,8.455925705899997e-05,-2.353471307191733e-16,-2.982469422767032e-09,-1.3891622335456887e-17,1.0
305.46,19.343578100204468,1.006538946978873,-0.03519320961660055,9.817343458756165,7.097153622416661e-05,-0.00020148541492921707,8.472988910826119e-05,-2.356009810188068e-16,-2.983559877303425e-09,-1.2612107835587686e-17,1.0
305.47,19.3532817363739,1.0106330952892006,0.006255479071819266,9.780540955253239,0.000546551598702752,-0.00020875252249709088,-6.311023383776713e-05,-2.3553985471393843e-16,-2.9845555851536504e-09,-1.1344760502595551e-17,1.0
305.48,19.363380670547485,0.9954544078781661,-0.004410273061446419,9.778827881488512,1.4002451909532667e-05,0.000269286717287838,0.00012987785162247624,-2.3568238912229455e-16,-2.98546034346021e-09,-1.0031926626318261e-17,1.0
305.49,19.37339472770691,0.9724686103860153,-0.0011784727034772396,9.789607042380025,0.0002843350516266829,-0.0001192539329164894,-3.649923887020295e-05,-2.357081565032833e-16,-2.986266571915296e-09,-8.709338706227767e-18,1.0
305.5,19.383387327194214,1.0168590933920174,0.01184998679707042,9.777920830911711,-5.205485335679084e-05,-7.0803047193303e-05,0.0003741440554626236,-2.3568563889799325e-16,-2.987000807872214e-09,-7.379645711522514e-18,1.0
305.51,19.39353370666504,0.9932519984767524,-0.016734255046609407,9.767495263660372,0.00010780577398860548,-1.1885217237167408e-05,-0.0001801364732335674,-2.361238819292437e-16,-2.987663033880364e-09,-6.0538658214456076e-18,1.0
305.52,19.403520584106445,1.0101129591022004,0.001897739028965735,9.806762029997369,-0.00012856931881120672,0.00011628352643435829,-1.3410754856852346e-05,-2.358104598842296e-16,-2.988257048060557e-09,-4.687495691002223e-18,1.0
305.53,19.413358449935913,1.0165428529503282,0.004579246684969508,9.796118354242683,0.0001247942585611469,-0.00031408665713204484,0.00027310080208475595,-2.3625421069587834e-16,-2.988798007720132e-09,-3.3198038285338945e-18,1.0
305.54,19.42329478263855,0.9802768440026366,0.007065322416917965,9.803709649181704,4.9786853885782774e-05,0.00011685920917150665,1.2374439280286873e-05,-2.3672769555633323e-16,-2.989297291260925e-09,-1.8547221898736868e-18,1.0
305.55,19.43350338935852,0.9837091816160457,-0.006894976194667608,9.798031704156148,-4.728954721305462e-05,0.0001847896715059737,-0.00012095011727947637,-2.3664065556180506e-16,-2.9897321434495055e-09,-3.754346951777502e-19,1.0
305.56,19.44360661506653,1.0383465826873493,-0.005561923466670465,9.80379296879876,0.00011938706294187207,-3.913422478002348e-05,0.00026080796475655215,-2.3640535788557147e-16,-2.9901366797014112e-09,1.0210617192835466e-18,1.0
305.57,19.453346490859985,1.0001011275501783,-0.03180499566553409,9.79386860762924,-0.00029109152518118873,0.00010452669852520469,4.8119846664113335e-05,-2.3750190536620567e-16,-2.990495740437117e-09,2.364910938377103e-18,1.0
305.58,19.46347212791443,0.9863099381423384,0.009601022632733023,9.81965259151269,0.00011729386299975894,0.00020921809554906551,0.0003213673752947648,-2.3747606819552356e-16,-2.990832063288949e-09,3.870393963516839e-18,1.0
305.59,19.473434686660767,0.9940535344010331,-0.03613739508867285,9.826269559892026,-0.00021633003030245766,1.860716179169186e-05,-7.095913108862849e-05,-2.3839694291847616e-16,-2.991115334624717e-09,5.44590353559593e-18,1.0
305.6,19.483326196670532,0.9952892869761264,0.0010728973834368337,9.78581858196225,-0.0001126225623111507,-2.1776819865907386e-05,0.00013594340227470226,-2.393321544419735e-16,-2.9913986035586722e-09,6.973769504265681e-18,1.0
305.61,19.4934504032135,0.9623116765452567,-0.008227228091770617,9.77858406016836,4.47087847208178e-05,0.00018564632471479298,-0.0002364798957964689,-2.3912724197508614e-16,-2.9916326165834207e-09,8.536140559346385e-18,1.0
305.62,19.50335955619812,1.0125016215111127,0.0006787546681884253,9.814142673265442,0.00039566554021380046,0.00022241502055067233,-0.0002145185780834568,-2.375354556322742e-16,-2.991840094216719e-09,1.0154623907499559e-17,1.0
305.63,19.513463020324707,1.0184683522538793,-0.02271581918357629,9.796452869078788,0.00034298001847981615,9.04963202861131e-05,0.00023484205090688962,-2.3585513742761456e-16,-2.9920475730745587e-09,1.1825348802338291e-17,1.0
305.64,19.523300886154175,0.9864406867708567,-0.02099921610499102,9.802456721550943,3.0653343827298195e-05,0.00027380056784130516,4.316345615096747e-05,-2.3919107875614804e-16,-2.992251270240209e-09,1.3465074790350938e-17,1.0
305.65,19.533645391464233,1.0200674308976385,0.06778069153278435,9.818682513320313,0.0002549682857510964,-0.000309416337704854,-8.723063543108162e-05,-2.4014257383606874e-16,-2.9923829571689536e-09,1.5104804956343318e-17,1.0
305.66,19.543538093566895,0.9931485130112515,-0.014226882369908675,9.812352015301933,-0.0005649722104918521,4.740732641230456e-05,-1.3243257599486321e-05,-2.3747667844344123e-16,-2.9925146432177136e-09,1.6709884960202744e-17,1.0
305.67,19.55325222015381,0.98405329873062,-0.01660592055734553,9.794758859086302,7.725510807350668e-05,-0.000160618719694862,0.0004888482039785403,-2.3510097905812087e-16,-2.9926463314476918e-09,1.8378613335850625e-17,1.0
305.68,19.56354856491089,0.983196474548787,-0.00584718970337364,9.770011176720315,-1.779704407450887e-05,-0.00019660658412715221,0.00035255039601912833,-2.3816499325309286e-16,-2.9927780195770104e-09,2.0258476267107594e-17,1.0
305.69,19.573429107666016,1.0039028109004708,0.03101500057157065,9.779875633867329,0.00021057974112147676,2.7902548613354908e-05,0.00046244587049201535,-2.387011256318852e-16,-2.992909707568479e-09,2.201031687878756e-17,1.0
305.7,19.583345413208008,0.9857312393307169,-0.014136590481660879,9.802720997078982,-0.0002806924614733067,-9.028650399774363e-05,-0.00012221433745560287,-2.3684327436208923e-16,-2.993018656003535e-09,2.3741467231656713e-17,1.0
305.71,19.593374252319336,0.9849818894659577,0.029352518442402765,9.778015574386457,9.682881664709873e-05,-0.00021374300977090017,0.0001690595268426256,-2.3638883141050425e-16,-2.9930745526320714e-09,2.5687081591141324e-17,1.0
305.72,19.603407621383667,1.0028371077551923,0.011259032632834846,9.788172924408439,-3.5332191219068527e-05,-0.000173277360133877,6.094933627324982e-05,-2.369626597571212e-16,-2.993130448310542e-09,2.751386136252971e-17,1.0
305.73,19.613356351852417,1.016410883998611,-0.0002484242088210183,9.774211616057423,-3.239738428688665e-05,-9.64347372267303e-05,2.773261165314216e-05,-2.370834670951609e-16,-2.993186343038143e-09,2.929670714929886e-17,1.0
305.74,19.623344898223877,0.9805862756224064,0.0006980664738319744,9.797947417973349,0.00014257136862596162,-0.00017466673404173874,0.00021906940463138673,-2.3757948943947907e-16,-2.993242236242398e-09,3.1233194167817783e-17,1.0
305.75,19.633456230163574,0.9975580578263911,-0.01479542298143049,9.822835372862441,-0.0002623946139920591,-0.00037098986965723393,9.083009391625361e-05,-2.376099095466612e-16,-2.993298134558436e-09,3.314420652671815e-17,1.0
305.76,19.64352011680603,0.9732683067560723,0.00016698720473712323,9.748189077054272,-0.0002752514628641168,-0.00024031155549462127,-0.0002863255317751672,-2.3697385407224374e-16,-2.993354029230978e-09,3.501548567174802e-17,1.0
305.77,19.653260707855225,0.9863301792449035,-0.010162398498088403,9.812364292075229,7.26175861671803e-06,0.00013303214054204103,-4.7641556365913955e-06,-2.38223403404235e-16,-2.993409924304436e-09,3.686751815733757e-17,1.0
305.78,19.66373085975647,0.9945926729281389,0.014243423715334337,9.781431324037866,0.0002132930814314331,0.00010365531803225305,-0.0003060590775405925,-2.3949922773822474e-16,-2.993465817790615e-09,3.887084966386464e-17,1.0
305.79,19.673380613327026,0.9990036468922826,-0.016799052843312044,9.78004940110509,6.685776735517281e-05,-0.00021644312102915024,0.00012166194717992694,-2.406869080060148e-16,-2.9935217121043808e-09,4.0712322257259575e-17,1.0
305.8,19.683319568634033,0.9972294988655753,-0.03637039913029033,9.789049592263058,-0.00022954782267133655,-0.00022467341703573886,0.0003293015965630207,-2.413428735625171e-16,-2.993577607710951e-09,4.289337306628383e-17,1.0
305.81,19.693492650985718,1.0055035643506958,0.0015971561528017458,9.801671466560498,0.00010009194496917062,-8.402306159694773e-06,3.800957226673978e-05,-2.3952601092478154e-16,-2.9936335040269936e-09,4.4951602579542056e-17,1.0
305.82,19.703428745269775,0.9657097174397578,0.016154002478751605,9.786282787130174,-0.00019362255526585487,0.00033281719605494366,3.1736413555786305e-05,-2.3750611444322143e-16,-2.9936893989590367e-09,4.715835114801727e-17,1.0
305.83,19.713447332382202,0.9681293943168279,-0.0013767376123813724,9.795744325107929,-0.00013588276581677416,-0.0002746167366945574,7.1624764098165e-05,-2.375843161962433e-16,-2.993745295286255e-09,4.925051135655678e-17,1.0
305.84,19.723318815231323,0.9939265263237986,-0.004083618898770621,9.809776748597953,-0.00011930024817438663,4.213410167716534e-06,-0.00017479473435694562,-5.118406069584729e-16,-2.9937538846460835e-09,5.132926345385421e-17,1.0
305.85,19.73347234725952,1.0204323464702445,-0.015808169047905427,9.816090997940142,-1.7228684624930615e-05,8.193738777936966e-05,0.0001611017565224367,-2.4731044363351343e-16,-2.993754898570114e-09,4.911583364814056e-17,1.0
305.86,19.74346089363098,0.9764218901029726,-0.024267898589455876,9.783940944279102,9.151513418711485e-05,-2.36093373807521e-06,7.780445786015954e-05,3.418434104205921e-17,-2.9937558626244807e-09,4.846906711768198e-17,1.0
305.87,19.753295183181763,1.0000987354055746,0.008207133277611666,9.778956351636282,0.0001756309236421984,-3.3291686754453134e-05,-0.00031026592761166,2.5682001270589817e-17,-2.993755004470841e-09,4.8200584998872384e-17,1.0
305.88,19.763374090194702,0.9959020833031831,-0.00575815129980805,9.813240634708029,-0.0004396103697193225,-0.000368661697052943,-0.00023634765967152902,1.8112023180045132e-17,-2.9937541336670185e-09,4.800946996867119e-17,1.0
305.89,19.77337074279785,1.0014312715560074,-0.010328294590665477,9.778567712767211,-4.189992328982382e-05,-8.482576364792136e-05,-8.88950697550101e-05,1.0938262213396421e-17,-2.9937532795689484e-09,4.797339963233422e-17,1.0
305.9,19.783367156982422,0.01696990140061136,0.004078712078939903,9.779706143965901,-0.00037796782304649646,0.00014648971096512675,0.00016556823050930983,6.5890811709372726e-18,-2.7206501569506673e-09,4.814856451547841e-17,1.0
305.91,19.793404579162598,-0.012530174148803218,0.0025150417882251245,9.81663336293278,-6.080058893496085e-06,0.0003214784532214299,0.0002553988163974551,2.277356698892631e-18,-2.444807952291486e-09,4.827589434972977e-17,1.0
305.92,19.803401708602905,0.001524052834320786,0.022401402846178746,9.801070605941948,-0.000157647213836825,0.00026735666623200837,7.079757996904919e-05,-6.773271846666037e-19,-2.195352446216069e-09,4.841969137804082e-17,1.0
305.93,19.81341576576233,0.011804652539729793,0.007042191314741906,9.807766064682403,-0.0003271845782166077,-0.000341314914709152,-0.0001894643947135425,-4.373879431920984e-18,-1.969733296137718e-09,4.850313333158152e-17,1.0
305.94,19.82332444190979,0.007241355357348371,0.035669821817120605,9.771456721747665,0.00019470226213967742,-0.0003916972057904176,0.00012121804819950959,-4.860199553524437e-18,-1.7656956757636923e-09,4.853939920256373e-17,1.0
305.95,19.833503484725952,0.026113621853833112,0.009690027596593634,9.787227370896442,-0.0003426175901422676,0.00012496016576221672,-0.00015751330271031078,-4.92170518197812e-18,-1.5811591609263998e-09,4.8564655604586973e-17,1.0
305.96,19.84351658821106,0.002597557962544862,0.00263442758143373,9.807232117606299,-0.00014410166814559966,-0.00017535838489692021,-6.460558437801155e-05,-3.4360211559580477e-18,-1.4142782228058706e-09,4.8582642952126393e-17,1.0
305.97,19.853296279907227,0.0048863233861820305,-0.013749222514388934,9.784629897907642,-5.401978889256875e-05,0.00017755616470606074,-0.00020489081044996988,-2.705796374130911e-18,-1.263351324991231e-09,4.854605656730226e-17,1.0
305.98,19.86352515220642,0.002462645518868696,-0.021278819502026588,9.84598791956864,6.170236841362482e-05,8.39154909031979e-05,0.00012413408026098788,-3.4316401021828406e-18,-1.1268589067117479e-09,4.844964948346502e-17,1.0
305.99,19.873339653015137,-0.015781892961435433,0.011964648218670687,9.788023556309676,0.00042802824015781627,0.00018346054846447122,4.324036919370928e-06,-6.035331089554098e-18,-1.003410094409439e-09,4.827663567229356e-17,1.0
306.0,19.883333444595337,0.01759839405642066,-0.013846028726046483,9.802293353711235,-0.00027847651815275296,5.104273767498538e-05,3.4755558104492195e-05,-1.1508887411745083e-17,-8.917620462518194e-10,4.8099889234488234e-17,1.0
306.01,19.893532276153564,-0.033678244071157215,0.00983617417405737,9.802764630482656,-8.067012660510994e-05,0.000510925382482815,1.1677557532042183e-05,-1.806172229839012e-17,-7.907929462519422e-10,4.8059711403021705e-17,1.0
306.02,19.903425931930542,-0.010138896835007854,-0.004926910212283238,9.824183445559516,-0.0002534607233974883,-0.00018561565560817339,-0.00015923276146959057,-2.5152794594588916e-17,-6.994910126219853e-10,4.81975630800368e-17,1.0
306.03,19.913511753082275,0.015821921975943173,0.009627154792984488,9.83825443334023,-0.0001915213300365373,-0.0001713293335389451,-0.0002704444180139125,-3.425986302952998e-17,-6.169164652577873e-10,4.813586155763445e-17,1.0
306.04,19.923434257507324,-0.011405911932734464,0.014585137816232229,9.777839439330474,-3.582113164117871e-05,0.00038142133029842956,-1.2211130701288538e-05,-4.235246107762439e-17,-5.422279397811191e-10,4.829271663300656e-17,1.0
306.05,19.93353796005249,0.009591927680682228,-0.014208502666579753,9.780018928316526,5.4122936469144175e-05,0.0003188072855023811,0.00022481077326628782,-5.3537854092017106e-17,-4.746941353551251e-10,4.8467109995397297e-17,1.0
306.06,19.943477153778076,-0.004262087506351236,-0.014316708771914995,9.784847180923357,0.00018701360914339215,-7.526279028703847e-05,0.00024632782965460713,-6.332154321270821e-17,-4.136064190053776e-10,4.877931712074312e-17,1.0
306.07,19.953360319137573,0.016698951978847167,-0.042520503499099103,9.803911182471108,0.00018803893708849658,0.00013133904859294047,0.0001676215689796148,-6.863879469915573e-17,-3.583583903672193e-10,4.906297933390293e-17,1.0
306.08,19.96377968788147,-0.013731983910453648,0.0009244307078675084,9.788145853886997,9.802130899729581e-05,0.00024722766279697294,-2.1597174615249455e-05,-7.021573414214586e-17,-3.083967786697081e-10,4.952745852890022e-17,1.0
306.09,19.973393201828003,0.007598413608678588,-0.016395881334116742,9.81161152147354,0.00019717195636998012,-0.00017195033384169176,-0.00016358882593673406,-6.980123821481499e-17,-2.63209967638628e-10,4.977849423352303e-17,1.0
306.1,19.983370304107666,-3.7115408633441658,-0.012386708858287812,9.826975794019427,0.00018402748818014967,0.00013246785633385907,0.00022839977172296844,-7.061351726460193e-17,-1.5016704984584898e-05,5.359642473916716e-17,0.9999999998872493
306.11,19.993627309799194,-3.7118901391872665,-0.0053631039439899246,9.807312742596888,0.0003189085388345429,4.573583393437892e-05,-0.00024887734964440495,-6.96008482033427e-17,-1.3579723839205102e-05,5.282801401036262e-17,0.9999999999077955
306.12,20.003486156463623,-3.7218928584168127,-0.007206839705094946,9.807621724307985,0.00010944532400707504,0.00013957320861313148,8.007781712344833e-05,-6.723480827186383e-17,-1.2280143838600472e-05,5.301395612937669e-17,0.999999999924599
306.13,20.01364827156067,-3.7244971330704773,0.013742487632591125,9.813734853388777,-6.530643711568176e-05,0.00026944007759916334,0.00024014653356261691,-6.596996592597242e-17,-1.1104826987738862e-05,5.425457057906073e-17,0.9999999999383414
306.14,20.02337670326233,-3.7273867433856562,0.03587279866606253,9.81075272350147,0.0006111065455553556,0.0004380213899591646,7.713053639917695e-05,-6.400144091638178e-17,-1.0041891491573104e-05,5.365028053292748e-17,0.9999999999495802
306.15,20.033449411392212,-3.688637590261791,0.012829032682491985,9.801826501868527,0.0003151834580624333,0.00011102734802656586,0.00010354592119764601,-6.244086081178e-17,-9.080591670533278e-06,5.3444743058794216e-17,0.9999999999587714
306.16,20.043673515319824,-3.719764635109614,-0.026331931725056504,9.7713206471736,-0.00010776027662565538,0.0003886923356622263,-0.0004991591157643336,-6.129001418850546e-17,-8.211209344769232e-06,5.303640405771938e-17,0.999999999966288
306.17,20.053343057632446,-3.6893814901519133,0.002103551521001689,9.780505709241064,0.00024014321615751727,0.00037027246326857134,-5.863488325729649e-05,-6.250699007360892e-17,-7.424955557018593e-06,5.5373823302135594e-17,0.999999999972435
306.18,20.063711404800415,-3.705624285305252,0.02199816721368907,9.836839592662068,0.0002325344175712908,-6.53205566374149e-05,-0.000377969299462381,-6.328976867476956e-17,-6.713881729197006e-06,5.596967314587005e-17,0.9999999999774619
306.19,20.07343578338623,-3.7063673124520333,-0.017669177005150055,9.77752361016049,8.300094434617733e-05,0.0006035021354602326,9.326837077941415e-05,-6.303550310729431e-17,-6.07079928722594e-06,5.596291458127334e-17,0.9999999999815726
306.2,20.083375930786133,-3.721734463231531,-0.029080171046234397,9.776438671610096,-0.0005216211459535764,-0.00015844963479231595,-3.96535605131822e-05,-6.11415039133787e-17,-4.552327695937056e-06,5.3345418607727536e-17,0.9999999999896382
306.21,20.093704223632812,-3.665733970873978,0.0035051708609532134,9.802253087111161,0.00011053168568856535,0.00021720267174314635,-1.5205437624827445e-05,-6.323352021150062e-17,-4.115928572166649e-06,5.575990654617536e-17,0.9999999999915296
306.22,20.103503704071045,-3.688844610974707,-0.012309062979118766,9.798996906249382,0.00023810044312905067,-6.947433611367826e-05,0.00013197737901157955,-6.36165062548574e-17,-3.7212570194126748e-06,5.636009324261787e-17,0.9999999999930761
306.23,20.113572359085083,-3.6710707991808404,0.0011123705710220214,9.778481110655088,-5.2149148973607645e-05,1.187884912066401e-05,0.00023853424151131473,-6.426111129970455e-17,-3.364323145124969e-06,5.715498748754654e-17,0.9999999999943406
306.24,20.123371839523315,-3.734815541253543,0.012797360669291631,9.77144631708799,-0.00018506552830135757,1.3438854101700988e-06,-0.00022417821791681904,-6.664985873794567e-17,-3.0415185518766165e-06,5.985938204267028e-17,0.9999999999953746
306.25,20.133459091186523,-3.6762878302856157,0.017784117307969867,9.820474647845172,0.00022703167689520117,3.367530465289898e-05,0.00013252016045993726,-6.971099951719774e-17,-2.749579859040517e-06,6.333931707898832e-17,0.9999999999962199
306.26,20.14359140396118,-3.7034243714569266,-0.022968877804446706,9.795378136384048,0.00010487403027843458,0.0005013713659043455,0.0001852196515691999,-7.231836192749805e-17,-2.485555732704055e-06,6.641794423652788e-17,0.999999999996911
306.27,20.15334439277649,-3.717932024823501,0.0036980179122926946,9.823342918126269,-4.405494767620957e-05,0.00012862667232757584,4.591472827113294e-05,-7.494621876765525e-17,-2.2467770427165574e-06,6.93906671677754e-17,0.999999999997476
306.28,20.163713216781616,-3.7067592010881953,-0.009810436915811259,9.812146342041679,4.122068108153469e-05,-2.2736111579754822e-05,-0.00028993525147144405,-7.788686827253965e-17,-2.0308298862825654e-06,7.279954645059886e-17,0.9999999999979379
306.29,20.17333984375,-3.716731957843595,-0.0024112949050253724,9.804255043511178,0.00024099407212671407,-0.0002759751010521757,-0.00017125429948284873,-8.041566980714256e-17,-1.835531141755437e-06,7.571406256985502e-17,0.9999999999983153
306.3,20.18340826034546,-3.7150500751894677,0.009586289156227078,9.768650577466168,0.00029244474638656333,-0.0002645293155005677,0.00015150531023851838,-8.43181253260676e-17,-3.967989647649457e-06,7.826891324576325e-17,0.9999999999921275
306.31,20.19365382194519,-3.716656392429122,0.007958749833960195,9.79102177992222,-1.9600398107525033e-05,-3.077428472070566e-06,-4.972505043187931e-05,-8.615263379905639e-17,-3.5874637074152263e-06,8.002246293258016e-17,0.999999999993565
306.32,20.203434467315674,-3.7167220794849176,-5.770459123362001e-05,9.818241147869253,-8.013928968989515e-05,0.0002638456977190636,-0.00014027706590220382,-8.764011818326551e-17,-3.2433228711120497e-06,8.280488967104164e-17,0.9999999999947404
306.33,20.213525533676147,-3.7051877714309898,0.015783555750874593,9.801636141837605,0.00015348265662815726,-5.330593408614569e-05,-0.0002997772944181062,-8.786250561875412e-17,-2.9320880665017717e-06,8.658271808410475e-17,0.9999999999957014
306.34,20.223400592803955,-3.6858678134221763,-0.045531871454012635,9.810087016528827,0.00013081978413245174,-0.00048656762373345684,-0.0001499375140453813,-9.056627482183055e-17,-2.6506128873916205e-06,8.480456522399367e-17,0.9999999999964871
306.35,20.23339533805847,-3.7126648057240015,-0.012289289881394487,9.82461737406917,-0.0005305860869550931,0.0001463143987563602,5.308773982684718e-05,-9.277404740274332e-17,-2.396051782992991e-06,8.328491540815296e-17,0.9999999999971294
306.36,20.243452548980713,-3.705232453886049,0.008642304862034099,9.813508550970994,-0.00029363698543679776,0.0002454983123265096,0.0005535795285803664,-9.413755957217411e-17,-2.1658312846035373e-06,8.196638241436633e-17,0.9999999999976545
306.37,20.253328800201416,-3.722783200578774,-0.020736834592226226,9.804149069398001,-0.0002675790385570596,-4.862241575819449e-05,1.9194851225016526e-05,-9.439572160365538e-17,-1.9576239850072224e-06,8.145222029566423e-17,0.9999999999980839
306.38,20.263537406921387,-3.7020316646685805,0.002359597643030288,9.787193903978837,-9.901573852425374e-05,6.595681083590537e-05,-8.111237875961515e-05,-9.425500593860982e-17,-1.7693250500214039e-06,8.090161496184945e-17,0.9999999999984347
306.39,20.27337956428528,-3.7255376345348146,0.003548597904522326,9.796705410390564,-0.00014635091380330538,0.000217072628029489,-2.0903022635200422e-05,-9.465504003665135e-17,-1.599030855513567e-06,7.870369262137047e-17,0.9999999999987216
306.4,20.283355712890625,-3.665100984709029,-0.006936561056974491,9.798106992606948,-9.311937373961807e-05,2.722173369728707e-05,-0.00010469133325866695,-9.250258782906073e-17,-1.3622945687527896e-06,8.079579762930932e-17,0.9999999999990721
306.41,20.293633222579956,-3.695906881472502,0.004245211274003709,9.801299050680017,-0.0002508098544758529,0.0002595188223640666,9.102923323999787e-05,-8.947904445686525e-17,-1.230919787584217e-06,8.145293248579478e-17,0.9999999999992424
306.42,20.30338430404663,-3.6867476040014515,-0.0035986164322935723,9.77581131736786,-3.963725928548345e-05,-0.00013721937618977828,-0.00013055267025254022,-8.31900249180015e-17,-1.1121067858350583e-06,8.572144190785643e-17,0.9999999999993816
306.43,20.313621997833252,-3.7259952108560084,-0.006613456414355387,9.800047483894337,0.0002838993924988514,8.042026976565772e-06,1.767517917389364e-05,8.878644137625874e-16,-1.0046544444413766e-06,1.6239677568542902e-15,0.9999999999994953
306.44,20.32338285446167,-3.681856332344135,0.0029406738832071576,9.814170530407663,1.824247559108965e-05,3.078024764864081e-05,0.00019547439991153128,8.861436135627294e-16,-9.074764732314921e-07,1.620627820917168e-15,0.9999999999995882
306.45,20.33352518081665,-3.690516233972254,0.019353353176016417,9.791736226869622,-2.1511465179504886e-05,-0.00025519002977953173,-0.00020091298526017106,2.1178582345141693e-16,-8.195904556036532e-07,2.3790879823541985e-15,0.9999999999996642
306.46,20.343460083007812,-3.724353602539379,-0.018405263631161385,9.838989641541154,-0.00011374454105450346,0.00015111588643210202,-2.6832283851849862e-05,2.1336928866712154e-16,-7.401079155779938e-07,2.3787699133104546e-15,0.9999999999997261
306.47,20.353322982788086,-3.6784986103687682,0.013838460396152392,9.798062296838772,2.5620776932051008e-05,0.00021217592762992952,0.00018692833508904505,2.1164272896317046e-16,-6.682253268161699e-07,2.3799147075963156e-15,0.9999999999997767
306.48,20.36359190940857,-3.680512419522278,-0.023755123562448913,9.78697559581037,-5.5971510123423216e-05,3.088631399951078e-05,-1.58187916886597e-05,2.1267589812532174e-16,-6.032160079941135e-07,2.3790223530877425e-15,0.999999999999818
306.49,20.373298168182373,-3.6947159681707697,-0.007713304249451381,9.83110206235559,-0.00022924438603110127,7.409489193256589e-05,-0.00017342093084589914,2.1209366905779624e-16,-5.444227488563478e-07,2.379906191921494e-15,0.9999999999998518
306.5,20.38331961631775,-3.686881848901424,-0.004869930516203886,9.811140376813933,-7.878579340349339e-05,4.017830734440499e-05,-0.00016885857142546278,2.135230114000614e-16,-4.912511825829943e-07,2.3824310598902033e-15,0.9999999999998793
306.51,20.393471002578735,-3.7177612690922954,0.013841323314269401,9.786087579797655,0.00016466005653246224,0.0001757527088896091,-7.446422715287672e-05,2.1150910416490578e-16,-4.431637514249409e-07,2.380651969575356e-15,0.9999999999999017
306.52,20.403339862823486,-3.6973352576061798,0.02700455790415038,9.786440522473205,0.00015176893542326005,-0.00015985236599376162,2.3518532795982335e-05,2.106789302791711e-16,-3.996743474450686e-07,2.378619145053629e-15,0.9999999999999201
306.53,20.41359782218933,-3.716315095155241,0.009133845759473697,9.790148084689715,-0.0004076912688486477,-5.3896502278888566e-05,0.00015678109854867602,2.0914440862494575e-16,-3.6034331554164524e-07,2.376954576130991e-15,0.999999999999935
306.54,20.42336678504944,-3.7036271795818494,0.005507408131316603,9.775496573859611,-0.0001325080050025046,-0.00010732604946228802,-0.00028410042011347864,2.0764759863862916e-16,-3.247730313102272e-07,2.3761139306899357e-15,0.9999999999999473
306.55,20.433372974395752,-3.7170037724958256,0.013881103597348407,9.785872854598308,0.00010200744819713053,-0.0002223458514694554,-8.062244165201451e-05,2.0674731020229398e-16,-2.926039064101276e-07,2.3771943226088662e-15,0.9999999999999571
306.56,20.44350004196167,-3.716006776396244,-0.0009582657273968951,9.800042073933525,-0.00012258385758782798,-0.00031220471958907047,7.992932063727423e-05,2.0686871181335753e-16,-2.6351073584976646e-07,2.3753029012347815e-15,0.9999999999999653
306.57,20.453285932540894,-3.7094701724855215,-0.0090061492670506,9.80014788540708,-0.0002998210743810927,3.778030609184239e-05,-0.00015631286910408715,2.0478453671524393e-16,-2.3719938055858025e-07,2.3742788564759337e-15,0.9999999999999718
306.58,20.46370577812195,-3.6952776344937646,0.025571883339563468,9.799470124727959,-0.00025899834094071796,0.00012432022026575597,-0.00023052754889106485,2.0350824775436896e-16,-2.1340386639492322e-07,2.374974365868104e-15,0.9999999999999772
306.59,20.473331689834595,-3.697238759373158,0.009499441186174958,9.80538052823264,-4.862505161418317e-05,-0.00018460403137603103,0.00022099136188082058,2.0261008679007803e-16,-1.9188363381285902e-07,2.373334139553032e-15,0.9999999999999816
306.6,20.48333191871643,-3.7110651280788596,0.00156453393560112,9.799818342299229,0.0001191717797148419,0.00015714606754243688,5.939033973558099e-05,2.0348827317900766e-16,-1.7242112007077658e-07,2.3758328292858127e-15,0.9999999999999851
306.61,20.493554830551147,-3.7209484402615254,0.007679440390938353,9.79599919022304,0.0002772267227384809,0.00039350233421274917,-0.0001588894643835527,2.0466031272130844e-16,-1.548195689172366e-07,2.378733600753553e-15,0.999999999999988
306.62,20.503327131271362,-3.712399776819134,0.00041344783074648484,9.797717138508174,-0.00022248997061353237,0.00023884544470428258,0.0002121497335625537,2.0310575887130086e-16,-1.389010497484629e-07,2.3776637411172016e-15,0.9999999999999903
306.63,20.513571977615356,-3.690510542720467,-0.03928560246795395,9.793517442255167,-6.557835275646776e-05,-0.00015182954908797604,0.00032698207241036375,2.0539331509504057e-16,-1.245046154560163e-07,2.3852917087947533e-15,0.9999999999999922
306.64,20.52333354949951,-0.015562430184231327,-0.0064968688332729075,9.800009148163841,0.0002156029440058665,-0.0002916947123684216,-0.0002905339632629788,2.022948340646687e-16,-1.120667846236384e-07,2.3840568442040454e-15,0.9999999999999937
306.65,20.533434867858887,0.015699684153363085,0.004034612263820097,9.813548950072617,-0.00016255787601357594,-5.139233943045947e-05,-0.00023242914322775838,2.036361413401772e-16,-1.0133549776637606e-07,2.3859844125831244e-15,0.9999999999999949
306.66,20.543519258499146,-0.02413230433542051,0.015433298787239244,9.784299628052812,-0.0004408446828220326,0.0003330552834259053,-0.00018728559537603944,2.0429034387258504e-16,-9.1630310759736e-08,2.3876735976419312e-15,0.9999999999999958
306.67,20.553340673446655,-0.01213719142454508,0.027946837554109642,9.814581864123912,6.274178013262747e-05,0.00020114255548858034,6.731260031645496e-05,2.038292119131608e-16,-8.285311559584704e-08,2.3896476886548897e-15,0.9999999999999966
306.68,20.563398599624634,0.013812189444931082,0.0004959034566127219,9.802515426378232,-5.8183952659209706e-05,-0.0003048632089565085,0.00014618067201911984,1.9401059057949871e-16,-7.491516450250452e-08,2.391605080596428e-15,0.9999999999999972
306.69,20.57328486442566,-0.027187764521001148,-0.0029320532486009593,9.784619616450152,-0.0001397359379052589,0.0002191963037449406,-1.1863164546037813e-05,1.9780518238193056e-16,-6.773622865894437e-08,2.393445812530975e-15,0.9999999999999977
306.7,20.583322286605835,0.0042952879608308455,0.0211135955718611,9.797366101114454,0.00011305276390815542,-2.1297077680175453e-05,-1.7321922577880518e-05,1.9555811372612787e-16,-6.12437455475013e-08,2.3954104577455727e-15,0.9999999999999981
306.71,20.593494653701782,0.008587046915773026,0.02462081882804521,9.779637355259153,-0.00011728792020961156,-0.00028375183722571167,0.00013139039460253863,1.9665442587809854e-16,-5.537204962284836e-08,2.3971282882379252e-15,0.9999999999999984
306.72,20.603366374969482,-0.003984732942546717,0.017022975442170872,9.793297751917098,0.0001270352842188944,-0.00017760835496358166,-0.00024549745188681265,1.9569494672387306e-16,-5.0061788911584276e-08,2.3983156478210395e-15,0.9999999999999988
306.73,20.613547563552856,0.03190089430813353,0.01647550083119567,9.797114439529357,-0.00011779984163256203,6.46295618042999e-05,0.0003182789232029216,1.962592336241222e-16,-4.525929139632703e-08,2.3996625906319623e-15,0.999999999999999
306.74,20.62335467338562,-0.010105965845702012,-0.011154936768499584,9.813485734621844,0.0003675343344110151,1.7026545149444866e-05,0.00033903861157828086,1.9535241124951502e-16,-4.0915990428726385e-08,2.4010548989213275e-15,0.9999999999999991
306.75,20.633464574813843,0.029804189182622377,-0.002066632218626321,9.815769225680112,0.00037219456958617397,-0.00013901488949544016,0.00022562146287005838,1.9435368063790608e-16,-3.698799150849051e-08,2.402166990106268e-15,0.9999999999999993
306.76,20.643386363983154,0.022055252898882462,-0.02136631022360847,9.810906367708265,-0.00011643651564305767,-0.00032985304937837017,-0.0001567913702631817,1.938911672651434e-16,-3.343558350111324e-08,2.403538672408696e-15,0.9999999999999994
306.77,20.653461933135986,0.01737941422726334,0.03557893647387036,9.786927776958747,-0.00011447361048456463,0.00028777280917803095,0.00018422535095099528,1.9433347078416512e-16,-3.022284548433748e-08,2.404822054267346e-15,0.9999999999999996
306.78,20.663641452789307,-0.013836309404130852,0.01001159126463643,9.807592560038984,0.0004019091554835364,0.00012667435596796448,0.00013518119477513873,1.943301597901047e-16,-2.731730073347891e-08,2.4060040197124946e-15,0.9999999999999997
306.79,20.673210859298706,-0.023798990827450017,-0.007216211002888146,9.791934022459529,0.0002334260870600877,-0.0003739996320063517,-1.641553202085812e-05,1.9689203679708022e-16,-2.4689583995629867e-08,2.406958382903094e-15,0.9999999999999997
306.8,20.68334698677063,0.019432717127604204,0.024900208648968643,9.816609186796768,-0.00012761491273120546,0.00025939565342253916,-0.00018006906641589182,1.9250234381757557e-16,-2.231311905042656e-08,2.407974838283633e-15,0.9999999999999998
306.81,20.693533182144165,0.020927614204789523,-0.0008629444545477955,9.80747538852542,-6.137362775864174e-05,0.00022787480626021133,-6.703793796983576e-05,1.8725738800420384e-16,-2.0163883848946143e-08,2.4089281871934642e-15,0.9999999999999998
306.82,20.703359842300415,0.008635037025764708,-0.015234874289410482,9.833391498119529,0.00020647694254536807,-0.00037331347907865436,-0.00014785350805865307,1.8931694565685987e-16,-1.822016038730068e-08,2.4098947845097594e-15,0.9999999999999998
306.83,20.713452339172363,-0.023669561213931618,-0.010188260321296003,9.779703565601181,5.856208423267272e-05,7.916953941323413e-05,-7.884994869434584e-06,1.8805929890717489e-16,-1.6462284650068128e-08,2.410860409622458e-15,0.9999999999999999
306.84,20.723394870758057,0.01217422799893414,-0.024869115367531128,9.811998649456811,-0.00023042381075697138,0.00017520384861247198,0.0006253674083064771,1.8785801308096864e-16,-1.48724987251587e-08,2.411839022783909e-15,0.9999999999999999
306.85,20.733373641967773,0.0024338195678695424,0.009159766376917131,9.795026520363773,0.00016453531990539132,-0.000101993284061602,-0.00044587922998792686,1.899292169828641e-16,-1.343472356683354e-08,2.412833182690642e-15,0.9999999999999999
306.86,20.743366718292236,0.003434849715912266,-0.015983335847402844,9.812894932511082,-7.188529442799913e-05,-0.00011298951692217761,-6.647705245192856e-05,1.8752042090597124e-16,-1.2134429937831469e-08,2.4138798520914372e-15,0.9999999999999999
306.87,20.753326654434204,-0.03291529900669587,0.02407544191489499,9.800547655949241,-1.9173376043942046e-05,-2.9213838695095188e-05,-9.203208667299444e-05,1.8481019255913262e-16,-1.0958468035976336e-08,2.414871053267768e-15,0.9999999999999999
306.88,20.76359272003174,0.02621068756671662,0.007222578103594482,9.780674752768133,0.00013517493869044761,-0.00014148462452920834,-0.00022417030725702062,1.8692540143145847e-16,-9.894938671094462e-09,2.4157472400595416e-15,0.9999999999999999
306.89,20.77327537536621,0.030127137795242086,0.01617448022998616,9.846588889954099,-6.938412520503862e-05,-0.0002044067364543456,5.5585573448996e-05,1.8463034057079388e-16,-8.933102239144093e-09,2.416699849099406e-15,1.0
306.9,20.7833514213562,0.004872169249116111,-0.01617058543116206,9.793911189536031,-1.3715403774517815e-05,0.00010908184670609352,-0.00037389494416276804,1.8521587719280059e-16,-8.063238490595664e-09,2.417658365859163e-15,1.0
306.91,20.79372215270996,0.027085622536210857,0.006410537973530691,9.81675959190944,-6.241094185251028e-05,-0.00010353687229210299,-7.521039938964434e-05,1.834619796817716e-16,-7.276551859557505e-09,2.4185392145355887e-15,1.0
306.92,20.803359031677246,0.03135080195719894,0.0017801046924154408,9.81647815910952,4.572399232685087e-05,-0.00024030122588212686,0.0001014719976457548,1.8276071085277504e-16,-6.565080411808972e-09,2.4193682092989733e-15,1.0
306.93,20.81374478340149,0.014884129416312055,0.024394407738952562,9.782968870464924,-0.00013344605927428658,0.00013884687022551408,0.0005224460558993667,1.821770177571027e-16,-5.921642988199087e-09,2.4201690350293533e-15,1.0
306.94,20.823373794555664,0.0025634753002610373,-0.006838765263705465,9.841392319201802,-0.00012018324069693727,-0.00010710230576718922,0.0002936155231862149,1.8266686810842546e-16,-5.339725339830212e-09,2.4209709814904704e-15,1.0
306.95,20.833383560180664,0.003113837258487445,0.008566330377978437,9.820652559757841,0.00025816543156309785,0.0002749008852681801,4.9942816681087825e-05,1.822661321008653e-16,-4.813453611290516e-09,2.4217905265980722e-15,1.0
306.96,20.843391180038452,0.016657032134575762,0.007517834945536802,9.781336442100182,6.702949287357256e-05,4.0573073190372355e-05,6.950157785966832e-05,1.8087498750025055e-16,-4.337503522634248e-09,2.422640610965089e-15,1.0
306.97,20.85345458984375,0.004418483371516223,-0.00445371940738515,9.79958000466335,4.890726416795142e-06,-0.00018749502711066615,-5.531028889283777e-05,1.80160019457804e-16,-3.907062262482076e-09,2.4235193259854156e-15,1.0
306.98,20.86357855796814,0.047755275353835606,-0.00796492543496723,9.798306552597463,-0.00025280766409105387,2.0562591052383893e-05,0.0001227725448410862,1.7862400150554111e-16,-3.5177794318631507e-09,2.4244061788401806e-15,1.0
306.99,20.873225212097168,-0.022072041711689312,0.00767543108377664,9.810604152899229,3.4693939921780925e-05,-2.2206705370527826e-05,5.30492831812332e-05,1.8175665632877393e-16,-3.165717672161966e-09,2.4252095613336864e-15,1.0
307.0,20.88338541984558,-0.01738044656835173,-0.01997580130582971,9.794655479341444,-0.00048181619948597113,0.00013908903084204656,-2.9251062643805567e-05,1.8475056381276398e-16,-2.8473186026002956e-09,2.426069551933118e-15,1.0
307.01,20.893436670303345,-0.012299413599782151,0.013624435197048953,9.821806684156638,0.000461476979385696,-0.00010717532685748001,-0.00019867599387863336,1.8405744050858355e-16,-2.5593686604670814e-09,2.426988197671334e-15,1.0
307.02,20.903355836868286,-0.006904496473512511,-0.00596041548248965,9.785347412422768,-0.00014248197390284473,2.1982564571511527e-05,-0.0003028183003210067,1.8523800329942892e-16,-2.2989612753401334e-09,2.4279156628578413e-15,1.0
307.03,20.913437128067017,-0.02426261073103275,0.003277914175334864,9.798333143026717,6.999046880520378e-05,0.00019217357056156074,0.0003761863639281153,1.8647124748865e-16,-2.0634437355307925e-09,2.4289596097807144e-15,1.0
307.04,20.92336368560791,-0.03260991800196336,-0.009447074301345238,9.815466761824313,6.481501705824273e-05,0.00011599977467946507,0.00027521182263304,1.8638647758637467e-16,-1.850447541244294e-09,2.429941497873047e-15,1.0
307.05,20.93338370323181,-0.0016833270367464597,-0.011037937093527163,9.770311970178867,6.635819063916369e-05,-0.0004040419934441248,0.00016680101383422186,1.8610324548256738e-16,-1.6578164880682064e-09,2.4308647324865276e-15,1.0
307.06,20.943510055541992,-0.009400914693074516,-0.008111741983677579,9.791751632836592,-2.5145356970267287e-05,0.00015097380683312933,-9.19322613522796e-05,1.8724394712162313e-16,-1.4835989295082923e-09,2.4318511669165522e-15,1.0
307.07,20.953428983688354,0.014553258442008183,0.023583702554672827,9.810413459087084,-0.00016566626091681506,0.0001341452020348098,-0.00011861293675660926,1.8723397554605855e-16,-1.3260516306016827e-09,2.4328227897206114e-15,1.0
307.08,20.963512659072876,-0.01792402268603693,-0.018900200187548996,9.824873459338432,0.00017655002952923903,-0.00016234745397173593,-0.00017035931767251693,1.871010390184815e-16,-1.1835526927543258e-09,2.4337410219089347e-15,1.0
307.09,20.973272800445557,-0.00033466478645525767,0.027863929429515738,9.802030003972545,-0.00014212651711580264,-2.997785541418027e-05,-0.0002775454267123583,1.874691077320966e-16,-1.0546848186055192e-09,2.4346686730156425e-15,1.0
307.1,20.983639240264893,-0.008508785270179533,-0.0035569382472898253,9.807916680519373,-0.00017202967532784066,7.410004147292445e-05,-0.0003161597851897622,1.8694125524617036e-16,-9.381444002187301e-10,2.435624073466393e-15,1.0
307.11,20.99357271194458,-0.004688946053363085,-0.02158626650321755,9.787511234139611,-0.00031578342698390275,-0.0003289920415274725,0.00046549799378756964,1.8725668620288554e-16,-8.327490589596655e-10,2.4365583352129816e-15,1.0
307.12,21.003366231918335,-0.01061135525666743,-0.008244525834333633,9.807210422557109,0.00020901808036473185,-6.326008718079564e-05,-0.00016747824758697518,1.8695238738491163e-16,-7.374301562480132e-10,2.437538665166501e-15,1.0
307.13,21.01346206665039,-0.013356094160203837,0.019386449731181386,9.82072556083402,-0.00021666209328673118,2.9008026351152208e-05,1.8672495130739404e-05,1.8736149442241784e-16,-6.512213782957582e-10,2.438497196817002e-15,1.0
307.14,21.023337364196777,0.01505116362215556,-0.010202234581228608,9.787671568073714,0.00015696362336357412,-0.00020033305719343352,-1.5802452943740364e-05,1.8672571045987205e-16,-5.732700989179792e-10,2.4394518450426406e-15,1.0
307.15,21.033446550369263,0.014777675517093154,0.02069680853371715,9.786628979879918,2.0353223903452306e-06,-4.217543382036025e-06,-4.3220136398284224e-05,1.8609880035100696e-16,-5.027576727356962e-10,2.4403660149564744e-15,1.0
307.16,21.043526649475098,-0.013551477493654472,-0.01328819012843308,9.813619499797515,0.00010011637069345805,-0.00020294631159543182,-0.00010099031037679032,1.8534142091691375e-16,-4.3898313974915944e-10,2.4413671839940104e-15,1.0
307.17,21.05355715751648,0.011092329654631881,-0.01529406730663211,9.774738733118603,-0.00013276140945778477,7.941142926104685e-05,-0.00014299957198055116,1.8523834136838789e-16,-3.813097830585101e-10,2.442310039877929e-15,1.0
307.18,21.063698530197144,-0.03859390803378616,0.01857216810038046,9.813254014848736,3.493082781826938e-05,5.909400309358188e-05,0.00027476102278042777,1.857846547477688e-16,-3.2915021685608847e-10,2.4432544491537858e-15,1.0
307.19,21.073344230651855,0.023066509242693177,-0.014787649763624575,9.77832598997624,5.058633222195801e-05,0.0004293826067184172,1.0383699649403172e-05,1.8581159616564056e-16,-2.819852600768957e-10,2.4442026097437055e-15,1.0
307.2,21.08336067199707,0.03818744334525311,-0.011886803518916196,9.781105937788075,-7.553037565926539e-05,-0.00013092107058094266,-0.0003900472519301587,1.857462964414928e-16,-2.3932233733815123e-10,2.4451558125892025e-15,1.0
307.21,21.09361982345581,0.030393824680182206,-0.00905547915960605,9.78647530430164,0.00015519254213822243,-0.00027972568413228417,-7.196683792196579e-05,1.8656658386011467e-16,-2.007369826965732e-10,2.4460921026164417e-15,1.0
307.22,21.103354930877686,-0.032440465637724084,-0.020230840091970192,9.782987327103447,-4.065208542698387e-05,0.0001137767393808863,8.93623077387915e-05,1.8676944797515457e-16,-1.6584269602482948e-10,2.4470766693418306e-15,1.0
307.23,21.113720178604126,0.001756291314023834,0.014030537713713563,9.805561802155207,-6.917289109666366e-05,-4.869631404887936e-05,0.00016476961331012444,1.8725278805781513e-16,-1.342945676922518e-10,2.44803595014719e-15,1.0
307.24,21.123391151428223,-0.0030072814677205716,-0.006138857063499616,9.802621529470388,-0.00033886895300691376,-0.0001505866911799665,-0.00027083571513378035,1.873786197486331e-16,-1.0575538560718643e-10,2.448991355261872e-15,1.0
307.25,21.13346529006958,0.023737330199342564,-0.011332721947751805,9.789066935860772,-0.00010938015170548184,-5.3220559341014764e-05,0.00012049117224324927,1.8748043178916248e-16,-7.995223412625978e-11,2.4499494118483137e-15,1.0
307.26,21.143667221069336,-0.011733788251924915,0.022039353234308123,9.776771057087554,-3.052401347691759e-05,-0.00021950058833608715,0.00022716524944915356,1.8788251028040938e-16,-5.660850040318205e-11,2.4509094529579924e-15,1.0
307.27,21.153380632400513,0.021234890781192527,-0.0063294984572350894,9.766548130038453,-2.257685560360795e-05,-0.00015267554103022755,-0.00015026370175797154,1.8816531579878301e-16,-3.549681041086554e-11,2.4518632152829105e-15,1.0
307.28,21.16353154182434,0.00466075047634553,0.02446822044788993,9.806266619390724,-0.00029391532952240747,-0.00014715431201600004,-0.00036097808749726624,1.8794127658175076e-16,-1.640120171873489e-11,2.452845254739626e-15,1.0
307.29,21.173317193984985,0.01216766327701041,-0.02364790998705842,9.785798820358844,-5.922251976515732e-05,-3.17374957322625e-05,-3.2522524983851494e-05,1.8793060620562127e-16,8.716360928047868e-13,2.4538308486754798e-15,1.0
307.3,21.183582067489624,1.0102511956925628,0.012442954325133412,9.77251727854212,-0.00023737828422809262,-6.948806395571577e-05,-0.0001104855758760905,-4.944901569982952e-16,-2.5662708572802426e-10,2.453574978927223e-15,1.0
307.31,21.19366979598999,1.0237607180173751,-0.017047987721828996,9.802152703882216,0.00028217755694996596,-1.2861865620089667e-06,0.00034895545883879993,-4.9475242393948435e-16,-5.18359854422339e-10,2.4489695963952844e-15,1.0
307.32,21.203391790390015,0.9817563420987332,-0.01013450178293322,9.792426533506418,-0.00026621170088460966,-2.1586754315967154e-05,-2.9952649186412506e-05,-4.944459713913432e-16,-7.550701708519151e-10,2.4444323666899477e-15,1.0
307.33,21.213687419891357,0.9816613989791617,0.0022087130359646854,9.779571416845668,3.959703174471786e-05,-4.0012304943165834e-05,0.000243813503331127,-4.942856853259706e-16,-9.691492402767765e-10,2.4398956526195618e-15,1.0
307.34,21.223443508148193,1.0004898876609731,0.009386630477907408,9.766627604747844,-0.00017803862012228918,-3.3593164294164217e-06,0.00018400843457390612,-4.940001141319477e-16,-1.162749485108364e-09,2.435367045204211e-15,1.0
307.35,21.233551740646362,0.996395217606848,-0.006660111185688396,9.801035397629427,0.0004414153471254513,-9.163629476076926e-05,4.5180960578875154e-05,-4.946189956297501e-16,-1.3378453410526634e-09,2.4309030755701843e-15,1.0
307.36,21.243471145629883,1.0116947926261488,0.012103496052872805,9.783284987575417,-0.00017725594515133073,0.00019847942055223583,6.215755436807755e-05,-4.949194521083704e-16,-1.4962064762481606e-09,2.42652554114078e-15,1.0
307.37,21.253434896469116,0.9856312954103446,-0.017723504027374045,9.792193040534173,-0.00012509852853367248,-1.9139155039038693e-07,0.00018555410219591896,-4.950324530525398e-16,-1.6394207070912899e-09,2.422181644640902e-15,1.0
307.38,21.263525247573853,0.9733585936165688,-0.010241573969327475,9.79282182502712,-0.00015716693978049605,0.00017076285467658114,0.00016427326144383107,-4.948819498486303e-16,-1.7689356467496225e-09,2.417843032094931e-15,1.0
307.39,21.273344039916992,0.9963254081548119,-0.0001638704864250339,9.787503755438863,-9.546943487130226e-05,-8.092318055411735e-05,0.00018853660236763903,-4.95186989072772e-16,-1.8860663317884806e-09,2.4136288650002524e-15,1.0
307.4,21.28372097015381,1.0181871878046072,0.023249982551547716,9.77479038203985,-0.00024287440370205748,-0.00015320796943966007,-0.00017903069658707532,-4.957451810906945e-16,-1.9919951055083014e-09,2.409328217555657e-15,1.0
307.41,21.29350233078003,0.9931225540942937,-0.009149528648604199,9.778179863544134,3.3827292651798115e-06,0.00025808531465031694,-0.0002054180193909742,-4.959144705941063e-16,-2.087801952130506e-09,2.4049162102671674e-15,1.0
307.42,21.30332350730896,1.003596246963898,-0.0334801098264296,9.80423866465046,0.000396155301821343,2.4950709437622262e-05,4.566897187942549e-05,-4.959851577302346e-16,-2.1744380422903185e-09,2.4005792265147307e-15,1.0
307.43,21.313657522201538,1.0177236792853506,0.0005987243792393051,9.800525647751432,-0.0003560888498407346,-6.195015115602409e-05,0.00010064703055216387,-4.962096213508722e-16,-2.252801493817494e-09,2.396243564012237e-15,1.0
307.44,21.323365688323975,1.0027517152439254,0.004998976949133637,9.823811636651525,-0.000240675202163851,-6.870503830173539e-05,-0.00014530682860853912,-4.961730985241513e-16,-2.3236654273721152e-09,2.3919818482760142e-15,1.0
307.45,21.33350133895874,1.0162150775598895,-0.011615887720702277,9.80391169265826,-0.0002345200028204986,3.661705714056774e-05,-0.0001018695058958996,-4.963894098736134e-16,-2.387757438887099e-09,2.38779648556043e-15,1.0
307.46,21.34348702430725,1.0061584691954792,-0.015516200548306177,9.829547222964486,2.9168268291370104e-05,-8.557279136987126e-05,0.0001325767653180883,-4.962223660629245e-16,-2.445729299275791e-09,2.383590730009224e-15,1.0
307.47,21.353371620178223,1.0141962178838062,-0.025911369593206866,9.8138537394555,3.4833918148268314e-05,2.41679342524619e-05,-9.68919096739937e-05,-4.956592672966461e-16,-2.4981494441029044e-09,2.3795146331611816e-15,1.0
307.48,21.363498210906982,1.020977072995753,0.02105974096576134,9.809528765123364,0.0003266581742370804,4.31631516652806e-05,0.00019257361951032292,1.791871282419763e-16,-2.54554653675883e-09,2.3771223214310152e-15,1.0
307.49,21.373319625854492,0.9854693067487735,-0.000588705748223628,9.812745337474674,0.0002648544622703868,-0.00029445173777777755,1.2143222739786851e-05,1.7894022830665222e-16,-2.588428379391635e-09,2.37848779980299e-15,1.0
307.5,21.38349723815918,0.9867665543604557,0.008151990879602763,9.821450290885416,0.00015099311876930907,-8.322666213184446e-05,-0.00016777385601013075,1.7863612330317697e-16,-2.6271985391342772e-09,2.3798294261559683e-15,1.0
307.51,21.393528699874878,1.022646028958187,0.01985511537312209,9.829260560480002,2.513911889479972e-05,-0.0002489966121407256,-0.00045996451126220053,1.7888676651317166e-16,-2.662258707745518e-09,2.3811047741843197e-15,1.0
307.52,21.4033260345459,0.9942517943654318,-0.008774849196437121,9.780352134452768,0.00027975846974496825,0.00021364795641693222,-2.663023510459518e-05,1.7857335525244434e-16,-2.6939727027175708e-09,2.382405720583477e-15,1.0
307.53,21.41340470314026,0.9880308430947172,-0.009169496149484346,9.793078389967908,-0.00022096105069613264,-0.00023532601900048912,0.00010851906845051809,1.7841875383747597e-16,-2.7226512329749995e-09,2.3837180618894342e-15,1.0
307.54,21.42334747314453,1.0013119585020709,-0.00861399020027408,9.791861516012826,-0.00018705654741852526,9.376202827590519e-05,-0.00034628019719401803,1.7856742346795386e-16,-2.7485937001801718e-09,2.38496950298564e-15,1.0
307.55,21.433398723602295,1.0193666652877644,-0.02227339656998669,9.793674949553248,0.00013444169667846943,0.00013949932190103,-7.108496167090775e-05,1.7864790551113472e-16,-2.772061576382282e-09,2.3861657844442107e-15,1.0
307.56,21.443601608276367,1.0085236720464943,0.006359295862162606,9.795090452569779,6.774318700607351e-05,0.00021611272860021761,0.0003650350251296268,1.7840881781919175e-16,-2.7932784514174877e-09,2.3873981050044666e-15,1.0
307.57,21.45360255241394,1.0161000287576476,0.008731650373380369,9.767963177075467,6.505650865371745e-05,-3.851275443398928e-05,-0.0002788402810394144,1.782606124507786e-16,-2.812464121842945e-09,2.3885933291254473e-15,1.0
307.58,21.463515758514404,1.0138099360241213,-0.012781215122040222,9.829796403667244,0.00012417021504558927,-9.033097766371597e-05,6.247678456240642e-05,1.7863466464853747e-16,-2.829815645061017e-09,2.389788163404957e-15,1.0
307.59,21.47333836555481,1.003135861708149,-0.03054975483489207,9.8095360597172,-8.457855997376084e-05,-0.00022491470156756679,-3.605786819088237e-05,1.7885568182701344e-16,-2.8455035735255254e-09,2.3909146004719964e-15,1.0
307.6,21.483445644378662,1.0212021902646384,0.007517676710265351,9.782433626189945,4.971852093756603e-05,-6.586526635448222e-05,0.00011218791271383645,1.7868044276014756e-16,-2.8596870228542103e-09,2.392069958890692e-15,1.0
307.61,21.493796348571777,1.0026662773418793,0.00034170466672184285,9.796501364126696,-0.0003217117166831049,-5.492069893974566e-05,3.423429213918582e-05,1.7950404389348881e-16,-2.872525202330688e-09,2.3932177651298085e-15,1.0
307.62,21.50352716445923,0.9920714084081214,-0.0233500257953304,9.8093171376668,6.766366755727882e-05,0.00011675411650423545,-0.00011409475813825342,1.792056961699925e-16,-2.8841355797884276e-09,2.3943692800034296e-15,1.0
307.63,21.513663053512573,0.9887965734825315,-0.0017332395577398377,9.80735682291873,0.00023905599377864166,-9.505452489101153e-05,-0.0003238083021251769,1.7960186583792505e-16,-2.894628012386511e-09,2.3954374612954723e-15,1.0
307.64,21.523401021957397,0.9809658360606909,0.01375436877100697,9.808977348943396,0.00040744464571240333,4.422897156640621e-06,-0.00039897902028676716,1.7975229581436268e-16,-2.9041237644695736e-09,2.3964880008267167e-15,1.0
307.65,21.533514976501465,0.9853682125857212,0.022048226916961237,9.79426475580695,-7.147335288379797e-05,-0.0001536417099883656,6.355450218478113e-05,1.7919970136329074e-16,-2.9127062742543414e-09,2.397561931395073e-15,1.0
307.66,21.54344606399536,1.0234682025382487,0.01167305138677571,9.793200878664502,0.00022250145109670936,0.00027203414726576744,-0.00017209295070169423,1.790682771307928e-16,-2.920462675617873e-09,2.3986793230278054e-15,1.0
307.67,21.55346941947937,0.9886011291172709,0.008764562563446345,9.794148689993927,-0.00012058365659469819,-0.0003003604085197076,5.92286412602656e-05,1.7899666320906366e-16,-2.9274952304496303e-09,2.3997447053879194e-15,1.0
307.68,21.563454389572144,0.9838947524418613,0.012775714985974311,9.786868005086347,-0.0004385487587606758,-0.00019180584539846767,-0.0003679860687407674,1.7912528517119154e-16,-2.9338456797305095e-09,2.400784448350075e-15,1.0
307.69,21.573261737823486,1.0137988717752178,-0.008385537292204386,9.80819883162646,-0.000340372510160033,0.00020885972983885392,-7.905363092055147e-05,1.7880965712012606e-16,-2.9395897832929506e-09,2.4017297952124053e-15,1.0
307.7,21.583412170410156,1.0210869842653931,-0.006465265324158217,9.760339421273637,0.00016535860456870169,-0.0001725824997379789,0.00013452994993316033,1.7886476540606207e-16,-2.944784391114867e-09,2.4027190987935634e-15,1.0
307.71,21.593636989593506,0.9942596918725415,-0.0015027611571918655,9.788600950916722,-6.105795481801167e-05,-9.360513910480589e-05,0.00023781405983055702,1.7918755242295512e-16,-2.9494864063144507e-09,2.4037371769586947e-15,1.0
307.72,21.603294610977173,1.0031019686988725,-0.0023601712479544117,9.786887356143813,-0.00025397414580450347,0.00011773584088023579,-0.00012240758019284206,1.7891181109904811e-16,-2.9537374052011957e-09,2.4046629075776552e-15,1.0
307.73,21.61367392539978,1.001242161253934,-0.029290504202510902,9.792824606415895,-4.8757485328207846e-05,6.832421782471938e-05,-1.4702992180178576e-05,1.7849837922638522e-16,-2.9575829288506984e-09,2.405594588968908e-15,1.0
307.74,21.623356103897095,0.987998276333,0.013616993485755992,9.816060330227772,0.000269559730284671,0.00021774693219936853,-0.00025262539885766323,1.777779316874457e-16,-2.961060939821968e-09,2.4065262686217093e-15,1.0
307.75,21.633347272872925,1.0105334493240747,-0.0111114159769614,9.780618480962591,0.0003019430849423022,-0.0002942636380915442,3.6630261870970546e-05,1.7824643012962182e-16,-2.964201621990777e-09,2.407455356328048e-15,1.0
307.76,21.64355731010437,0.9737421123284208,-0.001575109318524264,9.789425018084204,0.0003459910549191952,2.8354901275513442e-05,-0.0002853906872046617,1.7816685236721138e-16,-2.9670428871276025e-09,2.408382539314689e-15,1.0
307.77,21.653385639190674,1.046280488461812,0.014583535686286123,9.832710393490913,8.152290464682682e-06,0.00015823070113171416,-1.7727214910354732e-05,1.781984127595588e-16,-2.9696188486940906e-09,2.4092504682722985e-15,1.0
307.78,21.66346764564514,1.0157069733408646,-0.027001482498857886,9.803553864588824,0.00013858702309796293,-0.0006114369372902116,-0.00016015707378955462,1.778559248907111e-16,-2.9719410513219813e-09,2.4101019998879706e-15,1.0
307.79,21.673317432403564,0.9779506834855927,-0.0361123804103672,9.807306881448513,-0.00012999488554659181,-7.115175851988831e-05,-0.0002658777536083771,1.7767443471703877e-16,-2.9740434439865273e-09,2.410920283612643e-15,1.0
307.8,21.68344473838806,0.9815721939133013,0.006432790923401843,9.788303730486419,0.00013538259389135236,-0.0002710173299466976,-0.0002248903461719068,1.781175478592957e-16,-2.9759487451470578e-09,2.4117487263671323e-15,1.0
307.81,21.69346594810486,0.9941367780630348,0.007695861938742227,9.773992322443359,2.8876353069368615e-05,-9.871845640760347e-05,5.154919786477725e-06,1.787729794229503e-16,-2.977668349861842e-09,2.412580654997117e-15,1.0
307.82,21.703299045562744,1.03240671646465,-0.028139310709210896,9.830722522885113,8.757165097134968e-05,5.1257806977114134e-05,0.0002816474496989742,1.7887965697935996e-16,-2.9792211814427732e-09,2.4133821773312147e-15,1.0
307.83,21.713609218597412,0.9990092915952371,0.006449679065383486,9.813439806952434,0.00013141330121759564,0.00023361715415110582,-2.2453342015977324e-05,1.7897432744201972e-16,-2.9806262103743118e-09,2.414156088845283e-15,1.0
307.84,21.72328209877014,1.008017335660095,-0.0017035637147375844,9.773692487268905,5.0460579356474736e-05,-0.0001155973038029229,-0.0002959972864140363,1.7925092288057005e-16,-2.981898580227833e-09,2.414902093596883e-15,1.0
307.85,21.73347568511963,1.0122064218664875,-0.008817817440658453,9.79536531651679,-0.00016853351101229884,0.00020324108848902603,2.4991869799928804e-05,1.7956720536306385e-16,-2.9830496836656287e-09,2.4155868909356956e-15,1.0
307.86,21.74351978302002,0.9883600083938505,-0.01650925932303659,9.802841296156096,1.7998168250127764e-05,0.00018123594031173068,-0.00043080091308316865,1.7888544069256189e-16,-2.984087233512007e-09,2.4163517446589088e-15,1.0
307.87,21.75333881378174,1.0161683023194727,0.0013460419502820604,9.811652920801295,0.00037626221416784804,2.5558500888700943e-05,1.1467781104600605e-05,1.795792838844511e-16,-2.985026254546894e-09,2.4170278918922226e-15,1.0
307.88,21.763540744781494,1.007397428234503,-0.016714809991166764,9.78178468622189,0.00012453781531666472,0.00021707658228991067,0.0003302369661581921,1.7963616933580034e-16,-2.985878107544141e-09,2.417777522621811e-15,1.0
307.89,21.773292779922485,0.9846312156672018,-0.013949666002517751,9.805395819291196,-0.0002644526745660265,0.00015310729167507419,1.8825199711888208e-05,1.7946051360525013e-16,-2.9866465737716653e-09,2.4184614184621204e-15,1.0
307.9,21.783517360687256,1.007948825005731,-0.02064397946455005,9.773990472528407,0.00019976168696935913,2.9384360884394805e-05,-7.985599994082514e-05,1.7954188913472836e-16,-2.987343029946481e-09,2.4190853885080933e-15,1.0
307.91,21.793495416641235,0.993367268682869,0.0060028739716145585,9.786462149822514,9.764105242994144e-06,0.000109018081078085,2.325197709389179e-05,1.7971166791124814e-16,-2.9879750558856592e-09,2.419650078778828e-15,1.0
307.92,21.803282260894775,0.9451185282055824,0.0006392598440623799,9.801283475010186,0.00026792872167962997,-0.0003333741169678434,5.454215231196707e-05,1.794379730603997e-16,-2.988538868539049e-09,2.4203000957140093e-15,1.0
307.93,21.81380343437195,0.9757709610355915,-0.01800895514323018,9.804151198681224,-0.00022900363463141155,9.95485074618263e-05,-0.000271256917901054,1.7999212808436605e-16,-2.989057207477746e-09,2.42084492115288e-15,1.0
307.94,21.82329034805298,0.9987399877618786,-0.01765768565728853,9.814183603661352,5.3980108123601064e-05,8.340295391427567e-05,3.5160819058611484e-05,1.7950836630174928e-16,-2.9895300382442768e-09,2.4214287295941447e-15,1.0
307.95,21.83350443840027,0.9980512268831097,-0.006739019538439991,9.787055834305285,-0.0002567055146213049,4.733088660729577e-05,-0.00017386396060233293,1.7961934802329953e-16,-2.9899384716175928e-09,2.4220172927677315e-15,1.0
307.96,21.843575716018677,1.005902440723141,0.0052932787148125176,9.791201025445984,1.0944419876060426e-05,0.0002759026528249837,0.0001507112549670864,1.8034596089094545e-16,-2.9903355118440713e-09,2.4225406559123026e-15,1.0
307.97,21.85348677635193,0.9769970623690032,0.0033744520220320745,9.779496648501619,-0.00023492186481381363,-0.00010010501543159034,-0.00020080425312198584,1.8106430259094611e-16,-2.9906605578097396e-09,2.4230563396840023e-15,1.0
307.98,21.863443851470947,0.9959402779114029,0.02815762322492928,9.793951786154475,-9.25480810078689e-05,-4.222918277029514e-05,6.208305682617514e-05,1.8218817045158063e-16,-2.9909818058849604e-09,2.4235625390930733e-15,1.0
307.99,21.873366594314575,1.021756385579017,0.0031010802475527526,9.803072548011366,6.27694333186913e-05,-0.00038827325826470066,2.550597939142776e-05,1.8335968722315816e-16,-2.9912613444100184e-09,2.424032143102459e-15,1.0
308.0,21.88351845741272,1.0077049780857208,-0.010936558754930078,9.797204169261317,0.0002643516178464114,0.00015382243489487407,-3.2761617869181e-05,1.8433431945638827e-16,-2.991506801588121e-09,2.42456678772559e-15,1.0
308.01,21.893536806106567,1.0135721357083685,0.02027116850225639,9.805996536387427,0.00015012714976412244,-3.250947729142056e-05,0.00016035794779401447,1.851795780044395e-16,-2.9917522586232475e-09,2.4251123611827455e-15,1.0
308.02,21.903329849243164,0.9881615044751995,-0.007524293219925164,9.786916444490522,6.129244669966549e-05,-0.00022491974815256648,0.0002068515145759603,1.8590272265212497e-16,-2.991963535145841e-09,2.425639443850132e-15,1.0
308.03,21.913453578948975,0.9857565271238389,-0.03124945583663406,9.81049333336175,-3.738258411881167e-05,0.00028220824919105255,-0.00019807425091154652,1.8620594229542866e-16,-2.9921332006242776e-09,2.4261522342646075e-15,1.0
308.04,21.923287868499756,0.9634536688333586,0.018076315143209603,9.786445089885904,-9.734114112059424e-05,7.483090713464292e-05,-9.086052659043129e-05,1.8583933148542045e-16,-2.9923028669426224e-09,2.4266440552563885e-15,1.0
308.05,21.93341302871704,1.0063715015541739,0.014687658790331844,9.788233783699878,4.594387530038659e-05,0.00039882454134605017,3.522378239196189e-06,1.8532036558369446e-16,-2.99247253275688e-09,2.4270968365875945e-15,1.0
308.06,21.944233655929565,1.0280993921017345,0.01243545539763653,9.798576487621911,-9.71261361822468e-05,-0.0001141937625614532,-4.2001872083713423e-05,1.8538123090445392e-16,-2.9926042200245312e-09,2.4275586897509288e-15,1.0
308.07,21.95329236984253,1.022569439822129,0.010542480663853044,9.828857254130755,-0.00024932194630756095,0.0003302322322982189,9.754535353261439e-06,1.8575456862586337e-16,-2.9927359066380397e-09,2.4279766635639815e-15,1.0
308.08,21.96359133720398,1.013899836366431,0.026310676480727505,9.80780445340178,-0.00013743008546307755,-0.00010292790792974472,-0.00019426549505653496,1.8521431365653896e-16,-2.99284112452331e-09,2.428378939148101e-15,1.0
308.09,21.973449230194092,0.966134553431172,0.026921321112342255,9.80755313549509,-9.16794813148787e-05,0.00024214150518091996,0.00011385789468071728,1.8512672505872043e-16,-2.9929349992352966e-09,2.428758735396247e-15,1.0
308.1,21.983391523361206,1.0100814953138706,-0.015047964482566619,9.78474156797923,-0.0002797071451379287,-0.00021011812882743765,0.000122544592976293,1.8570951495099594e-16,-2.9930288733104344e-09,2.4291735443288886e-15,1.0
308.11,21.993593454360962,1.0118458211548769,0.0012124589891711727,9.81397963825191,8.592190381294985e-05,-0.0001660153205616152,-0.00015642611840168937,1.8562498341646107e-16,-2.9931227480008825e-09,2.4295393950981206e-15,1.0
308.12,22.003352642059326,1.004740589229723,-0.029471426328259213,9.821056981017751,-0.0002148720127586961,-0.00013098560720874592,-7.102346654590525e-05,1.8470756833967286e-16,-2.9931862391627814e-09,2.429842121770583e-15,1.0
308.13,22.013534784317017,0.9816698410480383,-0.019910220863672504,9.78775450331355,0.00012227569615254965,1.6079972453678485e-05,0.0003777906199548774,1.8478479461742755e-16,-2.9932421351787566e-09,2.4301889110934957e-15,1.0
308.14,22.02325940132141,0.9971441924137875,-0.023337322831162632,9.795403093658484,-0.00020167918196081547,-0.0001761733117477865,0.0001277710254453915,1.8443794805088612e-16,-2.9932980309664192e-09,2.430486009177326e-15,1.0
308.15,22.03346061706543,0.9920207605966984,-0.01886299591527039,9.827607950636201,4.0011789793250447e-05,3.3262099061201795e-05,3.505923861471888e-05,1.8403210516965585e-16,-2.9933539268530424e-09,2.430741355227485e-15,1.0
308.16,22.043577194213867,0.9780990134305909,0.005638519183251346,9.800409566815045,-6.943186685825822e-05,0.0002997525045493765,6.0272816472343085e-05,1.843414712364735e-16,-2.9934098225697035e-09,2.4309950086277098e-15,1.0
308.17,22.053310871124268,0.9822322336149434,-0.02222940098551293,9.782609493856727,-2.0789285791618385e-06,-0.00024238542107731594,-0.00016332458962326133,1.8466381124903207e-16,-2.993465718221348e-09,2.431261654386423e-15,1.0
308.18,22.063567876815796,0.997469596007977,-0.02601398875244879,9.770895812081765,-5.632128364237827e-06,0.00027049762149402174,-6.201145896340683e-05,1.8495334847222905e-16,-2.9935216142751177e-09,2.431458200453406e-15,1.0
308.19,22.07342529296875,0.9952095332381191,0.03632759148865073,9.79176910073138,-0.00021472049803211368,-2.8305329845879276e-05,-0.000217787113585888,1.849742024794176e-16,-2.993577510142887e-09,2.4316298474754468e-15,1.0
308.2,22.083380937576294,1.022095438896453,0.006913411542381721,9.787649580812095,8.635509857863656e-05,-0.0004279045478708329,7.082116009027176e-05,1.8523917778441089e-16,-2.993618281035642e-09,2.431831550888687e-15,1.0
308.21,22.09349751472473,0.988723825291341,0.005224454940660415,9.801039110733422,0.00013520922888077172,-0.00012186115566549977,-9.06892311223735e-05,1.8541376102438983e-16,-2.9936401458796873e-09,2.4315877198000152e-15,1.0
308.22,22.10333275794983,0.999734813546214,0.00571487731236714,9.816696839674773,-0.0002190000684953182,0.0001554197235593355,-4.6407895245299034e-05,-4.894207542877122e-16,-2.9936601198838604e-09,2.4315880532585423e-15,1.0
308.23,22.113651990890503,1.016664183756668,0.020246996194860065,9.80474712460984,-0.00025127755511906237,-0.00019336715513369176,0.00010266971492163132,1.8588353181688023e-16,-2.9936800939553028e-09,2.4315170885720113e-15,1.0
308.24,22.123310089111328,0.9786745609764937,0.021161540689167962,9.809532093626217,-0.00010727147800743811,3.533263410102554e-05,5.782816960545652e-05,-4.892852425282985e-16,-2.9937000679598184e-09,2.431407459601983e-15,1.0
308.25,22.133461236953735,1.0230440617798207,-0.012857352863324357,9.80127304787723,3.668278488299522e-05,-0.0004034436020019731,0.00016018642695823156,-4.891468562728373e-16,-2.993721932656852e-09,2.4314451354134047e-15,1.0
308.26,22.14370322227478,0.9988621289442744,-0.004620337729265724,9.802166164257548,1.0976497241755472e-06,3.984499654222827e-05,0.0002100421781444906,1.8591209207463737e-16,-2.9937419066271347e-09,2.4313378555201648e-15,1.0
308.27,22.153347492218018,1.019026062816604,-0.030774185019449844,9.786436897160465,9.66389664211083e-05,-8.190551357727139e-05,0.00014058363463893817,4.806740202759494e-16,-2.9937542848551978e-09,2.4313591550796303e-15,1.0
308.28,22.163498163223267,0.9726547817234491,-0.02353235742487492,9.810567916520926,0.00029636992301081973,-6.1184804785903545e-06,4.265598214361254e-05,8.605945122424315e-17,-2.9937534120910597e-09,2.431388629438265e-15,1.0
308.29,22.173381567001343,1.0030258166661883,-0.009953836823953307,9.782564418019458,0.00012980339230568433,-7.395718111285575e-05,-7.078683826314787e-05,6.541997271556504e-16,-2.993752547639375e-09,2.431396544215263e-15,1.0
308.3,22.18349838256836,0.9884142674862417,-0.012319605109625412,9.810330211195222,-0.00016096941472295724,0.00020687883975272042,7.562803475996226e-05,-2.0923586242618087e-17,-2.993753548851569e-09,2.4314028058543457e-15,1.0
308.31,22.19348907470703,0.999631344901465,-0.009684037640631934,9.796341639644654,0.0002494295415327452,0.00028434683053058456,-2.475515093070874e-05,-2.0961507145515617e-17,-2.9937564739393637e-09,2.431421528979043e-15,1.0
308.32,22.203415155410767,0.9876718611544002,-0.020896305430980238,9.750856826289228,-3.3930786549008835e-05,-0.0002144886332393806,6.317322046685202e-05,-2.1064939293154894e-17,-2.9937556011382026e-09,2.431444011749075e-15,1.0
308.33,22.21348524093628,0.9923409379374252,-0.010100964822824363,9.801567501094425,-3.721398757192375e-05,-7.720695002066648e-05,-9.91013869724222e-05,-2.1187191829480035e-17,-2.9937547449969215e-09,2.431472462226244e-15,1.0
308.34,22.223334074020386,0.990435524331083,0.00533389483152261,9.790987002703472,0.00017841186147935133,0.000142952628148853,-0.00019870543740546626,-2.137910317766924e-17,-2.9937576367823597e-09,2.431497238474369e-15,1.0
308.35,22.23336935043335,0.995958189461134,-0.003492709620823573,9.821368475503647,0.00027187679086563437,-4.52663973204641e-05,-0.00013146180781189242,-2.1589250043671117e-17,-2.9937529830367632e-09,2.431522839597206e-15,1.0
308.36,22.24356722831726,1.0092039539857593,-0.0083521416163771,9.842514036371009,0.0003795737569942333,0.00022492633390103957,0.00015390727199893,-2.181549565066804e-17,-2.993755858333989e-09,2.4315489879058993e-15,1.0
308.37,22.253438234329224,0.9897873946673715,-0.032392829448451864,9.791661237356447,-8.657643802142014e-05,0.00012530363756011985,-2.3405478441551822e-05,-2.2106789400056175e-17,-2.993755002023352e-09,2.4315812756015137e-15,1.0
308.38,22.26350450515747,0.9822310826070535,-0.00224254696629518,9.768131953168728,-0.00012387986648029599,8.13396312065712e-05,-0.00013218411722114927,-2.242367196893435e-17,-2.993754129337694e-09,2.4315984598080463e-15,1.0
308.39,22.27351212501526,0.9890782296845505,-0.003939231183716416,9.775074703222748,9.304476040804647e-05,0.00022326756520887252,-0.00013935456096316598,-2.26120341039415e-17,-2.993753273396942e-09,2.4316127510992686e-15,1.0
308.4,22.283382892608643,0.9696927514440281,-0.0027936328112143686,9.794796088314586,-3.840763427043989e-06,7.27601896942145e-05,-7.020137594612471e-05,-2.2202377672447505e-17,-2.9937561816666293e-09,2.4316762087738695e-15,1.0
308.41,22.293569087982178,0.9755454483623032,-0.008429716554113354,9.776532024429208,-7.441287300585548e-05,-0.0002001468709855907,-3.246707467033837e-05,-1.4700534990256806e-17,-2.9937553170244593e-09,2.431837234864045e-15,1.0
308.42,22.30347204208374,0.9932284233513945,-0.017770492384247938,9.770738614586628,1.0081877160567082e-05,2.0550956880019883e-05,0.0001865744674344917,3.8022299139918454e-16,-2.9937544444611106e-09,2.4318359576804784e-15,1.0
308.43,22.3135187625885,0.9838673342378708,0.0017694373882841587,9.80137866494221,0.0002727614444472756,0.0002665797614777071,-0.0006477608827236298,9.264708512421063e-17,-2.993755437084774e-09,2.431763581206743e-15,1.0
308.44,22.32325267791748,0.9654540727132881,-0.011756106893016037,9.813118852508925,0.0002993592223388067,1.262611755909909e-05,-0.00021702052015154142,-5.820022859959356e-16,-2.9937564714760277e-09,2.4316362756962156e-15,1.0
308.45,22.333468914031982,1.0236166562769684,-0.003079387049117482,9.832981956330098,0.00017238510525857865,-0.00023108181844214544,0.00017629097557049264,-1.421257241053101e-17,-2.9937555573616908e-09,2.4316226190030587e-15,1.0
308.46,22.343690872192383,1.030691839032355,-0.00667511336248561,9.776745842915526,0.00024388760479922134,-2.3974921976065444e-05,3.4839984311015456e-05,-1.4456298477023838e-17,-2.9937547176352654e-09,2.4316610276320774e-15,1.0
308.47,22.35337734222412,0.9942274878823016,0.018379632986733188,9.794189081279205,-8.276151013469674e-05,-1.3312770575497227e-05,-0.00022109374023439584,-1.5288844512540915e-17,-2.993753828336123e-09,2.4316680895784078e-15,1.0
308.48,22.3636474609375,1.0040051922389701,0.03790306584972607,9.77793329168614,-0.0002981293381186993,-0.00043080200276304146,9.807480420645829e-05,-1.477485170273988e-17,-2.9937529880442557e-09,2.431780127452664e-15,1.0
308.49,22.373401641845703,0.9795331527657873,0.002477649064803225,9.798551694903843,0.0002393062799847381,0.0004996941791194228,0.0002487942682584214,1.0482969470296824e-15,-2.9937539816324954e-09,2.4318918321387134e-15,1.0
308.5,22.383371591567993,1.0117778616609652,-0.029510568731963935,9.772632120011012,-0.00011535882213063102,6.480401443670192e-06,4.519208195612873e-05,8.584044673189772e-17,-2.9937531331896693e-09,2.431359606449335e-15,1.0
308.51,22.393531560897827,0.9836955465534627,0.009679923873044826,9.774949498029283,-4.559547469199193e-07,6.1034981049766325e-05,-0.00018282662394424236,-2.0989494294073082e-17,-2.9937579072114346e-09,2.4313005496300603e-15,1.0
308.52,22.40346622467041,1.0130720613712485,0.007509283818324649,9.793605970812203,0.0003100354041232977,-1.1852515708821888e-05,-4.952319496106354e-05,-2.0530136151177725e-17,-2.993753253170059e-09,2.4314202161032065e-15,1.0
308.53,22.413487195968628,0.989692962062923,0.03274801433150375,9.806711578848574,-5.245535239394613e-06,0.00012062815081907999,-5.1194882900031376e-05,-2.0218359960744015e-17,-2.9937561617903175e-09,2.431523946719176e-15,1.0
308.54,22.423298358917236,0.9769266189414095,-0.02432006856477793,9.79694842629485,3.79277497398872e-05,0.00020676559637377838,7.06933741689898e-05,-2.0436010229267637e-17,-2.9937553049946724e-09,2.4315538872024814e-15,1.0
308.55,22.433319330215454,0.9608240504505632,0.04536823165539111,9.786601139261094,0.00014109258439089952,3.07892164107781e-05,-0.00036326612617437656,-2.1116414246851857e-17,-2.9937544323680824e-09,2.431640736111563e-15,1.0
308.56,22.44364833831787,0.9961698349515886,-0.013457186418843779,9.804560917368137,-5.557357760763169e-05,-0.00024421500826621306,-0.00023088893915084677,-2.156471844372099e-17,-2.9937535429565362e-09,2.4317293829172296e-15,1.0
308.57,22.453387022018433,0.9680928870068098,0.0005519914338520068,9.796158299471022,0.00012918022922470715,-0.0004583499051771596,-7.368007241524691e-05,-2.292692951536091e-17,-2.9937526867805276e-09,2.431789754001737e-15,1.0
308.58,22.463544368743896,1.0156113393633652,-0.002925616774949788,9.778415338065011,-7.570314873635039e-05,2.2272137685538287e-05,-0.0003084552475989457,-2.391822273889978e-17,-2.9937555619336334e-09,2.4318606759291085e-15,1.0
308.59,22.473367929458618,1.006616852676101,0.0062382731042489115,9.78321004972044,0.0001272553737409923,-4.715692118767646e-05,6.678285994288037e-05,-2.515034146820021e-17,-2.9937547053503723e-09,2.4319277508337586e-15,1.0
308.6,22.48336148262024,-3.690013544272912,0.0005243777501007763,9.814655330113515,0.00017029370728344185,0.0002588736031853516,-0.00010820349656416946,-2.5424373857292528e-17,-1.4118612441030475e-09,2.43187118818758e-15,1.0
308.61,22.49348545074463,-3.7199136206068686,0.022206829601271606,9.771884126721252,-4.770969844227704e-05,0.00014835366802923926,-0.0002951999359168795,-2.5697391505229473e-17,-1.618706447599848e-10,2.431618898228411e-15,1.0
308.62,22.503736972808838,-3.6943706050807736,-0.011873951345276421,9.798692900769165,2.036008142037113e-06,0.00031133690782644824,-1.2167377645792351e-05,-2.589601402945406e-17,9.686025390036613e-10,2.4313124520171087e-15,1.0
308.63,22.51348114013672,-3.708324144382372,0.012586834960865033,9.79281582784848,0.00011807413351602387,-0.0001387848186966023,-0.00021671162665252953,-2.6000790486311677e-17,1.9909876253888047e-09,2.4308294897329372e-15,1.0
308.64,22.523313522338867,-3.715661119031917,-0.02060434438756836,9.788260788872734,0.0002448848148737738,0.00028655300040389056,-5.895238167142939e-05,-2.61955179162787e-17,2.915612733992257e-09,2.43066892530574e-15,1.0
308.65,22.533597946166992,-3.719472515426629,0.007898578003473076,9.810499376769384,0.00021989782548245402,-2.378119900035642e-05,0.0001228200656570911,-2.6384555649513935e-17,3.751818887724827e-09,2.4304738437837034e-15,1.0
308.66,22.543885469436646,-0.003113731197888663,-0.023251920648809973,9.796897574331776,-0.0002134011804456224,-2.1281914948309995e-05,-0.00021737507622999856,-2.6478474915202104e-17,4.029418950935673e-09,2.4303241723661024e-15,1.0
308.67,22.553428411483765,0.020833829571367014,0.010521410902468853,9.809534294234965,4.462924387485343e-05,0.0002230484759210746,3.043371994443095e-06,-2.658635543898581e-17,3.6598267764385783e-09,2.4303413281421073e-15,1.0
308.68,22.563546419143677,0.010771489737491846,-0.03488785912182216,9.828648792719992,0.00032775469102806374,8.437700678459277e-05,-2.0104668027156002e-06,-2.6710830699678555e-17,3.3255798233865995e-09,2.4303533345684066e-15,1.0
308.69,22.573453187942505,0.007931985067890732,-0.02511455054356366,9.79450016329162,-0.00032449674879131093,-0.00039785896277665474,-0.00018727502836197578,-2.6846915362885186e-17,3.023290264556296e-09,2.4303660813018406e-15,1.0
308.7,22.583458185195923,-3.6993836507034654,0.001080358711821076,9.80150240926796,0.00010263116784683948,0.00045651329863247104,0.0001638611982322258,-2.552266372062503e-17,-8.966684550484018e-06,2.43250126844123e-15,0.9999999999597993
308.71,22.593684911727905,-3.692266289901948,0.026041594094145127,9.789846962617883,2.6054666553637228e-05,0.00030231662318988366,0.00029221474804952397,-2.3822392073823697e-17,-8.108193780677457e-06,2.4353517871769075e-15,0.9999999999671286
308.72,22.60365629196167,-3.697852642767674,-0.02242173411867883,9.810688714900868,-3.194710825478897e-05,8.246054385079805e-05,9.260153851238062e-05,6.527722009169146e-16,-7.33179011132686e-06,1.6768354105793496e-15,0.9999999999731224
308.73,22.613606691360474,-3.6998673787185683,-0.0050770479795969785,9.82810465999582,-0.00027975575623697996,1.1102984127043532e-05,-6.344385654605047e-05,6.525151900800194e-16,-6.6296245513184275e-06,1.6766042103696862e-15,0.999999999978024
308.74,22.623324394226074,-3.6994121769643926,0.004429981564579848,9.79367898910522,0.00021898287682732816,-0.00010196793602108822,2.9741543457570265e-05,6.522300170245112e-16,-5.994598613987713e-06,1.676149990637847e-15,0.9999999999820324
308.75,22.633553504943848,-3.70638341882704,-0.01794670278939443,9.801361788143591,-0.00016784582500205107,1.644312008128292e-05,0.00010091582446912171,6.525799071846394e-16,-5.4202925451492065e-06,1.676832415989036e-15,0.9999999999853102
308.76,22.645960569381714,-3.732618319805869,-0.013077517010477884,9.849586115663561,0.0001719876192989016,0.00020871680971643245,3.0204009598589743e-05,6.5268025542184765e-16,-4.900900418276214e-06,1.6770257044278466e-15,0.9999999999879906
308.77,22.65575671195984,-3.68073341545136,-0.02307590742786467,9.803240709462523,-8.368169548795355e-05,4.5694957523839996e-05,0.00011298029423575152,6.527437478782663e-16,-4.431171483379359e-06,1.6774276346389188e-15,0.9999999999901823
308.78,22.665770292282104,-3.750035809347479,-0.012387276790472105,9.797103499646777,7.806917151757374e-05,-0.00018230971042606115,-8.56693706234075e-05,6.528142701580369e-16,-4.006357060517746e-06,1.6778306227312542e-15,0.9999999999919745
308.79,22.67590308189392,-0.6785435742364204,0.012679784582025764,9.7775348253245,-0.00012974868208047853,0.0004499613795571385,-0.00010858351205913213,6.529999052286627e-16,-3.599947800957836e-06,1.6850738553663824e-15,0.9999999999935202
308.8,22.685640335083008,-3.692550466981196,-0.007294418952937445,9.84726822421561,-0.0004088758328652783,-6.856529769133849e-05,6.392788049213579e-05,6.538100652115648e-16,-3.2546136915534525e-06,1.6868844586911406e-15,0.9999999999947037
308.81,22.695812702178955,-3.705034057993736,0.011618815857887408,9.788860308276458,-2.723274710040406e-05,-0.00024187748771243095,-0.00017920334164689622,6.538984054171745e-16,-2.94229927934467e-06,1.6870923262003415e-15,0.9999999999956715
308.82,22.705726385116577,-3.6784915872362727,0.015528974974146133,9.80205005541445,-0.0001391931123225425,-0.00024555657765175907,0.00028495937520953347,6.546159833035871e-16,-2.6598477230461094e-06,1.6874003225848096e-15,0.9999999999964626
308.83,22.7156183719635,-3.707161351633341,0.0007335623277759608,9.803914756154626,4.8973416224969015e-05,0.00020905068004686608,-9.832715659230425e-05,6.542234951190672e-16,-2.4044036105916826e-06,1.6870454871870237e-15,0.9999999999971094
308.84,22.725608348846436,-3.711661165798976,0.024437714160158216,9.773977773016862,0.0001797631629628509,-3.440115876004848e-05,6.827777668190753e-06,6.534988183500224e-16,-2.173384517798948e-06,1.6867320687000946e-15,0.9999999999976382
308.85,22.735848903656006,-3.7353302948769556,-0.008643662007422552,9.803330824508132,-8.270823794181623e-05,-4.528042962077793e-05,0.00022235176926595977,6.537114769697859e-16,-1.964455005873736e-06,1.6872371340527888e-15,0.9999999999980704
308.86,22.74573540687561,-3.7002908131936607,-0.05323128137290052,9.802179243735898,-0.00018731299859629045,0.00017661533691656168,-7.062429079942204e-05,6.536319052221436e-16,-1.7755029013204171e-06,1.6860454219010774e-15,0.9999999999984238
308.87,22.7555410861969,-3.701162470149417,-0.01286344881750034,9.80572962028379,0.00022654497335139747,0.0001645026141303535,6.786191697121389e-05,6.525568914566229e-16,-1.60461799151371e-06,1.6870319488368636e-15,0.9999999999987126
308.88,22.765661478042603,-3.7283453393640147,0.011517103655447482,9.779313770713998,0.00019300414772508394,8.170253851027859e-05,3.876405337334808e-05,6.515190551345391e-16,-1.4500727407845875e-06,1.6878653917754875e-15,0.9999999999989486
308.89,22.775890827178955,-3.7102077276959053,-0.008057612792871528,9.77341542595908,-0.0002143507238185796,0.00014586589226006714,-2.0781520296670016e-05,6.517069624664757e-16,-1.3103047986205383e-06,1.6875552191168906e-15,0.9999999999991416
308.9,22.785588026046753,-3.705223079145554,0.016384011536569404,9.788195787344586,-1.1868780063360424e-05,0.0002768165498938319,-0.00038704897693524746,6.510945114019503e-16,-1.183901171833155e-06,1.689566007483101e-15,0.9999999999992992
308.91,22.79575204849243,-3.6856302831400325,-0.011953324993357764,9.811708422225475,-9.460277305118666e-05,-9.479245326281556e-05,-0.00028042901902784186,6.479154939102489e-16,-1.0695839980420544e-06,1.6914262712062455e-15,0.999999999999428
308.92,22.80565571784973,-3.7035804513983956,0.03132019770280861,9.79979512843912,-0.00031507652744504057,0.00048103786973254897,-0.0003724193913785441,-3.370838293951993e-17,-9.661975921729818e-07,2.457978073222094e-15,0.9999999999995333
308.93,22.81565523147583,-3.6866517955642233,0.014262865504347326,9.792529781272036,-0.0003530351769673792,6.890450502788068e-05,-0.0001809408501895592,-3.484665252107829e-17,-8.726967825176671e-07,2.4603766205140918e-15,0.9999999999996192
308.94,22.8256573677063,-3.7156318127315617,0.026667866202844746,9.820997784305096,0.00017032331302364336,-0.00010724318386446394,-0.00028111336416695635,-3.619413692544377e-17,-7.881363307849128e-07,2.45587565868274e-15,0.9999999999996894
308.95,22.835657596588135,-3.72425157904612,0.00948456504840929,9.794597850998782,-0.00025867648957964034,-0.0002423071429326289,-0.0003845537574243,-3.6091459002422326e-17,-7.116613703550822e-07,2.4575877423593297e-15,0.9999999999997468
308.96,22.845809936523438,-3.718115943813536,-0.008055566076946062,9.79117270725412,-0.00016271585132935322,-0.0002882262271860829,-0.00018738221568266017,-3.4959017875111936e-17,-6.424987767777264e-07,2.454018810990746e-15,0.9999999999997936
308.97,22.85553503036499,-3.686362277007604,-0.02244340463528229,9.820783135179362,-0.00024408986981367127,0.0004444414592349677,0.00031579826486890665,-3.480708596427131e-17,-5.799493755832356e-07,2.453167152472489e-15,0.9999999999998318
308.98,22.865752696990967,-1.7105250001681398,-0.011105872422628626,9.78893522416394,0.00014456005212544156,0.00013937823033720022,-6.613506198617545e-05,-3.574411839285003e-17,-5.234420846850917e-07,2.4532202207379005e-15,0.999999999999863
308.99,22.876076698303223,0.021460667230265535,0.0072853019323790005,9.783272280301537,6.726520031145763e-05,-4.475348114231369e-06,0.00011198167216505254,-3.50146458321927e-17,-4.733759179297207e-07,2.4527755459680376e-15,0.999999999999888
309.0,22.885605573654175,0.015721174969110716,-0.010683823964919887,9.806570667432482,-0.00015786159471850223,9.334970873502208e-07,-0.0001032108806205505,-3.6512861608128716e-17,-4.280969828888218e-07,2.4525866983230553e-15,0.9999999999999084
309.01,22.895674228668213,-0.0328016288684895,0.011481200942436175,9.769753850395677,0.00021479387926993295,0.00012159180367857333,0.00025403652087587083,-3.612945060672688e-17,-3.871475281902928e-07,2.4522762405573357e-15,0.9999999999999251
309.02,22.905674695968628,-0.026775103048150603,0.01697766893618048,9.764075081832742,0.00010971766567643949,-0.0001936219253426923,-0.00011393769963846137,-3.618389478157799e-17,-3.501135744551753e-07,2.452097546841597e-15,0.9999999999999387
309.03,22.91566038131714,-0.030756047986522834,-0.014296055575282901,9.818115606100028,0.0002846602230876259,-0.00014755494902589906,-0.00012426543668561484,-3.657243360556045e-17,-3.166207318674131e-07,2.4518296615390265e-15,0.9999999999999498
309.04,22.925679445266724,0.01206609965851475,-0.023913402151329054,9.802809126506174,-0.00019080127070790647,1.08911817603073e-05,-0.00014460045011035943,-3.659696348498088e-17,-2.8633041440036793e-07,2.4515397067937096e-15,0.999999999999959
309.05,22.935641288757324,0.0020295257134392464,0.024526954179847293,9.768012586382612,0.00015036283051206206,-4.660150739483464e-05,4.295716255367693e-06,-3.5649954967562637e-17,-2.589363875486105e-07,2.4511898154547072e-15,0.9999999999999665
309.06,22.945892810821533,-0.01715502713070539,-0.001148691812882371,9.838754230560713,-0.00010257914995626416,-0.00026491266118220584,4.156506497787983e-05,-3.5871302398536554e-17,-2.34161725175015e-07,2.4508728816370617e-15,0.9999999999999726
309.07,22.955528497695923,0.003481187901565453,-0.011562722810177737,9.823912155175082,0.00033364422104358867,0.00029296134977764424,0.00014884877086359405,-3.601247284573491e-17,-2.1175595619776417e-07,2.4504872860381226e-15,0.9999999999999776
309.08,22.965933799743652,-0.021672112386964846,-0.004394629299863925,9.810835824412669,0.0001010366562572481,-0.0004378992232425205,-0.00013563336822013312,-3.4437501661181715e-17,-1.9149258974457335e-07,2.4502746969165615e-15,0.9999999999999817
309.09,22.9758358001709,0.03339043444408888,-0.0041911557728721155,9.797206491325793,-7.635272234390855e-05,2.114557501162646e-05,-3.678540023695988e-05,-3.633255746615434e-17,-1.7316676601983672e-07,2.4500535619913494e-15,0.999999999999985
309.1,22.985558032989502,0.00560439617941216,-0.0017795169351984006,9.797515585921191,-1.013189982045438e-05,0.00010813906403152927,-0.0001219811503570429,-3.626174221033771e-17,-1.565932094134757e-07,2.4497379780135175e-15,0.9999999999999877
309.11,22.995644092559814,-0.02414071636496101,0.006817498608825295,9.808088979610908,0.00015731667410763469,-5.4598756854797816e-05,0.00016525936836180553,-3.885196092373919e-17,-1.4160438715770486e-07,2.4493765706063073e-15,0.99999999999999
309.12,23.005617141723633,-0.0005950860175167011,0.04435335962730665,9.808796547583464,0.00012465932184418946,0.0004613108483277958,-9.288753647786542e-05,-4.653217480684631e-17,-1.2804876609278042e-07,2.449014734840232e-15,0.9999999999999918
309.13,23.01565909385681,-0.03454123237714526,-0.005975724140960413,9.81296378099547,-0.00024199298622118307,0.0003053189988504446,-8.562491461185604e-06,-4.980398664157299e-17,-1.1578930424119415e-07,2.448460368412327e-15,0.9999999999999932
309.14,23.025678157806396,-0.008610375073523208,0.0053138689525867155,9.78755100683386,-0.00013080865496893103,-7.77602877931286e-05,-0.00010376251741903516,-5.3211915803142887e-17,-1.0470206012484723e-07,2.447813704971733e-15,0.9999999999999946
309.15,23.035643577575684,-0.022371513710205192,0.01740775841636958,9.811950272249048,0.00010749997322691112,1.1024620928929232e-05,6.822089785152508e-05,-5.26477506973018e-17,-9.467496124534983e-08,2.447303689277361e-15,0.9999999999999956
309.16,23.04567050933838,0.009708551038270747,0.007320204000056417,9.818004347274048,8.518618829452524e-05,0.0004202641849792659,5.0077221269675815e-05,-5.173774296546252e-17,-8.560663304155447e-08,2.4468442840362784e-15,0.9999999999999963
309.17,23.055546522140503,-0.016678038320158323,-0.033090972069880036,9.805429319355516,-6.421163378230935e-05,0.00046921586405318657,-0.00034052957849009703,-5.267010551989634e-17,-7.740540221789687e-08,2.4462428743898914e-15,0.999999999999997
309.18,23.065752744674683,-0.00039951301517556165,0.0006395556091934774,9.814908580895692,-2.4634549560845244e-06,0.00018943953363740172,-0.00030529807531791067,-5.2801720165801615e-17,-6.998836072521154e-08,2.4456957730944275e-15,0.9999999999999976
309.19,23.0758056640625,-0.0004167304695990511,0.002847400418281378,9.791188407626015,7.655412455132795e-05,-0.0002605022316163221,-0.00023279158354091688,-5.031165977238021e-17,-6.328052063142905e-08,2.4452744611217582e-15,0.999999999999998
309.2,23.08557891845703,0.007937953475549953,0.010117757681667285,9.790685281831582,9.809105040050429e-05,-0.00016247213706190313,0.00014670301093178253,-5.218387158488173e-17,-5.7214064132063295e-08,2.444837775644282e-15,0.9999999999999983
309.21,23.095797300338745,0.006058351818606063,-0.004040337358286396,9.810376212985174,0.0002489598712930823,0.00010500271917141266,-0.00014022835709995174,-5.3138481227255496e-17,-5.172767190203785e-08,2.4445619362113867e-15,0.9999999999999987
309.22,23.105613946914673,-0.0297414747890124,-0.01140906342818073,9.8025759817492,-0.00014081574099853613,-0.0002145922792481643,5.358258041139424e-05,-5.2927329699862367e-17,-4.676588028351055e-08,2.4441903996743013e-15,0.9999999999999989
309.23,23.115649223327637,-0.00784670661983671,0.007594564091306906,9.812020423375719,0.00016106584673918122,0.00017635635734265367,-0.00035770306025375084,-5.430345067709107e-17,-4.227852685038089e-08,2.44379868652516e-15,0.9999999999999991
309.24,23.12571120262146,0.032879773387042024,0.015680916637039993,9.8038532294201,-0.00010638284393222503,7.805523640268197e-05,7.21052385907148e-05,-5.700805012079613e-17,-3.8220238828566574e-08,2.443447415994697e-15,0.9999999999999992
309.25,23.135743141174316,0.010225899089259282,0.02109655304547385,9.808632276377518,0.00023238766012871284,-0.00018096603234510477,-8.568576744778913e-05,-5.4784824687067575e-17,-3.454999448731256e-08,2.4431847282134367e-15,0.9999999999999993
309.26,23.14569854736328,0.0029809836882720643,-0.022803306616260826,9.77564918126453,-7.962847294233294e-05,-0.00014777251289373007,0.00013598979157105462,-5.634887805163729e-17,-3.1230694037228433e-08,2.4427801908115436e-15,0.9999999999999994
309.27,23.155482530593872,-0.014702730169517899,-0.00027300943826251656,9.820852574481808,4.317394315827365e-05,-0.000315450024996477,-1.9121221086299806e-05,9.082060094024538e-16,-2.8228792139042146e-08,2.442202274684625e-15,0.9999999999999996
309.28,23.16576623916626,0.0462815951304331,0.04862811532654976,9.788747869332349,0.00023116275757261164,2.845022268443012e-05,0.00031315509821549045,9.094089595705383e-16,-2.5513915493114777e-08,2.446490714835214e-15,0.9999999999999997
309.29,23.175720691680908,0.011426372541317118,0.007834051919657073,9.798518974850955,-3.2743238120182604e-05,8.618467341905995e-05,-0.00023742904504804043,9.181128693009224e-16,-2.3058623839835778e-08,2.4509248476094126e-15,0.9999999999999997
309.3,23.185526132583618,-0.00854887223518479,-0.018255713326690716,9.809526020622236,0.00025151255274426015,-0.00023041359597034459,-0.000276182646845244,9.17038551422486e-16,-2.0838118318042643e-08,2.4554140414938717e-15,0.9999999999999998
309.31,23.195825576782227,0.025755319926881324,0.010485393223714756,9.794847960355204,8.933938690304158e-05,0.0002021553421832266,-0.00011805610016043318,9.21003133660228e-16,-1.8829923088118484e-08,2.4598759947397623e-15,0.9999999999999998
309.32,23.205674648284912,-0.004096487383517113,-0.011787741457833687,9.782713391358833,4.078195271420523e-05,-2.019703722481842e-05,0.0002115466569096385,9.185083874023922e-16,-1.7013756300876268e-08,2.4643346902453873e-15,0.9999999999999999
309.33,23.215625047683716,-0.007253860018236294,0.0007236597315511915,9.807701808668762,-8.442867078306177e-05,-6.725112886692613e-06,0.00010017382411446802,9.168894775526887e-16,-1.537123487738904e-08,2.4687618285987657e-15,0.9999999999999999
309.34,23.225615978240967,0.021114933942691767,0.0014659851916370295,9.80497130374029,5.129962151413199e-05,9.933909076944066e-05,-0.000174851848301705,9.149003946620806e-16,-1.3885779409205101e-08,2.473034650849345e-15,0.9999999999999999
309.35,23.23577046394348,0.017987258485659186,-0.007998052752274068,9.785330610757564,-9.508532137260332e-05,0.0003110087143842546,0.00018178086548211448,9.15785198496347e-16,-1.2542349189665683e-08,2.477603437131242e-15,0.9999999999999999
309.36,23.245756149291992,-0.012230149723534117,0.0017357896547305904,9.84076602048577,-0.000407320060027626,-4.5813029069089776e-05,0.00015398149827606334,9.16802184843691e-16,-1.1327373777865591e-08,2.4820811819614447e-15,0.9999999999999999
309.37,23.255539178848267,-0.025582403248165984,0.011463186623629289,9.837911098181337,-0.00011713459472187377,0.0003446344614028794,-0.00022817299370547414,-4.422770564865089e-17,-1.0228571220138988e-08,2.485789377376373e-15,0.9999999999999999
309.38,23.265896797180176,0.011779360892585584,0.017500208647934227,9.793943648148865,0.00014978421705313979,-3.550218428364111e-05,-9.04670359035769e-05,-4.471213437742345e-17,-9.234834258291664e-09,2.485605439638873e-15,0.9999999999999999
309.39,23.275704622268677,0.010763009049826026,-0.001308485057201396,9.81428508553609,-4.443041710969968e-05,-0.00016059469565682505,0.00012683647149369182,-4.6561533383726736e-17,-8.33612436280376e-09,2.485524249457212e-15,1.0
309.4,23.285548210144043,0.007490432210901036,0.009356750058468805,9.771516098598873,-1.1890556932100452e-05,-5.2892226344308437e-05,0.00012136104334648804,-4.656654536647303e-17,-7.523346552844424e-09,2.4852491868335167e-15,1.0
309.41,23.29607105255127,-0.01935284610527656,0.0001622277649038347,9.791697403911789,-0.00026795947142203613,0.00035863637131101477,2.6239687082463153e-05,-4.85903330947456e-17,-6.7882850985382974e-09,2.4849435444761264e-15,1.0
309.42,23.305622816085815,-0.0011795954233455135,-0.0022930281769205064,9.820157424265942,3.399864325276397e-05,-0.00033190398289389825,0.00041061099958162624,-4.805982397298917e-17,-6.123504881590411e-09,2.4847074440332582e-15,1.0
309.43,23.31559109687805,0.00203145731756511,0.045953593700449546,9.798349643324192,0.00010131336979107341,-6.066507536609765e-06,-0.00011541857361297388,-4.8756697659652356e-17,-5.522298383856676e-09,2.4843050795712332e-15,1.0
309.44,23.325639009475708,0.018226939389153526,-0.028084286219453414,9.825293345187664,2.8875230181660672e-05,0.00011788438914011285,0.0002812385957845149,-4.909639169759086e-17,-4.978568135682001e-09,2.4842463322176004e-15,1.0
309.45,23.33569598197937,0.034924801429161406,0.0061902132433694695,9.80420033481949,1.6585903711459877e-05,0.0002333636748742218,0.00028714781130888197,-4.7960412282713866e-17,-4.486838280394478e-09,2.4840014004433914e-15,1.0
309.46,23.34569525718689,-0.025377988641967216,0.0025471410325860534,9.78834150731531,4.152478898033474e-05,0.0002519284972273184,0.0003579919046439801,-4.787647679857222e-17,-4.042117936950574e-09,2.4836763165420918e-15,1.0
309.47,23.355509757995605,-0.02273798284398767,0.014784588560630354,9.803443504051858,0.00021154106224816996,0.0003257924850566088,0.0005473580979376601,-4.3201792872529685e-17,-3.6399278791251233e-09,2.4833930409607767e-15,1.0
309.48,23.365994215011597,-0.009044360397858787,0.022852268375473276,9.806980177789795,0.00015321335877661887,0.00032895077778866675,-0.00015565563166471062,-3.7540468214244066e-17,-3.2762019454262956e-09,2.4832238655832978e-15,1.0
309.49,23.37568211555481,0.03265575355401629,-0.02730718986048914,9.786388750872014,-4.708900103487769e-05,-0.00023419278439534047,-3.0417228389907413e-05,-2.1749556793708647e-17,-2.9472413750626514e-09,2.4829670279223916e-15,1.0
309.5,23.385558128356934,-0.016434664898821536,-0.008496983677244031,9.793946895980236,-0.00020606185405926654,-0.0001242916737007057,-9.390567098251334e-05,-1.7550224702754797e-18,-2.6497417738612586e-09,2.4828262757601906e-15,1.0
309.51,23.396195650100708,0.005729609665619177,-0.015569238291022467,9.787968862681085,0.0004834501730919002,-1.7329579678798536e-05,8.866297941369834e-05,1.7497940035730255e-17,-2.3806790315186955e-09,2.4829257125827313e-15,1.0
309.52,23.405624389648438,-0.030765767572882432,-0.020102037638229344,9.802321830222105,-7.960960852326469e-06,0.00039112862393141204,-0.00019836479966032418,2.4302120993067703e-17,-2.1373436378417705e-09,2.4831400172432336e-15,1.0
309.53,23.415628910064697,-0.006342731899242342,-0.013526570602681266,9.805266479279366,-0.0001191363755787481,-0.00020937186476262996,1.9853842697162927e-05,2.4485877735548308e-17,-1.9172875149443087e-09,2.4833362480546506e-15,1.0
309.54,23.42567276954651,-0.005882130945757734,-0.009110390901630919,9.816185987070433,-0.0003799779261127081,6.098344958794777e-05,-2.7838326228449846e-05,2.5785440501623095e-17,-1.7182634805221675e-09,2.48356263376081e-15,1.0
309.55,23.435755252838135,-0.012500369014641207,-0.003585829603123485,9.788988762791163,0.0002933623572008769,0.00022431646482913076,-0.00011910375523529837,2.6400283443197498e-17,-1.5382592899931722e-09,2.4839374974373612e-15,1.0
309.56,23.445670127868652,-0.010741594487097937,-0.011600741000419081,9.816729306046025,9.890350155419859e-05,-0.00011154530194320459,0.00039153572191147584,2.5150184234674276e-17,-1.3754823923871779e-09,2.484052812443246e-15,1.0
309.57,23.455617427825928,-0.0005568714597952811,0.006845602443487585,9.797860636898584,-9.187329649107577e-05,-0.00011328678024676054,0.00010431190960342273,2.4550326304859575e-17,-1.228261661281796e-09,2.4842920290643944e-15,1.0
309.58,23.466238260269165,0.013485405144632501,0.023535984913627156,9.821376333574607,-0.0001828534691350117,-1.4254336506666237e-05,-0.0001636148348652787,2.219958537678252e-17,-1.0951229300101702e-09,2.484414673531926e-15,1.0
309.59,23.475748777389526,1.0028579859102247,0.01649604300602238,9.80513034863101,-6.920287815276555e-06,0.00012754325527403098,2.2638984211230153e-05,2.328744462208673e-17,-1.0062825711679776e-09,2.484579500919337e-15,1.0
309.6,23.485634088516235,1.015279052343147,0.007430255318596376,9.74587626210913,-0.00016962057694288758,0.00016217682171703427,0.0002770886859707959,2.7327427551282e-17,-1.1963281978403214e-09,2.484818311087079e-15,1.0
309.61,23.495889902114868,1.0241292364571448,-0.005716717054579137,9.811731808144021,7.490171262403473e-05,0.00010885245383361753,0.00021509796712890648,2.980676412495959e-17,-1.368221869885106e-09,2.4851106548626098e-15,1.0
309.62,23.50581431388855,1.0117998499081984,0.01055697582596971,9.813628717859133,-0.0001672322898818043,-0.000105488327304404,-4.152582762256873e-05,2.6675522110563424e-17,-1.5236726105989816e-09,2.4852034487035686e-15,1.0
309.63,23.515655040740967,0.9984405878561325,0.0018542608477156914,9.786658829368962,0.00012873259374669892,-0.0001115700913631667,-0.0006068519377018141,2.447593178856985e-17,-1.6642568918535035e-09,2.4855343457994896e-15,1.0
309.64,23.525757551193237,0.9973329378045054,-0.0005072900103685233,9.787316027643243,-0.00035442713004277834,0.00017894847161648519,-7.100368393735525e-05,2.7585831883686496e-17,-1.7913996070378341e-09,2.485912430431059e-15,1.0
309.65,23.535842895507812,0.9837640161027277,0.032021888236678925,9.803125949805947,0.00015849239389393956,-0.00016051722827910552,0.00021466182307510956,2.1261121842121733e-17,-1.906392985025614e-09,2.4861792295285852e-15,1.0
309.66,23.54567551612854,0.9976162988892927,0.003762401461011646,9.813331993780068,0.00012261727233951178,0.00023116260508600892,-1.0016194434953657e-05,2.351933423473885e-17,-2.0103890674810517e-09,2.4865994529718847e-15,1.0
309.67,23.555607318878174,0.985770254964043,0.01010652955530434,9.825416888250992,-2.980387784802678e-05,0.00016126127881352508,-0.0002172105502099915,3.725790588016911e-17,-2.1044375448182096e-09,2.486829776206147e-15,1.0
309.68,23.565824508666992,0.9922821880791024,-0.012462471447099959,9.797916792798429,-2.1202304871248162e-05,-1.3583331196747426e-05,-0.0003023046251205956,6.476819641682888e-17,-2.1894895954394583e-09,2.486931570771212e-15,1.0
309.69,23.57585048675537,0.991445300040686,0.0006137838244458676,9.800844235426494,0.00010051553340372296,0.00033138664707850257,-0.00015397613007704438,9.603049010972466e-17,-2.2664092911317495e-09,2.4874952050634248e-15,1.0
309.7,23.58559489250183,0.9879279889689215,-0.009014284234987999,9.81751162432853,-4.707930185289881e-05,-1.0169506412541732e-05,0.00010802108226252913,1.1966199674005602e-16,-2.335969612839296e-09,2.48849064125763e-15,1.0
309.71,23.59572124481201,1.0045104572603487,-0.008117557957836854,9.820895061460275,-0.00018009959736814597,-0.00016626937256396202,0.00011966661658013236,1.2621511488693656e-16,-2.3988830529218017e-09,2.489687496746178e-15,1.0
309.72,23.605700731277466,1.030868998034068,0.039786124099866496,9.831811957510855,-5.798020255371022e-05,-0.00020801883691242218,0.0002979046446182791,1.2734273276691904e-16,-2.455774862047094e-09,2.490772247683588e-15,1.0
309.73,23.615635871887207,1.0160756033298532,0.006847865116777317,9.793432661022658,-0.00014275818583253408,0.0001288711303232313,-0.0003232570937177863,1.2837305396438079e-16,-2.5072210805937877e-09,2.491722959609652e-15,1.0
309.74,23.625763654708862,0.9731683404240385,-0.032639851370090095,9.78568119126185,-0.00017521354595015717,-8.465701121744662e-05,6.222220933347689e-05,1.3323159905846e-16,-2.553752247355732e-09,2.493090470677988e-15,1.0
309.75,23.635843992233276,0.9807001194457711,0.0025141995699371434,9.813358853381954,-0.00024392629613662458,0.00011105337520088942,-0.0001497214700032011,1.3301201759505978e-16,-2.5958382558357653e-09,2.4942211964546543e-15,1.0
309.76,23.6457839012146,0.9853794752283508,0.012109337463878593,9.799398140654551,8.697918063890276e-05,-0.00021509307291503392,-0.00034558822475348034,1.3262753541791205e-16,-2.633911128524307e-09,2.4954596495304008e-15,1.0
309.77,23.655597686767578,1.0105689266501372,0.0031237068810346397,9.837976166395327,0.0001169026150058287,0.00023271688469166503,2.4549107586082148e-05,1.294881446828939e-16,-2.668334636115918e-09,2.4964095367916565e-15,1.0
309.78,23.665789127349854,1.000568796951933,-0.01961199670260537,9.813983395872073,-0.0001813771106304423,-3.3448847762978716e-05,-0.00045287070730281134,1.2987432042499947e-16,-2.6994726109719867e-09,2.4977619055186573e-15,1.0
309.79,23.67581081390381,1.0051957022672033,0.005182776445099692,9.799135010166768,-5.222419587901231e-05,-0.00010371318834470995,-2.2424135081702538e-05,1.2866020473895985e-16,-2.7276243607858668e-09,2.498835170050584e-15,1.0
309.8,23.685535430908203,0.9743867285064429,-0.0134189535920934,9.804846680693352,3.00618679860432e-05,-0.00014797916932065406,8.662209197503547e-05,1.2547313689945136e-16,-2.753093071177903e-09,2.4999136915252895e-15,1.0
309.81,23.695780754089355,0.9938882976080516,-0.021885647063284715,9.795935919905927,0.00025007538094438275,2.121543558975369e-05,-0.00020558231829073448,1.3193899859070666e-16,-2.7761213804402765e-09,2.500881091411255e-15,1.0
309.82,23.705660820007324,0.9995722661006372,-0.012587705438464417,9.801768665364678,2.03362479005817e-06,0.00033973100428924454,-0.00020784212913363046,1.358421933570574e-16,-2.7969517286642133e-09,2.5020202836580205e-15,1.0
309.83,23.715629816055298,0.9769802308357146,-0.01042224076665587,9.82776419809169,-1.8698688782572078e-05,-2.7559884584745177e-05,-1.7227226825667667e-05,1.336371333631109e-16,-2.815788766205762e-09,2.5030364428895817e-15,1.0
309.84,23.72588801383972,0.9904048619911567,-0.03783409160770771,9.802139212158975,7.151002177299883e-05,-0.0001444830138618039,8.31424692072641e-05,1.3445916225377597e-16,-2.832829557891581e-09,2.5040443134645737e-15,1.0
309.85,23.7357120513916,0.9922060934059097,0.008054252700675094,9.801693038623727,-8.574973980400885e-05,-0.0001650354822934901,0.00013792708190310033,1.348364902680947e-16,-2.848233241230562e-09,2.504825581945853e-15,1.0
309.86,23.7456955909729,0.984863417661953,-0.008818967180844715,9.798660106451335,-5.315906274694234e-05,-0.00013301607893237408,-0.00024131001771700606,1.359100974461177e-16,-2.86216276061891e-09,2.50576491625188e-15,1.0
309.87,23.755507230758667,0.9956178874219057,0.006007550688150365,9.804285792453232,-0.0003303200437300303,-0.00023943320591139717,-7.418404966375536e-05,1.3048765300798708e-16,-2.8747583411327483e-09,2.506909449556912e-15,1.0
309.88,23.765839099884033,0.9865623702792011,-0.014568934172284718,9.801533256994592,-6.545097285388641e-06,0.0003843676346071989,0.00011241191908882285,1.3148972259138978e-16,-2.8861489079717423e-09,2.5075780973529184e-15,1.0
309.89,23.775725603103638,0.9835182892492665,-0.0008005354906229129,9.812926354016675,0.00026574747504584645,-9.433147726343892e-05,6.800861294581062e-05,1.3647228615650187e-16,-2.89645943320225e-09,2.508939368176757e-15,1.0
309.9,23.785658597946167,1.0239136961432906,0.03767315999853411,9.801328251205101,-0.0001218176751102414,0.0002235645578508413,4.0443119197923544e-05,1.510847736213865e-16,-2.905784691322789e-09,2.509645603503922e-15,1.0
309.91,23.795871257781982,0.98315306359389,0.0028577120122658234,9.7885116713765,-0.00021046790884020014,-0.00021807094010420667,-5.9302321292984685e-05,1.427803654293342e-16,-2.9142117864533568e-09,2.5102817806390305e-15,1.0
309.92,23.80565357208252,0.9726516741077048,0.00398641012948233,9.810744457656952,7.522781272712982e-05,0.00013875734025876578,5.096885734953061e-05,1.4121149602805414e-16,-2.9218317214142475e-09,2.510821141475525e-15,1.0
309.93,23.81560206413269,1.0392622995514669,-0.0022999809524634363,9.773341170043787,-0.00018797868288643435,-1.165606317592067e-05,1.3916731776328107e-05,1.3208014267703892e-16,-2.9287278517868162e-09,2.5119618948773313e-15,1.0
309.94,23.825986623764038,1.0080967440490871,0.011693103881816418,9.793752271504824,0.00014495348780455198,0.0003188770714598705,6.650740682731376e-05,1.33504026771955e-16,-2.934957021724004e-09,2.512893558058067e-15,1.0
309.95,23.835615634918213,1.0089604259963816,0.013417888798167694,9.782782763447681,-0.00013565863457566703,-0.0003293753586920266,9.929163600595073e-05,1.3799374658920601e-16,-2.9405950396621598e-09,2.5138230916133406e-15,1.0
309.96,23.84569215774536,1.0168115436392124,0.030397609390867403,9.780294981797777,-3.203420486819665e-05,-5.264185134372231e-05,-0.0003879429537196463,1.4698113092116867e-16,-2.945691121262151e-09,2.5148446022599828e-15,1.0
309.97,23.85554814338684,0.9870737968038156,-0.014651272143610389,9.767122508548564,-0.00014030543070897098,4.812521533552398e-05,0.000167228828204999,1.4524538258955303e-16,-2.9502983568036515e-09,2.5158104367125564e-15,1.0
309.98,23.865668296813965,0.9948477394516414,0.003953796823078629,9.825630454739095,5.0186484667668816e-05,0.00015637059187679171,-0.00012393523345119052,1.5432418446500772e-16,-2.954473601330533e-09,2.51665980355997e-15,1.0
309.99,23.87570548057556,1.008552376673699,-0.03828608655586,9.79583918239691,5.826515627209563e-05,-3.353284703750511e-05,0.00019358504437723002,1.4891704557296375e-16,-2.958243349998191e-09,2.5172553471178113e-15,1.0
310.0,23.88557744026184,1.0054356505317474,0.004785589509096722,9.806931917392152,0.00020251522300914772,-0.000172049019346102,2.298261458783162e-05,1.5285642641007234e-16,-2.9616531030421736e-09,2.518536139758182e-15,1.0
310.01,23.89583969116211,0.9966532769491383,0.010430381491412162,9.784499256718123,0.0002281529437256887,1.681806371740196e-05,7.51991834612031e-05,1.5585134901280032e-16,-2.964740729177231e-09,2.5193337085559964e-15,1.0
310.02,23.905622005462646,1.001810953063611,-0.020383092998660955,9.81539076943952,-0.0004414476143395582,0.00010914491978556222,0.00022615427153819718,1.5059516407486584e-16,-2.9675327683424046e-09,2.5194461211807412e-15,1.0
310.03,23.915621757507324,1.0112363307636467,-0.0016168786907833819,9.77769080591005,-0.0001493726682565318,0.0006362231089026778,-0.0002767437747149496,1.4969911916734694e-16,-2.9700595266448274e-09,2.520268092650596e-15,1.0
310.04,23.92616629600525,0.9865552663646716,0.022143666526856908,9.798708879418292,3.6757304093921086e-05,0.00012825496792897895,9.642205904037183e-05,1.4703961447678802e-16,-2.972339974293282e-09,2.5210946302360296e-15,1.0
310.05,23.93566608428955,1.0071227700877583,-0.008350637385413034,9.823787995826116,0.0001408612921723053,3.8176832950628097e-05,0.00018227896395460707,1.4751728423217057e-16,-2.9744044219964267e-09,2.5216845637458235e-15,1.0
310.06,23.94565510749817,1.005565375379873,0.010955578931101367,9.803402775270087,0.000516194080159324,-9.243661449659424e-05,-0.00014487812943603652,-8.174203119998279e-16,-2.9762718218846875e-09,2.518467752695517e-15,1.0
310.07,23.95577573776245,0.99329572932937,-0.004148860423135049,9.808696229530984,-2.9765823396707517e-05,-0.00012679137424525806,0.0001274700461927764,-8.192813879229244e-16,-2.977957311125842e-09,2.5142828183943586e-15,1.0
310.08,23.96569061279297,0.9583297727473803,-0.02188515422624939,9.785950015091267,-8.137590896647982e-05,-0.00013415099612283825,1.5301723429014076e-05,-8.187864204363024e-16,-2.979483641217235e-09,2.510186724982079e-15,1.0
310.09,23.975627422332764,0.9927090007342809,0.008466442952371265,9.819182942277203,3.558162479434719e-05,-0.00010967865043048518,0.00023910377044813786,-8.1894476900645945e-16,-2.98086974973816e-09,2.5060994492675856e-15,1.0
310.1,23.985522747039795,0.990797880238254,0.004330962504053677,9.803815150221538,-0.0001569567853779839,0.0003067566954807615,-0.0002237570164578972,-8.179206948364193e-16,-2.9821194306083117e-09,2.5021410108409374e-15,1.0
310.11,23.995962142944336,0.9957450275365319,-0.02103774335223351,9.770077529400668,-4.29219013035045e-05,-0.0001828234193656565,0.00019795673389047741,-8.188644303996283e-16,-2.983244083478443e-09,2.4982460478245636e-15,1.0
310.12,24.005578994750977,0.9983667520130501,-0.008433398237208668,9.83145892180346,0.00015827433549832958,-0.00011452065902565816,-2.0495300011465845e-05,-8.176524980757786e-16,-2.9842739699994646e-09,2.494491334574406e-15,1.0
310.13,24.015617609024048,1.0144697505349114,0.032769076847968856,9.799653478768013,-0.00016643902661997486,-5.114901432774832e-06,0.0003632440076628959,-8.200478480918937e-16,-2.9851901747640246e-09,2.4907688945542828e-15,1.0
310.14,24.02589201927185,0.9962311518005886,0.014511423117547212,9.787955421233283,0.0002042469178296309,-0.0003417958845532146,0.00012887843144822144,-1.465952024222239e-16,-2.9860324906867055e-09,2.487499660914396e-15,1.0
310.15,24.0356388092041,1.0133986149097216,0.020733905379057557,9.7989278503044,0.00012498819604492834,6.285364847802277e-05,0.00010310269658221841,-1.4746270437014073e-16,-2.986781983901944e-09,2.4867213289455896e-15,1.0
310.16,24.04557156562805,1.0065996056851418,-0.0027630577106554496,9.816528612003477,0.0001448584535781141,0.00023135099268491353,-5.461328734455622e-05,-1.4819751575841756e-16,-2.9874707948620823e-09,2.486206754521808e-15,1.0
310.17,24.055626153945923,1.0273088449509713,-0.03811461139769966,9.80003960257959,-1.1344097326268485e-06,-0.00017550157315710842,8.928836238018049e-05,-1.4769490180008395e-16,-2.9880876436715855e-09,2.485500773185157e-15,1.0
310.18,24.065646409988403,0.9649745042831905,0.004780729846553519,9.80487645689434,-6.099292797384071e-05,0.00013124954166400196,0.0002983335077625904,-1.4758820904652788e-16,-2.9886438625953077e-09,2.4848418459470717e-15,1.0
310.19,24.075761556625366,1.0206604828296157,0.028030346452239216,9.766110045462291,-7.275587216609669e-05,6.94046000168401e-05,-7.213649459806124e-05,-1.4974757157205151e-16,-2.9891545562608357e-09,2.4844278941347147e-15,1.0
310.2,24.085541486740112,1.0051810942560875,-0.007488261207159943,9.838911270979537,-0.00010436348848658337,-0.00018357345992451075,0.0004547778582824174,-1.4762694167215394e-16,-2.9896160418793134e-09,2.483546354003741e-15,1.0
310.21,24.095818996429443,0.9891856732221666,-0.001064734892489826,9.776481197349776,-0.0001315917467012781,0.0004682003935620337,7.540202130213602e-05,-1.4262327827916621e-16,-2.990013080728321e-09,2.4827782486269695e-15,1.0
310.22,24.10556650161743,1.0156010000649418,0.007828417137330155,9.806897777109034,-0.00011809828446735404,0.00026233677312330225,0.00034394643323935203,-1.466976442393925e-16,-2.9903797862220435e-09,2.482673111243057e-15,1.0
310.23,24.115647077560425,0.9956509318504204,0.026726823468859316,9.797240392653682,0.0003218726964292254,-0.00025759165882651965,0.00013843998188516773,-1.5048471535935538e-16,-2.9907200250233647e-09,2.4821875914462154e-15,1.0
310.24,24.12580180168152,0.9809822266449958,-0.0011490689251649397,9.785171074002598,-5.856294255045529e-05,7.022252879454416e-05,0.00016554921317960092,-1.5165643536158592e-16,-2.991041270894116e-09,2.4815720190994153e-15,1.0
310.25,24.135711669921875,0.9973899054505819,0.03187096363494237,9.803334735497703,0.00020655630181462992,0.00014534684363457295,0.00011063486583288198,-1.495080148061758e-16,-2.991324553082769e-09,2.4807401787649563e-15,1.0
310.26,24.145548105239868,0.9755492510733695,0.009832597547967585,9.800795093738296,5.641376356994771e-05,0.00018101200271020796,-7.290133866962842e-05,-1.5075083847681812e-16,-2.991562415245384e-09,2.480544281784187e-15,1.0
310.27,24.155752897262573,1.0116691385691692,0.005309940033652458,9.795496917279788,-0.0001448659520020035,4.750962364909342e-05,7.3772309888375526e-06,-1.4936180232891877e-16,-2.9917700426213433e-09,2.4803024301670406e-15,1.0
310.28,24.165651559829712,0.9760652935248707,0.006963634002507828,9.791599816728432,-0.0001792266744201744,-0.0001861212146412674,-0.00010487895889303815,-1.4709924550163525e-16,-2.991977686731026e-09,2.47987298225053e-15,1.0
310.29,24.175797700881958,1.0195588227019596,-0.0062033081257601335,9.784748409628602,-1.7863054839868288e-05,0.00021077096131391496,-0.00010053125560524979,-1.4396557008956262e-16,-2.992151151084639e-09,2.479466420922183e-15,1.0
310.3,24.18557834625244,0.9990642411626606,0.005408826441314583,9.792226089273385,-8.391991917992042e-06,-0.0001835254805158031,-0.00025106253340009723,-1.3641081330404353e-16,-2.9923208176456337e-09,2.479016965642579e-15,1.0
310.31,24.195749521255493,0.9750673906998322,-0.0008593528307288858,9.83372298885272,0.00021651835757131128,-0.0003271742073931178,-9.829321166208719e-05,5.539663382289946e-16,-2.9924885838538756e-09,2.478557270621493e-15,1.0
310.32,24.20559549331665,0.9983809921458853,0.016879926677930784,9.790999756926823,-0.00034321267276249385,-0.0004853211307479055,0.00015637361624697358,5.554120379070307e-16,-2.9926202723835322e-09,2.480208198862153e-15,1.0
310.33,24.215596199035645,1.036344609358922,0.03224724033942113,9.799862986400303,6.086650560523464e-05,0.00015083952117742752,5.455053668970948e-05,5.566662981131443e-16,-2.992751961045022e-09,2.4817543466513815e-15,1.0
310.34,24.225903034210205,1.0286111305984487,0.030352920213374844,9.847393783809375,4.0208698034864027e-05,6.562965918600128e-05,6.416747764890397e-05,5.56470659096491e-16,-2.992883648697704e-09,2.4832123570582998e-15,1.0
310.35,24.23569393157959,0.9976167531859164,-0.014200364087984729,9.829970792434086,-9.755530412499965e-05,0.00011043347127132357,0.00020670890669299198,5.569254487364208e-16,-2.9930040918766393e-09,2.4846010563551976e-15,1.0
310.36,24.24552297592163,1.029291110889114,0.02159390616666656,9.799974806688073,5.327656599163626e-05,0.00017728275949545474,-5.060194558463378e-05,5.558042144143207e-16,-2.9930790595524375e-09,2.4859255577437416e-15,1.0
310.37,24.255720376968384,1.0333639114103141,0.011090107573324797,9.79910410189916,-0.0001450897332405507,-0.00014257351306661662,-1.650584668862916e-05,5.558077764981352e-16,-2.993135121400239e-09,2.4871719226095047e-15,1.0
310.38,24.26574182510376,0.962627034631663,0.010744405191279961,9.812082087534515,-0.0001462242072953745,0.00015663684415350012,0.00018145029553400725,5.59578913477773e-16,-2.99319118289968e-09,2.4883560115923043e-15,1.0
310.39,24.275819063186646,1.0182849488620551,0.012164411002233025,9.81161798873004,-0.00031707326245847695,-4.455250851962381e-05,5.9247521396266545e-05,5.625242048918222e-16,-2.993247244129853e-09,2.4895127054924784e-15,1.0
310.4,24.285605907440186,0.9901405723509459,0.017147394977852004,9.797222352775929,-0.0002800594371563006,0.00024357342798896688,0.00019497321750635776,5.638516798883724e-16,-2.993303305071242e-09,2.4906238371695836e-15,1.0
310.41,24.295849323272705,1.016452554450223,-0.006177199447290313,9.764060020158627,0.00010209928641873667,0.00018952679614170633,-0.00010275772121830585,5.647762947827716e-16,-2.993359366928639e-09,2.4916763114909922e-15,1.0
310.42,24.30558466911316,0.9670741049610531,0.042656007654492296,9.8083701930035,-0.00012158992185176878,0.0004359483031121774,-8.071947378839836e-05,5.640212073582773e-16,-2.9934154302266767e-09,2.492675127497399e-15,1.0
310.43,24.315690279006958,0.9916235740720425,0.03281887629604507,9.76546320245077,0.00011826765523273558,0.0002208272998415098,-0.0002184844687165083,5.630427767918393e-16,-2.9934373109749243e-09,2.493623049279239e-15,1.0
310.44,24.32611584663391,1.0053874909935943,0.024075880574062913,9.795491556278362,-0.00017600044571773412,-6.135637330737792e-05,-0.00020293052226508096,5.630317448278611e-16,-2.99345539426223e-09,2.49451312008427e-15,1.0
310.45,24.33567452430725,0.988672992461851,-0.02387890220886142,9.801047308773079,-0.00013993763780981999,4.000632755587014e-06,-3.305860880200501e-05,5.654585625116306e-16,-2.9934734773813664e-09,2.4953075841761566e-15,1.0
310.46,24.345622539520264,0.9898671596303578,0.0075484559808292745,9.815980114943093,0.00011689304174285666,-9.123713667054868e-05,-0.0002065116156844464,5.670403905091352e-16,-2.9934915613835982e-09,2.4960428735407948e-15,1.0
310.47,24.355785369873047,0.9841830913731304,0.01520867503332351,9.797592398666403,5.442070771404679e-05,5.448876579856068e-05,-0.00014191604719030384,5.681376328704647e-16,-2.9935096446849566e-09,2.4967440115834506e-15,1.0
310.48,24.365880489349365,0.9630320281802874,0.013298599491665225,9.809624583257731,-0.00011472578855704718,-6.18542662864025e-05,0.00017349480675858523,5.686336345635481e-16,-2.9935277280203646e-09,2.4974023293706494e-15,1.0
310.49,24.375949144363403,1.0008598645420523,0.01376199998802624,9.83774782152863,2.0476280370014692e-05,-0.0001438572984043757,-8.35211824982206e-05,5.6870046355380385e-16,-2.9935458115322115e-09,2.497974579681035e-15,1.0
310.5,24.385570287704468,0.98189539495062,-0.01889254127412892,9.800506006930522,7.536007860408331e-05,4.8456920846678625e-05,0.0006822857895366466,5.683803664835598e-16,-2.993563893846374e-09,2.4984939427954168e-15,1.0
310.51,24.395741939544678,0.9747012080147007,0.001864035106027429,9.79782895056526,-0.00018160954718236602,-0.00023165711270521362,-0.00015570782146089295,5.680324897129836e-16,-2.9935819768454653e-09,2.4989346808475274e-15,1.0
310.52,24.40556311607361,1.008277566681128,0.018489431248660176,9.76761493156146,-0.0003475866266939376,1.9655324693438637e-05,-0.00011357908806016675,5.674409636328733e-16,-2.993600060025262e-09,2.4993060533855574e-15,1.0
310.53,24.415631532669067,1.00351379370867,0.002227820283732326,9.780132815366319,-0.00022258904489518878,-2.5398500467880377e-05,-0.00037496130169080904,5.666802173410808e-16,-2.9936181434735095e-09,2.499618953849226e-15,1.0
310.54,24.42579174041748,1.019454007335948,0.005167136276067739,9.791957842814229,-0.00021864455530216218,0.000238165762101448,-5.7440293908006296e-05,5.659566899578084e-16,-2.993636226833591e-09,2.499898992412833e-15,1.0
310.55,24.43561100959778,1.0169058487829905,0.03231963482049063,9.809759081513194,-0.00010952711419136747,4.622000100419437e-05,0.00022108316062200502,5.65366256884584e-16,-2.9936543102801027e-09,2.500114809721268e-15,1.0
310.56,24.445570707321167,0.9890330733194329,0.0005781660332461726,9.783724030834238,0.00021184454174326823,-0.00042904449046126005,0.0005138598338869009,5.646030414173183e-16,-2.993672393339302e-09,2.500287415418688e-15,1.0
310.57,24.455654859542847,0.967475474322902,-0.0059650816791826594,9.780108089300223,-0.00012517032560454828,-0.0002653980362452991,-0.0002190175068600337,5.641298106704565e-16,-2.993690476568574e-09,2.5004110694771956e-15,1.0
310.58,24.465708255767822,0.9824715737483378,0.011543449793425547,9.796788860339625,0.00029810714462930765,-9.314448762709617e-05,0.0003155235249185038,5.638461479220265e-16,-2.993708559891174e-09,2.5004833279752853e-15,1.0
310.59,24.475891828536987,0.9908459988355839,-0.01436319319716969,9.805043377917785,-0.000310192072124193,-0.00010721298204973671,6.25615664895482e-05,5.637543193973007e-16,-2.993726643223631e-09,2.5004991851205155e-15,1.0
310.6,24.485616445541382,1.0073029160693003,0.02641860050947407,9.811594484633524,0.00021318559209503155,0.0002796360379731234,6.22308941003017e-05,5.638728721769384e-16,-2.993744726603502e-09,2.5004708918263558e-15,1.0
310.61,24.495787620544434,1.030356999231991,-0.0006534200750387756,9.781198281250397,3.96675373475602e-05,0.0002126588719470712,2.9968408275021106e-05,5.642312202331149e-16,-2.9937628099118363e-09,2.5003865892578896e-15,1.0
310.62,24.50562357902527,1.0031787936538046,0.002985982786159141,9.792476680967653,8.965553211891108e-05,1.3114023312120141e-05,-0.00012807365698852622,-1.177893449562894e-16,-2.993756206727372e-09,2.5003862263604217e-15,1.0
310.63,24.51564598083496,1.000678798251226,-0.011289337770485111,9.788323159911322,0.00022682835675558576,-0.00010911572958197494,-0.00016700518346519339,-1.1745293862090427e-16,-2.993755317465471e-09,2.5004179530705173e-15,1.0
310.64,24.5258572101593,1.025676953289969,-0.018807122582282752,9.797008601517701,0.0001245169203205873,-7.499479573738089e-05,-6.815955837642348e-05,2.775552749292437e-16,-2.9937544440644837e-09,2.500435025412682e-15,1.0
310.65,24.535648822784424,1.0105122986555966,0.009570851816512975,9.786825747899496,-0.00022599437678895285,-0.00034567216974927344,-0.00016592574435464683,-9.809312399549723e-18,-2.9937554369139126e-09,2.5004496278464893e-15,1.0
310.66,24.54555630683899,0.9953758935471242,0.00562839574607863,9.81637790175082,-0.00015327033697575272,-0.00010921840631040452,3.31361159061206e-05,-8.979552980607413e-18,-2.993754580356281e-09,2.500433302065814e-15,1.0
310.67,24.55570363998413,0.9837495362271346,0.009554467976310693,9.784162701978005,-0.00045191311585787583,9.124869866206867e-05,0.0002275755928508681,-8.238240662811379e-18,-2.993753707872737e-09,2.5004170026408557e-15,1.0
310.68,24.565649032592773,0.9954833517511799,0.027383698423898883,9.811381354162041,-2.3191207690011687e-06,0.00013391621372899645,0.0002532382459548607,-7.981230316864528e-18,-2.9937528525656413e-09,2.5003800088030904e-15,1.0
310.69,24.575805187225342,0.9662487028204755,-0.025502315863540754,9.812004213069335,-0.00027464386019933985,0.00038182727113566904,7.76317590993976e-05,-8.009162314071379e-18,-2.993755727010157e-09,2.5003234146991235e-15,1.0
310.7,24.58564043045044,1.015847315158033,-0.014643481570930254,9.782507979437261,9.245869285220062e-06,0.00041040767426450225,-0.00017015746697530472,-7.8542271097845e-18,-2.9937548704525723e-09,2.500293359382901e-15,1.0
310.71,24.595682859420776,0.996214013602067,-0.020219607080666106,9.79212202538014,-0.00046976553005370094,-0.00012005850541416182,0.00045312516855082236,-8.516180903057958e-18,-2.9937577638240917e-09,2.5002543297426897e-15,1.0
310.72,24.60557770729065,1.009775968890718,-0.0138024430048744,9.82193157213748,8.534423481004951e-05,-6.268871014230566e-05,-0.0002680139405035274,-8.865633117060915e-18,-2.993753109137731e-09,2.500187463236109e-15,1.0
310.73,24.61584210395813,0.9970177558665,-0.007474364018253656,9.795463052763216,5.430786778671705e-05,-1.2060087959521018e-05,8.351910267813119e-05,-9.93286147255924e-18,-2.993756017506021e-09,2.500138553738936e-15,1.0
310.74,24.625797986984253,0.999524563979948,-0.008063250079666384,9.795539016966513,0.00037520899266825427,-0.0002976304510107954,0.00016640609551217355,-1.1772774766582664e-17,-2.9937551616157747e-09,2.50009406715249e-15,1.0
310.75,24.635592937469482,0.9936071283484512,-0.01335561639008885,9.790191044197886,-0.00020578825084809015,-0.00013095476315717493,4.8821142016494775e-05,-1.3203127511392301e-17,-2.9937542887224715e-09,2.500054334159961e-15,1.0
310.76,24.64556312561035,1.03860601224755,0.007451382274961207,9.801984866694648,-0.0002650973720447871,-3.2306091664995485e-05,-0.00015590932359186462,-1.6037196545714877e-17,-2.9937534315604925e-09,2.500031287728435e-15,1.0
310.77,24.655685424804688,1.020041406523221,-0.002238071339765017,9.788784144765305,6.739552776370801e-05,0.0002490590944524295,-0.00016125045634627852,-5.867697995300748e-16,-2.993752567599205e-09,2.4998917790308396e-15,1.0
310.78,24.66565990447998,1.023039013893132,0.014188097360356876,9.82503241591808,6.0305200344408495e-05,0.00043568960963851513,-3.959946083864313e-05,8.486654389801565e-17,-2.9937535679403864e-09,2.4998337084441635e-15,1.0
310.79,24.675827503204346,0.9857836324733923,-0.010405415852921988,9.76342091511099,7.871283016239628e-05,-0.00016675906820931772,0.00015365647238854612,3.674069807636554e-16,-2.9937545961709224e-09,2.4997739574232798e-15,1.0
310.8,24.68568229675293,0.9896462839881467,0.00940434335068955,9.773785829577289,-3.665598316935665e-05,-0.00033158423572856216,-0.00016451331532981765,-2.825790795761061e-17,-2.993753689030199e-09,2.499681693294093e-15,1.0
310.81,24.695739269256592,1.0229843782754595,0.016585311191863458,9.77115879686366,-3.17771878093031e-05,-3.30778179537696e-05,0.00018751353543833583,-2.917285501880631e-17,-2.993752831832785e-09,2.499733294244191e-15,1.0
310.82,24.705602407455444,1.0003301144540855,-0.00356007808435102,9.792767247931362,-0.00011285184315041054,0.00030470809623683745,-6.58288366325676e-05,-2.900414056262911e-17,-2.9937557397558327e-09,2.4997885144115853e-15,1.0
310.83,24.715871810913086,1.0114657972183208,-0.004325279145631891,9.81074545841999,-0.0001013251511296124,8.34289956454645e-05,-0.00026613980078266417,-3.223300638383324e-17,-2.993754900075878e-09,2.4998447106261887e-15,1.0
310.84,24.725807666778564,1.0123832312481154,-0.012472283834828572,9.805831489492679,-0.00012729254815229806,-0.00012448748172821765,-0.00014001222878581903,7.11461738174811e-17,-2.9937558775492657e-09,2.499754465408584e-15,1.0
310.85,24.735650300979614,1.0225240447705821,-0.030648923303609115,9.824781417320402,0.00020654343893524048,-7.623668619689125e-05,0.00036248024410133234,6.328387627644365e-17,-2.993755021939313e-09,2.499685535013582e-15,1.0
310.86,24.745603322982788,1.0161760034849447,0.0022820498978585874,9.806216375069532,0.00017060282369023945,-0.00015478573256148858,0.0001303865215755892,-4.31263329458793e-17,-2.9937522332819745e-09,2.4997212882706237e-15,1.0
310.87,24.75567102432251,0.9874311234405265,0.006994351768938373,9.814229667015887,-5.551522259402913e-05,0.0004422729914830239,7.743046535752345e-06,-4.085432572822476e-17,-2.9937551420363016e-09,2.499975837934047e-15,1.0
310.88,24.765625476837158,1.0163234293361154,0.022348184835789545,9.787118152077905,-0.0001321950126614871,0.00011215507036457055,9.36011786593504e-05,-4.387376263845725e-17,-2.9937542677957574e-09,2.5001696807535134e-15,1.0
310.89,24.775898218154907,0.9931078564912312,0.02370507735935911,9.780799684846526,-0.00016462201170100901,0.00014125868655114247,-0.0001797360087179373,-5.2451869335190686e-17,-2.9937534102027035e-09,2.500457815868039e-15,1.0
310.9,24.785649299621582,1.0066608114476523,0.011505462719620588,9.810520691621287,-5.032802815591496e-05,9.820689310985975e-05,1.607008558943424e-06,-6.238225915337771e-16,-2.993752546969282e-09,2.5004037842757147e-15,1.0
310.91,24.796716928482056,0.9630084537911415,-0.025649768353719002,9.785774427474975,9.273625052770446e-05,-0.00015286253954499579,6.691366228113345e-05,4.751942784175853e-17,-2.993753549460513e-09,2.500495941837272e-15,1.0
310.92,24.80662751197815,0.98544910386612,0.020905429073625373,9.787104904864893,0.00014236157694529254,-8.289010863567347e-05,0.00031675478334996333,3.3120751464693975e-16,-2.9937545751676816e-09,2.5004232462520902e-15,1.0
310.93,24.816744327545166,0.9946133730201387,0.013075189553210208,9.807357230487861,-3.560750756501025e-05,4.343022098039092e-07,0.0001616198418976594,-6.314428354460476e-17,-2.9937536690538207e-09,2.5001016839971083e-15,1.0
310.94,24.826992511749268,0.9606784021991124,0.03078556854512428,9.818884644404356,-0.0002012481668592885,-0.0003609561506287364,0.00019135037767801233,-6.540674162753393e-17,-2.9937528123216903e-09,2.5004509984434446e-15,1.0
310.95,24.836689949035645,0.993457560776177,0.01784116317844023,9.80931552587134,-0.0004134117246020827,1.3096587470525937e-05,-0.0001413662862058529,-6.726915082963587e-17,-2.9937557190917736e-09,2.5009823436336403e-15,1.0
310.96,24.84674835205078,1.0066898424500252,0.009117141871118863,9.819419617294797,-5.862205940222985e-05,0.00029736649623780933,0.00022039294884263383,-6.602852443688391e-17,-2.993754882678857e-09,2.501415260173455e-15,1.0
310.97,24.856669664382935,1.003621956292306,-0.02005812063757333,9.837867602065296,0.0003553978986502712,7.647905534819739e-05,-5.004160037945615e-06,4.24735983437436e-17,-2.9937558584168156e-09,2.5015010613071338e-15,1.0
310.98,24.866655111312866,0.9891802700951802,0.010638239488396725,9.791987736606442,-0.00016198724088673506,-6.097197762554307e-07,-9.060447554577974e-05,4.738833566566148e-17,-2.9937550028126054e-09,2.501017119227483e-15,1.0
310.99,24.87696099281311,1.0011674979035572,-0.033321020735647085,9.780359662401075,-0.0001083181852992088,-0.00019518063353776835,-7.000332860517955e-05,4.435309639996492e-17,-2.993754130071139e-09,2.500608695889612e-15,1.0
311.0,24.88677430152893,0.9941973185535367,-0.028015743375353723,9.790869691499736,0.00013666897233264192,-3.6076093361660245e-05,-2.41194828153302e-05,4.3935620410040116e-17,-2.993753273598122e-09,2.500417758237307e-15,1.0
311.01,24.896748542785645,0.979533161450851,0.015657002016250646,9.778037539210052,7.815715352122724e-05,-0.00020666273001508298,-6.045917680136426e-05,-6.187163755404908e-17,-2.9937542806482027e-09,2.50034823331521e-15,1.0
311.02,24.906699895858765,1.0052703665618468,-0.007035292933593991,9.80808333885033,-1.501674596939384e-05,-2.3641596559274384e-05,0.0001631211634443668,-6.500241092519654e-17,-2.9937533928107555e-09,2.5004996802810482e-15,1.0
311.03,24.91674304008484,0.9855396722085071,-0.0006459831667084204,9.784100764542165,-0.0002152483743232557,-0.00020790468430766324,-6.983065819726423e-05,-6.331105538372951e-17,-2.9937563233616678e-09,2.5006349313403982e-15,1.0
311.04,24.92703914642334,1.003149801236575,0.0027095015867261837,9.779244282114611,-5.113192013912208e-05,-0.00020750893721846773,-9.482410375752292e-05,-5.650033974859139e-17,-2.993755439654521e-09,2.5013282422874894e-15,1.0
311.05,24.936652421951294,1.0066086252726232,0.005483205910132001,9.781255223132677,0.00010038608512137154,0.0003022094373577575,-8.397103875935834e-05,6.192886636731159e-16,-2.9937564751628143e-09,2.501603675608127e-15,1.0
311.06,24.946751594543457,1.0025390208750418,-0.013492179728174871,9.806853052114347,0.00016753568188675023,-0.00035226100878241315,-0.00012877991497120628,4.3741971641177134e-17,-2.993755581711231e-09,2.5009133132479983e-15,1.0
311.07,24.956669569015503,1.0035028818850629,0.03139679167745766,9.791688881000697,-0.00011160225960123704,8.476218968987443e-05,9.604995151215959e-05,4.097190457750196e-17,-2.993754726576636e-09,2.5006538093210233e-15,1.0
311.08,24.96670961380005,0.9869967891228378,-0.006476804195191389,9.824573223073497,3.686378569025279e-05,-0.0002652098302344322,0.00014083908248770484,1.677593932387745e-15,-2.993755731673549e-09,2.5008625623614178e-15,1.0
311.09,24.977066040039062,1.0111782254456467,0.0023813053603207153,9.803657664259653,0.00034613477324881844,-0.0001584628271198765,-0.000170002078980462,3.3425105626615126e-17,-2.9937529833514343e-09,2.499909378325553e-15,1.0
311.1,24.98674750328064,1.000984026694355,0.022171403679075802,9.776307644890597,0.00011949472723219087,1.447800696738559e-05,5.923801018938703e-05,3.358696988772131e-17,-2.9937558371444376e-09,2.4998292173920104e-15,1.0
311.11,24.996678829193115,0.9630020506741197,0.0024974222126300264,9.832963192615479,3.0333886219644954e-06,-0.00013153706586541237,-0.0001388237738477912,3.536507055451072e-17,-2.993754998350055e-09,2.4996862294198623e-15,1.0
311.12,25.00661063194275,1.0159136608109522,0.022673931690807173,9.796797203974961,0.00015883870975280095,0.0001588181852732677,-0.0001306661720166521,3.540121794831761e-17,-2.9937541080593584e-09,2.499486832641562e-15,1.0
311.13,25.016724348068237,1.015970196060335,0.0046158435715375175,9.791191666632491,2.3476490934863404e-05,7.60053193671302e-05,0.0004447963255562929,2.8036016923864945e-17,-2.9937532419371047e-09,2.498878123210173e-15,1.0
311.14,25.027132034301758,0.9859978628311904,0.0036282159281137883,9.784453630255292,-0.00022072622793656107,0.0003020631675710563,0.0001019464131164031,2.7359327227025725e-17,-2.9937561493041027e-09,2.4987028684301964e-15,1.0
311.15,25.036774396896362,0.9859564416432963,-0.004102789149673117,9.811326819448878,-8.8202206132677e-05,0.0002676889294488388,-0.00013545204618128727,2.307266903392767e-17,-2.993755295377817e-09,2.4986074382258955e-15,1.0
311.16,25.046823740005493,1.0107368451854775,0.010311970042358287,9.781086005408747,6.344743396182125e-05,-0.0005051749216949158,0.0002556836260390845,2.329889312275615e-17,-2.993754419384078e-09,2.498643266013678e-15,1.0
311.17,25.056753158569336,0.9947528930727009,0.0032961123831302475,9.782027580885021,-2.2852744008467405e-05,-8.679183553047454e-05,2.0177678884347796e-05,2.852222099107362e-17,-2.9937535333871505e-09,2.498705288957465e-15,1.0
311.18,25.06684184074402,1.0150547049094494,0.029117424767234147,9.793972462671759,0.0001705315769224007,-0.00018159836520483034,9.665272308440467e-05,2.4193922601631127e-17,-2.9937526754842224e-09,2.498306066977126e-15,1.0
311.19,25.077107429504395,1.0096057738295012,-0.009707056232976186,9.786863999384654,-0.0004375904427882047,1.0065867904778666e-05,0.0001872889568305356,2.9053712110802964e-17,-2.993755551691493e-09,2.4983399507741044e-15,1.0
311.2,25.086764335632324,0.9956494264944319,-0.008896861716737817,9.7979019638223,3.4206568111840954e-05,-7.622712203795064e-05,0.00023078295573727083,2.8636894060786724e-17,-2.9937546967136563e-09,2.4982883964071252e-15,1.0
311.21,25.096739053726196,0.9430893275317065,-0.03361808463786622,9.793579505845589,2.091292837935028e-05,0.00012005864687564605,0.0004777703928573826,3.0010704303440303e-17,-2.9937538240763928e-09,2.497855470873475e-15,1.0
311.22,25.10662865638733,1.006689949736151,0.01190807841338739,9.806484143088126,4.917179953534419e-05,-0.0004012832926282988,-1.3258146199079141e-05,2.744348422128104e-17,-2.9937529748385323e-09,2.497521628326985e-15,1.0
311.23,25.116752862930298,0.9788121431642954,0.02698584710757495,9.785037611915344,0.00014404374067426075,4.225101266450384e-05,-0.0003234758669164459,1.411757907119765e-17,-2.9937520826917194e-09,2.4971344948924037e-15,1.0
311.24,25.12708282470703,0.9942724416685813,0.017878965932611374,9.78932365252651,-3.295891338594893e-05,0.0004113590810777557,-0.0001907042093114447,3.400555764441407e-18,-2.993754991086822e-09,2.4970628748507683e-15,1.0
311.25,25.136600732803345,1.026364195840467,-0.02111364632557327,9.766069125791871,1.128666614888633e-05,-3.6773013603496424e-05,-0.00046375617042730455,-6.400518489475019e-18,-2.9937578811981023e-09,2.4970568317073326e-15,1.0
311.26,25.146838903427124,0.954974506143177,0.012315952952600353,9.804280353610844,-0.00014202654881510896,-0.00032274156778852885,-0.00038041422434889247,-1.3615240371871482e-17,-2.993753222708835e-09,2.497408703051173e-15,1.0
311.27,25.156623601913452,1.0357530008272497,-0.004343850424000903,9.763629766201403,6.020057008706189e-05,-0.0003683775661077435,0.0005913431269140105,-1.6379371630560318e-17,-2.9937561340349107e-09,2.4977132249355804e-15,1.0
311.28,25.16683077812195,1.014465250549455,0.02925043302613122,9.78031865054557,-0.0003031797438718628,0.00013505754913613032,0.0002949598258984297,-3.1354836124408603e-17,-2.9937552758377635e-09,2.4980908084469113e-15,1.0
311.29,25.177106618881226,0.9748704443255054,0.023219874674845906,9.808144784995706,1.4249635184813689e-05,0.0001676287608233358,4.2056086096215445e-06,-3.5055215128083526e-17,-2.9937544027150823e-09,2.498026627833877e-15,1.0
311.3,25.186673164367676,1.0107727056939761,0.0298243132231848,9.792231986344472,-0.0001631992160436896,-7.552635871121765e-05,-0.000306704362448962,-2.647686540772123e-17,-2.9937535387628794e-09,2.498864522142127e-15,1.0
311.31,25.196706533432007,1.0184622289986924,0.010451232567449315,9.801779481039814,-8.711956094928314e-05,-0.00023965668647779414,0.00029116563287420456,-3.1220142074508225e-16,-2.993754566097267e-09,2.4986060449686492e-15,1.0
311.32,25.20662021636963,0.9894476150329118,-0.007881430161767249,9.812383468393907,0.00032274249186124774,0.00029621265659622153,-0.00018075332245998108,3.6146352648882982e-16,-2.993755571338842e-09,2.4975155127212767e-15,1.0
311.33,25.216680765151978,0.9855574961429455,0.004747648682857216,9.773576183908101,-0.0002906832319934704,0.00030154195833466277,2.5217716611065097e-05,3.513553100103542e-16,-2.9937547012843126e-09,2.4971752334902434e-15,1.0
311.34,25.22712278366089,0.9806111258564988,0.01571624047483037,9.778256604952974,5.7460729098077284e-05,0.0003365707172853298,-1.88711262352766e-05,-4.388424130182951e-17,-2.9937538002499267e-09,2.4969557975662744e-15,1.0
311.35,25.23672604560852,1.0292137779974118,0.010301435311874515,9.797541358267537,-0.000154909686547105,8.925683025285881e-05,-2.50155985676099e-06,-4.4454000998272027e-17,-2.993752942516762e-09,2.497299353777695e-15,1.0
311.36,25.2468843460083,0.9996813478719394,0.0028836100404088334,9.805509065064754,2.3781782802483094e-05,0.00034468486050200585,-0.0003321850925894386,6.394963738091541e-16,-2.9937539516098597e-09,2.4978208797691283e-15,1.0
311.37,25.256648063659668,0.9939350041434225,0.028686112524710535,9.802089233027843,-0.0001602793023456885,0.00023220463955501717,0.00016676502100194157,-3.4439385446903106e-17,-2.993754978085757e-09,2.498811032606629e-15,1.0
311.38,25.26673650741577,1.0090511629717087,-0.013127017953781513,9.78991111658582,-0.00020312234866789788,-0.00024056068294950832,-4.166523215960514e-05,-3.174397774240775e-17,-2.99375411390054e-09,2.498974269134397e-15,1.0
311.39,25.27712845802307,0.9994215394714621,0.009021446342582494,9.815989075518916,-0.00016476901721318858,-0.00010154284876631245,0.00023532959974168285,-3.0649786994877674e-17,-2.9937532580460645e-09,2.4991880835744868e-15,1.0
311.4,25.28669762611389,0.9847436375131899,-0.026720664063156343,9.82589496874561,0.0002791102561717215,-9.371699273611947e-05,2.7307183665776965e-05,7.475255524687979e-17,-2.9937542694829932e-09,2.4991588312602514e-15,1.0
311.41,25.296661138534546,1.0046303216221975,0.03287131567945987,9.80724099665923,-2.8547822068269275e-05,-0.0001614937543096779,0.0001628436476803548,7.922777846613296e-17,-2.993753377073679e-09,2.4981158897316043e-15,1.0
311.42,25.30662727355957,0.9989085223887105,-0.03269269829698535,9.80592773975373,3.678663125218544e-05,3.475410271978745e-05,-0.000189551628687162,6.501295132377234e-16,-2.993752511030602e-09,2.4979554505663545e-15,1.0
311.43,25.316707849502563,0.9823071431542282,0.011863727911045362,9.79119441562684,-9.545743341048321e-05,-0.00018145441146006958,-7.207007236686563e-05,-2.7347515598786378e-17,-2.9937535113220117e-09,2.4977540638920173e-15,1.0
311.44,25.32705521583557,1.0171176822267316,0.0090972041877202,9.77790306036267,0.0003759176303395606,-0.00020881977654739034,1.2710888500854301e-05,-2.8438280247565255e-17,-2.993756435115765e-09,2.4977334321663894e-15,1.0
311.45,25.336698532104492,0.9983319339250969,0.014779781565558897,9.793558083303518,-8.714246313236426e-05,-0.00023019015920555455,-0.00031678824897353453,-2.5783773137591913e-17,-2.9937555582020037e-09,2.498098558673985e-15,1.0
311.46,25.346720695495605,1.0330680190379373,0.01567906315084614,9.79005386416267,-9.365882514923154e-05,2.6142134917462966e-05,6.001084297998926e-05,-2.9351627779102835e-17,-2.993754698654157e-09,2.4984500879292805e-15,1.0
311.47,25.35665535926819,0.9956761228404214,-0.04261858497435478,9.821575502770795,-8.209051259327734e-05,0.00014521357527729005,-2.6172012494995062e-05,-1.6700443566337317e-15,-2.993755704509828e-09,2.4978222993851464e-15,1.0
311.48,25.36666512489319,0.9982917862419135,-0.031171177850540396,9.784688874919826,3.711569712070804e-05,0.00027580681826781854,7.630067862488387e-05,-4.0462988129485476e-17,-2.9937529577445253e-09,2.49911771010004e-15,1.0
311.49,25.377086639404297,0.9850094798201694,-0.003722758674348678,9.790645886123675,-0.00018114566819124817,-0.0003301232188485831,2.2026115132426263e-05,-4.260514946982338e-17,-2.9937558172509246e-09,2.4994028802634056e-15,1.0
311.5,25.38674283027649,1.0074333502115316,-0.02023536544604852,9.811039372857463,7.692489447433405e-05,-0.00010505914232962645,-1.3561209194473899e-05,-4.798333838463944e-17,-2.9937549802782133e-09,2.5000583898678494e-15,1.0
311.51,25.396678686141968,1.0012879525170906,0.0036713152962825923,9.817090147362448,0.00016459247256882695,-4.898621630239784e-05,6.26226994821512e-05,-6.206314848809171e-17,-2.9937540932116203e-09,2.5008004873322194e-15,1.0
311.52,25.406647443771362,0.9995269827437416,0.022467946075116627,9.811064520994277,8.340691434925824e-06,2.4569594056489227e-05,-6.278228978819063e-05,-5.693445466092649e-17,-2.993753229828521e-09,2.501974942248751e-15,1.0
311.53,25.41683030128479,0.9888194692433514,-0.009218831945578139,9.809864503364919,6.755762712847474e-05,0.00027478765778789454,5.6814384028855955e-06,-5.2215986704202015e-17,-2.9937561393235002e-09,2.5019766065540097e-15,1.0
311.54,25.42715048789978,0.9861279079781174,0.006147253566470044,9.80714396010527,5.360696142410018e-05,6.479219439615472e-05,0.00020569289932558606,-4.752820837690485e-17,-2.9937552822154203e-09,2.502500806750015e-15,1.0
311.55,25.43666982650757,0.9796633803830748,-0.018749697201933226,9.816735299929032,-0.0001771762498381569,0.0001872486104878454,-0.0002131701658845148,-4.795555342046969e-17,-2.993754413479609e-09,2.5031685957486194e-15,1.0
311.56,25.446880102157593,1.0294216251853223,0.019205328576773106,9.76300093880422,-3.078218509141991e-05,3.531204992793471e-05,6.118301437944624e-05,-4.7144554750665424e-17,-2.993753527198462e-09,2.503666916577984e-15,1.0
311.57,25.45670747756958,1.0098619973663518,0.01716058318338571,9.77960534648862,-0.00021308749328588297,0.00010970604355585456,3.888151623325028e-05,-4.9095049170346367e-17,-2.9937526732043923e-09,2.504232732887561e-15,1.0
311.58,25.46674394607544,0.9553258754861171,0.0002957004610687822,9.789185506890082,9.608049023817302e-05,0.00027290460789676095,-1.8511853610543266e-05,-5.167509826868012e-17,-2.9937555481686627e-09,2.5046464900560466e-15,1.0
311.59,25.477015733718872,0.0033867749535210993,0.0018846715313988677,9.800647907997654,-0.00012133004429216091,0.0001460879319925166,0.00015130192572157267,-5.067444359817701e-17,-2.962181732744603e-09,2.5051470344449486e-15,1.0
311.6,25.486727237701416,0.001713338276373189,0.015268197350837898,9.795851288278111,-0.00029973329113381275,0.00014352910758568213,-0.0001306972333377491,-5.163860779356488e-17,-2.663245947065259e-09,2.5054053918968514e-15,1.0
311.61,25.496682167053223,-0.009773858792105223,-0.029853809820695226,9.785487311533299,0.00020179205501285883,-0.00012907114358801254,6.964648106325975e-05,-5.226458197755241e-17,-2.3928948296492827e-09,2.5055708768542827e-15,1.0
311.62,25.506736993789673,-0.0005340884901075148,-0.0061331733231452575,9.800179902176783,-0.00019867050101699947,0.00018480492862822252,-0.00010230522196880071,-5.289801663757268e-17,-2.1483998654642053e-09,2.5060629510811865e-15,1.0
311.63,25.516802310943604,-0.0020404044578400367,0.021758841923986912,9.779007333161065,0.00018187742931441794,7.943958456258376e-05,-6.840650157510467e-05,-5.280634148066954e-17,-1.9272713440060376e-09,2.5062107160419764e-15,1.0
311.64,25.52736520767212,0.03728128905477527,-0.012825416932884906,9.800279225122155,0.00019584364391908078,-6.0439896695925576e-05,-0.00014809965758816782,-5.556145478963859e-17,-1.7272923413709849e-09,2.506602777865248e-15,1.0
311.65,25.53664755821228,0.011785011535498985,-0.008325019205997123,9.839623999468078,-0.00022759570535915114,-0.00011573064259289039,3.9702086033065295e-05,-5.683286462253033e-17,-1.546431696894534e-09,2.5067772684122097e-15,1.0
311.66,25.546738147735596,0.0069344542301671246,-0.0154701411806512,9.803763468411082,-0.00010609293898479999,4.369627046727213e-05,9.389668564365817e-05,-5.73072092914183e-17,-1.3828704132482801e-09,2.506999354536238e-15,1.0
311.67,25.55662751197815,-0.03103791570112209,0.012579374906074315,9.79746577837855,-0.0002194651956029675,-6.864190484749083e-05,0.0002011621393120779,-6.704976462990955e-17,-1.2349448474222082e-09,2.5071143881763293e-15,1.0
311.68,25.566791534423828,-0.01548872784785973,0.00799996347629878,9.784549132997151,0.00018452363314440666,0.00022874680921259607,-0.00027875954344168494,-5.347175069602698e-17,-1.1011657597045145e-09,2.5074598781368044e-15,1.0
311.69,25.577401399612427,-0.013553986930005842,-0.0066993903132572495,9.833740150263548,0.00010034910088634862,-7.63436706640275e-05,-1.0856689560198965e-05,-4.9858324505493165e-17,-9.801801647280838e-10,2.5077792735164493e-15,1.0
311.7,25.586652517318726,-0.021619411918614984,0.010781393449691219,9.807249179087803,-1.5962118674098747e-05,0.00013229210228850506,-0.00013015337649087356,-4.848693786599585e-17,-8.707452173307846e-10,2.5080361094725466e-15,1.0
311.71,25.59670925140381,-0.0009870494593566413,0.004845938981782392,9.819240971315265,0.00024037982200796187,-0.00014498247576052846,0.00016462665608204442,-5.149065036200679e-17,-7.71792145093765e-10,2.5083050210386526e-15,1.0
311.72,25.606905937194824,0.010078720154101418,0.018178480981059317,9.81027603242345,-0.0002460185246997437,0.0003288155797005963,-0.00036456314229695074,-5.358288106695559e-17,-6.823016791061027e-10,2.508693767720589e-15,1.0
311.73,25.61683702468872,-0.010389864210870615,0.027959509892014123,9.796967666971575,6.271484478860269e-05,4.9387609502018273e-05,-0.00035894601324698696,-5.499795820547492e-17,-6.013680001729713e-10,2.5088351448576146e-15,1.0
311.74,25.62720036506653,0.00445117387855072,-0.011204267837730214,9.803260610526605,-0.00015304755065983464,8.79760612184701e-05,-0.00013659582531097604,-5.400003347016736e-17,-5.281687588153774e-10,2.5091914940428015e-15,1.0
311.75,25.636643409729004,-0.02664098916749113,-0.018321674214552313,9.795691750180612,-6.260654003826374e-05,0.0001500019409621523,0.00019038677630747383,-5.4420273206779113e-17,-4.619764760113042e-10,2.509594752965064e-15,1.0
311.76,25.646816968917847,-0.0005470272698540026,0.017610534519572646,9.777614327365393,0.00010906409031832854,-7.376569608398982e-05,-0.0004327831770999623,-5.3746229395902243e-17,-4.021051950586053e-10,2.509812617801534e-15,1.0
311.77,25.656603813171387,-0.008162089697942536,0.012071900988876116,9.797166414423986,0.000402675566519239,3.900074349713118e-05,0.00011420910364868664,-5.413718015780802e-17,-3.479561416371691e-10,2.5101754368439704e-15,1.0
311.78,25.666678428649902,0.05335139808046053,-0.0028505927923647397,9.79912538064954,0.0001160621355207023,-0.0003720280956859419,0.00022581444996562215,-5.598410142984538e-17,-2.989911733242039e-10,2.5104548285242155e-15,1.0
311.79,25.677163124084473,0.023689892225256914,-0.029829356603698835,9.773835333424584,0.00023191812908094996,0.0002076675168752385,0.00031706138495769896,-5.769675116539018e-17,-2.547024801139241e-10,2.5107193992613272e-15,1.0
311.8,25.686670780181885,0.017502220341952906,0.02289157623558893,9.82739033990573,0.00032106188035489915,-0.00014103567820332902,0.00012244626887208238,-6.158708413714574e-17,-2.1464308190429117e-10,2.51110335437455e-15,1.0
311.81,25.696703910827637,-0.015208487409950452,-0.016801107814707228,9.80209198399211,-0.0002796307807514694,-0.0001141367953504389,-0.000516350332938115,-5.802413497811346e-17,-1.7841870374487642e-10,2.5112207516316606e-15,1.0
311.82,25.70695972442627,0.006484534552666235,-0.03459304092242186,9.823848379538267,-1.736047115683089e-05,-0.00022542271231465547,-0.00046554354305483055,-6.003986520945905e-17,-1.4566174885903636e-10,2.5114374496477777e-15,1.0
311.83,25.71668243408203,0.014920420595112994,-0.005895805489240195,9.793422602119206,-0.00022511438413233792,9.093002242556681e-05,-9.336122540470018e-05,-6.008219943932328e-17,-1.1604251950308017e-10,2.5116144948986035e-15,1.0
311.84,25.72685694694519,0.003732072576596901,-0.003254038659132807,9.8115471473942,-3.732939480827618e-05,0.0001906622217126614,-0.00010278134911565799,-5.747224396523827e-17,-8.925406818073943e-11,2.5117488173297725e-15,1.0
311.85,25.73659324645996,0.003320844920697952,-0.0008589246586550647,9.791670987486532,-7.517732178223812e-05,0.00023170756953867853,0.00010060072318143809,-5.806169000793143e-17,-6.501978433228469e-11,2.5119814885405466e-15,1.0
311.86,25.746729135513306,0.022768402100687816,0.035723513386319794,9.801817228483669,0.00015437217393280897,-6.626909556020695e-05,-6.755280509379605e-05,-5.610650955769279e-17,-4.310091439843058e-11,2.5122565245144784e-15,1.0
311.87,25.756875038146973,0.004263614173356298,0.03576970857656823,9.814523970874253,8.75466045912939e-05,9.864171655346876e-05,0.0002549994559069443,-5.2447838162391035e-17,-2.328522344685063e-11,2.5125221410189066e-15,1.0
311.88,25.76675248146057,0.0024193840711414106,0.006751797982518611,9.810672087741507,-0.00018757087084554,-0.0003890421118872748,-7.984594541381123e-05,-5.268049597303172e-17,-5.368142400316584e-12,2.5127798540645303e-15,1.0
311.89,25.77709412574768,-0.004886833001352941,0.0006877268812645388,9.79381252276756,-0.00021604613266713573,8.397174822793889e-05,-0.00030821595813767573,-5.2856898976887275e-17,1.083975449285268e-11,2.5131123233032504e-15,1.0
311.9,25.78668451309204,0.006011719810317413,0.01307162801051811,9.829532624320061,4.74990763497006e-05,1.7649199390273663e-07,-0.0003028454410210934,-4.642433331207256e-17,2.5490146454240105e-11,2.5132180116921254e-15,1.0
311.91,25.796658992767334,0.05861732333965464,0.004720402527881811,9.797694825666158,0.00016479884219847021,-4.584043587249877e-05,0.00014792385015695837,-4.915280902717632e-17,3.875355601478855e-11,2.513588593553457e-15,1.0
311.92,25.80698847770691,0.026639861451478574,-0.010677663982181005,9.802671844478946,0.000175742009125442,-0.0002847071124195111,0.0004280007432457583,-4.782912475911603e-17,5.074747407480192e-11,2.5140957144514643e-15,1.0
311.93,25.816715955734253,0.011767090166127831,0.00608377608389995,9.812038933291515,-0.00026827884217047344,0.00015560570768098902,-0.0001261030390966192,-4.847958607352502e-17,6.158938005773993e-11,2.5143786999860146e-15,1.0
311.94,25.82677149772644,-0.011013263522524198,-0.010100854215165374,9.795596706761865,0.000102063266110795,-8.51046071069869e-06,0.000165919115400763,-4.9354119827448523e-17,7.139672622406687e-11,2.5144176708473348e-15,1.0
311.95,25.836661100387573,-0.021668394333548058,-0.0013850634688440675,9.825132125882375,-7.55156020634152e-05,0.000139078667983076,-0.00035742819327932085,-4.9762282629721066e-17,8.026806225615487e-11,2.514766104071231e-15,1.0
311.96,25.846982955932617,-0.026484194643631286,-0.023038586349535286,9.78243287744038,-0.00016419303923795377,-0.00012235572396625822,0.00023622557008888393,-4.776943259300739e-17,8.829053441837498e-11,2.5150439624885844e-15,1.0
311.97,25.85696768760681,-0.01760713296835728,-0.02494601563617052,9.798729814209471,0.00014572594589509378,-0.00016464882414818593,-0.00022249997037746523,-4.618082440516828e-17,9.554750099998187e-11,2.515276576405492e-15,1.0
311.98,25.86678433418274,-0.008564135335154514,0.013782948907209786,9.809307829702062,0.0002779934182993956,-0.00017817725016189948,-6.41517292055694e-05,-4.477094372673949e-17,1.0211101580408151e-10,2.515500581065881e-15,1.0
311.99,25.876996755599976,-0.031188998354418337,0.008346850360677874,9.812493854370391,4.6809505541212305e-05,-0.00017404044105792045,-2.85957565978287e-05,-4.5516600667384184e-17,1.0804546347069088e-10,2.515777822091807e-15,1.0
312.0,25.886681079864502,0.004584152164489229,-0.003680190145886601,9.814940118952258,-0.0003362519872711342,4.309417993457129e-05,-0.00022910698291309344,-4.4612291705032707e-17,1.134114797468731e-10,2.5161157027941638e-15,1.0
312.01,25.8966965675354,-0.004122875678414654,-0.02834972655780221,9.793665997571441,-8.925566200510114e-05,0.0002677616482655895,0.00021854149616144065,-4.475976367144073e-17,1.182659149646509e-10,2.51629927952838e-15,1.0
312.02,25.907119035720825,-0.0040046876159125725,0.006456051475406404,9.805926496227357,0.00018860597469852748,-0.0002763603567067903,-9.528834679309316e-05,-4.4713819545872597e-17,1.2265423636739253e-10,2.5164715014940593e-15,1.0
312.03,25.91666865348816,0.015673560048362633,-0.026933064469249562,9.802971551375117,7.996097935305074e-05,-2.2220925313430953e-05,0.00025785805016176414,-4.463959338866236e-17,1.266219131902238e-10,2.5167098872407585e-15,1.0
312.04,25.926897764205933,-0.012119572762986567,0.0018407960706605371,9.783383599655641,5.781747113774886e-05,0.00015141927435374642,0.0003987676459969427,-4.50529743735302e-17,1.3021443122859083e-10,2.517044851049653e-15,1.0
312.05,25.936720371246338,0.007908981992946791,0.016248823490110913,9.802861363055976,-0.00011412263249170123,2.757455671252703e-05,0.00014410058951039184,-4.487796495535528e-17,1.3345831130165205e-10,2.517275517481733e-15,1.0
312.06,25.946727514266968,0.011946498115174748,-0.005230883124284204,9.78995920061945,0.00017214820691629153,4.9155429879809835e-05,0.0004034275620816543,-4.4749146478878266e-17,1.3639524132917244e-10,2.5175620647818455e-15,1.0
312.07,25.9566547870636,-0.01271518727121196,0.01259521466864111,9.790034232459735,0.00017207403033311504,-0.00019331580911057468,0.00036018185127338165,-4.498069136020445e-17,1.3905174239003935e-10,2.517849124565724e-15,1.0
312.08,25.966758728027344,-0.007722269081588402,-0.014791678384977382,9.823932226043484,-0.00015527061558079684,6.293176330694457e-06,0.0001628084295207694,-4.2397338547083874e-17,1.414543519063676e-10,2.5179660058853415e-15,1.0
312.09,25.976919174194336,0.008206007547867294,0.009713799856850199,9.798128040577051,0.0002525040020110859,-6.508450683291125e-06,-0.00037121397990038415,-4.0683763566094555e-17,1.4362579266103593e-10,2.5182306640512316e-15,1.0
312.1,25.986583948135376,-0.011901711187124004,0.00953869797499689,9.775508136044465,-5.203538507308788e-05,0.00023417099550107276,-6.0884875685342484e-05,-3.986703760473581e-17,1.4558881317971392e-10,2.5182777029371922e-15,1.0
312.11,25.996716260910034,-0.0009646474924826039,0.03561852344044435,9.761495548631586,0.000176483941420783,0.0002329997746041442,-0.00022630280774763205,-4.0257398360655783e-17,1.4736993598225294e-10,2.5184923909994726e-15,1.0
312.12,26.006921768188477,0.004358867113234324,0.008970360843357976,9.813308495161959,-0.0003153484593568111,-0.00015965006623502016,6.646768103162008e-05,-4.200798976453517e-17,1.489767392768164e-10,2.5187482571067277e-15,1.0
312.13,26.016704559326172,-0.003094134193923716,-0.02151289909628037,9.78364037721668,5.323698648730247e-05,-7.794107291293003e-05,-0.0002821772121916387,-4.0355694735433786e-17,1.5043195891295283e-10,2.5189427285671357e-15,1.0
312.14,26.02688193321228,-0.006857349208411698,0.015542220056260034,9.785361215778295,-0.00018240865319620636,-0.00026896048536391936,0.0001181520591004078,-4.266394154335184e-17,1.5174317794627622e-10,2.5191968273134357e-15,1.0
312.15,26.036747694015503,-0.009389784320806034,0.007386247892511437,9.808920334354262,0.00025321971310381336,-8.784270928773719e-05,0.00010186406058737243,-4.2666625289941656e-17,1.5293314812742675e-10,2.5195069179500427e-15,1.0
312.16,26.046696424484253,-0.01963299025184927,-0.01541071888934241,9.796510537173242,0.0003424528109107894,0.00036779958434013914,-0.0001108573470027663,-4.285575777752703e-17,1.5400183448043092e-10,2.5197342051803234e-15,1.0
312.17,26.056743144989014,-0.013660550393181328,-0.006787003337690268,9.835264570908862,9.410714889775063e-05,-5.10979390828967e-05,-9.064320143002924e-05,-4.3646980842178306e-17,1.5497578759561003e-10,2.520066331393944e-15,1.0
312.18,26.066694736480713,0.018586829700465244,0.014422672155587322,9.809340553193241,5.706580453032175e-05,-8.298390949422971e-05,-0.00012037965364380214,-4.354934900980132e-17,1.558550088086817e-10,2.520458460748672e-15,1.0
312.19,26.076821088790894,-0.008498738052881776,-0.01931974545725655,9.812790551538102,0.00013334169496435794,0.0002941892477778582,-0.00013180634133979914,-4.359925287295676e-17,1.566508618152789e-10,2.5206651161326663e-15,1.0
312.2,26.086644649505615,0.0201998029631979,-0.007719602412075205,9.82530604746807,5.806552755847636e-05,2.6607668816182532e-05,0.00036865391644736156,-4.350081822219146e-17,1.573671278575785e-10,2.5209320753192044e-15,1.0
312.21,26.096697330474854,0.003941689770010693,0.01389564502577583,9.77820512291199,-7.788775676636222e-05,-4.623873977961076e-05,7.770783778475445e-05,-4.3018127676453337e-17,1.580151816796521e-10,2.521103399000655e-15,1.0
312.22,26.10689401626587,-0.0038417797219959487,0.012068179235301494,9.794257856387347,-0.00029040711459213267,-2.677020506186185e-05,-7.36627022189262e-05,-4.265475580618333e-17,1.5860260071013262e-10,2.5213331801924408e-15,1.0
312.23,26.11669659614563,-0.003155521012002244,0.0009517856308852583,9.784179496256314,6.793185565049444e-05,0.00021635708005285573,2.5975035173035824e-05,-4.1011386113474854e-17,1.5913320102586395e-10,2.521587018143695e-15,1.0
312.24,26.127016067504883,0.0015599456647967809,-0.010532283867870857,9.796032644591246,0.000140517448294678,6.416413404229757e-05,1.9303048212063283e-05,-4.1310005841573853e-17,1.5961830850119607e-10,2.5217094110172703e-15,1.0
312.25,26.13683557510376,0.014155673874582445,-0.02012195194972691,9.818336178764856,0.00012529370626453856,-3.532145583573705e-05,-0.00014381072180000984,-4.2143402660377385e-17,1.6005034933740438e-10,2.521859652762047e-15,1.0
312.26,26.14668607711792,0.006409167129775297,0.01846928469329441,9.812928485765847,-0.00029684071509134094,-0.0002682707683818172,0.0003376454549522909,-4.4251880762548467e-17,1.6044454339051934e-10,2.522054039525729e-15,1.0
312.27,26.15681290626526,-0.02111195661776857,-0.04211139522196394,9.829441489644667,-0.00016369515618120176,-9.074582561982938e-05,-2.52862758272931e-05,-4.5227365240851126e-17,1.607969902018423e-10,2.5223567213352386e-15,1.0
312.28,26.16678738594055,0.007242895411972447,-0.012168788534603223,9.80934636669685,-1.9130910123857163e-05,0.00022104159543490275,0.00023388155453653599,-4.420688815948072e-17,1.6111917394147517e-10,2.5226350220700957e-15,1.0
312.29,26.17689037322998,0.00244282831108647,0.019972398584855163,9.775268429889385,9.287346231039952e-05,0.00024125972337809155,-0.0004724865726949909,-4.4165445581837443e-17,1.6140722702973864e-10,2.5229036445703187e-15,1.0
312.3,26.18665885925293,0.0061356245161230975,0.02346748364946339,9.81774499794963,9.065437787771023e-05,-0.00031043986525825613,0.00018935524069831977,-4.2836545671749126e-17,1.616763046003497e-10,2.523276347189605e-15,1.0
312.31,26.196675777435303,-0.032511868670489386,-0.0143687754054533,9.80383767132094,-2.664811466764556e-05,0.00010774119341262364,8.854296045808478e-05,-4.314931591457895e-17,1.6191135385030815e-10,2.523501224082583e-15,1.0
312.32,26.207093238830566,0.004145218145470125,-0.0076482351958869245,9.803871278626675,-0.00013345519569355228,5.5629032896617375e-05,-0.0001642667335404949,-4.327258005014685e-17,1.6212361515523048e-10,2.523789531048352e-15,1.0
312.33,26.216705560684204,-0.01692009045635328,0.017097115938961953,9.804122303516811,0.00016767799864628053,-8.644253619721962e-05,-0.00030385378872095577,-4.413512035606333e-17,1.623206847561378e-10,2.5240294426327272e-15,1.0
312.34,26.226889848709106,-0.00711033556096545,-0.005568168632349291,9.812621498361676,0.00031443601584858186,0.00026642532582384575,-0.0003365551661722061,-4.380780460597026e-17,1.624912837318789e-10,2.524298825425614e-15,1.0
312.35,26.236746549606323,-0.004848908254354151,0.007805175742862829,9.793664589996169,-2.3695280306221243e-06,6.117594901354402e-05,-3.2850237955614576e-05,-4.429250830471966e-17,1.6265054183649412e-10,2.5245678900811492e-15,1.0
312.36,26.246798276901245,0.011463017847847649,0.014307282395181227,9.794466438434993,0.00011149652594657411,-0.00036173063827367767,-0.00012926841982834788,-4.540170285895067e-17,1.6279840410057124e-10,2.524864341966459e-15,1.0
312.37,26.25684905052185,0.00022994737486983484,-0.013496601192276168,9.770656881871966,-0.0002655036778087259,0.0001289501223777954,-3.5383970438211164e-05,-4.491253737535066e-17,1.6291968368902857e-10,2.5252013621761295e-15,1.0
312.38,26.267005681991577,0.0024670350837462892,-0.01678255122057963,9.795687391174154,-1.277625804085047e-05,-5.734596283406236e-05,-5.220681137412452e-05,-4.469044486377312e-17,1.6304096159300528e-10,2.5254102841011905e-15,1.0
312.39,26.276977062225342,-0.006731851649961095,-0.01808657891151436,9.809315036517518,-0.0001174671967558898,9.054485896354239e-05,0.003845780920475966,6.530735413903522e-14,1.631527860559546e-10,2.9964672449102684e-06,0.9999999999955106
312.4,26.28671145439148,-0.02395302751065922,0.010141047477275681,9.794572973810965,6.831831360643851e-05,0.00010561681960000822,0.02397179154715696,1.1704502754908328e-12,1.632514953994456e-10,7.797879694356938e-05,0.9999999969596536
312.41,26.2967312335968,0.015985410021671434,0.04361209815418083,9.807514555216242,-0.00015281877067120582,-0.0003111653331353857,0.044232915093305146,3.4740182505271148e-12,1.6334373729593116e-10,0.0002529611540565591,0.9999999680053288
312.42,26.307148933410645,0.02209416924436774,0.07695891769086814,9.812849246733391,7.384030942818045e-05,-0.00029639022876110603,0.06436751343723252,6.866550410336716e-12,1.6342363172076954e-10,0.0005279438110513028,0.9999998606376566
312.43,26.316710472106934,-0.02368457143203397,0.0993645258929721,9.80913710284437,0.0003800123781376102,-1.1979963824506558e-05,0.08363291596837215,1.123734858834972e-11,1.6351010467356123e-10,0.000902926015715871,0.999999592362222
312.44,26.32722806930542,0.0030486064482063476,0.10837716182999078,9.785404930798357,-4.023463701597998e-05,0.00022201286975949403,0.10397267094524242,1.6491262520831786e-11,1.635908719164441e-10,0.001377907997633826,0.9999990506843244
312.45,26.336873054504395,0.01804444301487233,0.12913021927637794,9.807742663207957,-0.0003527328662259072,-0.00020359473640915013,0.11992877455172203,2.247807209750867e-11,1.6367251861393196e-10,0.0019498898866930885,0.9999980989629079
312.46,26.34679913520813,-0.028537961685876155,0.11543587759747491,9.780400731726832,-0.0003056325140895979,1.0990431306471669e-05,0.1201137474661878,2.8146602497856573e-11,1.6375801451373987e-10,0.0025498726465850103,0.9999967490694588
312.47,26.356999158859253,-0.005188671349996418,0.1292621988042143,9.809963175507505,-0.00036350734545176794,-9.25342072695254e-05,0.11993505698040442,3.326257541154446e-11,1.6384298039013776e-10,0.003149854492780307,0.9999950391960324
312.48,26.36709976196289,0.0055384488700624184,0.1198422016413446,9.83409291498797,-0.00018751657147088934,0.00013268493481378253,0.12002649473729717,3.7878271438771894e-11,1.6393229186891255e-10,0.0037498352105723937,0.9999929693432317
312.49,26.376938343048096,-0.019651354819408207,0.12124440927497325,9.803581030220771,4.887225144034448e-05,-3.83510464483766e-05,0.12405684105882282,4.211057346376346e-11,1.6401621854045274e-10,0.004352814157808129,0.9999905264595799
312.5,26.386625051498413,0.01688136007597443,0.135423904825935,9.815552346040072,-0.0003755156677283513,-5.0222362693449514e-05,0.1437959540555265,4.6975032143754145e-11,1.641056983579085e-10,0.005027789033435944,0.9999873605888403
312.51,26.396697998046875,0.007351444593786633,0.18167092609403687,9.795326268403297,-0.00010296869120632204,7.966383289097216e-05,0.16392711808691562,5.2671693896411325e-11,1.642144196507569e-10,0.005802759968864677,0.9999831638466438
312.52,26.406972408294678,-0.009516551881844118,0.15817195132081385,9.816811834531263,1.0309700272011938e-05,-0.00011018729507928518,0.18396690589226664,5.911971401089281e-11,1.6434206231010607e-10,0.006677725232365114,0.999977703744299
312.53,26.416669130325317,0.007055275597213673,0.23495330744545284,9.797916899449815,8.611045930798362e-05,0.00016875992778835335,0.203801232434195,6.62451868616255e-11,1.6449237293448064e-10,0.007652682508261123,0.9999707177964902
312.54,26.426911115646362,-0.008556866246592116,0.22534546329741947,9.786226639627778,8.834003075776359e-05,-0.00047046044109856297,0.22407045644016513,7.39806248716642e-11,1.6467116788161928e-10,0.008727628765667258,0.9999619135227745
312.55,26.436734914779663,-0.0015351734205001116,0.2508239907019113,9.788812825317484,0.00021857704383990793,9.53419071456162e-05,0.24410966180062293,8.226799538988455e-11,1.6487499110327163e-10,0.00990256011237238,0.999950968449564
312.56,26.44673728942871,0.013343151214416458,0.27187101087182103,9.776564180239635,0.0001376370345187605,-0.00012958364004688277,0.2640895873662775,9.105042455778028e-11,1.651193824489621e-10,0.011177471633553177,0.9999375301126971
312.57,26.456668853759766,-0.020340915647215713,0.27827757473741616,9.77661358697987,-0.0002588468937896655,6.325226972065713e-05,0.2838322576079505,1.0028078013369343e-10,1.6539930613329813e-10,0.012552357215858626,0.9999212160607083
312.58,26.466821908950806,0.03703752811370411,0.266945501441204,9.790307107889332,-8.363280574007327e-05,-0.00025406156986159366,0.30404265229986605,1.0991624069330053e-10,1.6572485506445147e-10,0.014027209355763159,0.9999016138589284
312.59,26.47687268257141,-0.029374345773988255,0.31796079402170785,9.807179614405168,7.980340714038383e-05,-0.0001774402065111771,0.32405301963925043,1.199124302804975e-10,1.6609859356770595e-10,0.015602018953653263,0.9998782810945389
312.6,26.486635208129883,0.007808004078958677,0.37160462261070587,9.79572234952505,0.00014561241700710562,-2.649324440311625e-07,0.34388393199323974,1.302345654746258e-10,1.6652693030669473e-10,0.01727677509235024,0.9998507453827338
312.61,26.496833562850952,-0.031224112496570755,0.36135751511263825,9.830111310994363,0.0002807023220828391,8.88178064029611e-05,0.36443267865743906,1.408480545327989e-10,1.6701060727630021e-10,0.019051464787517867,0.9998185043743939
312.62,26.506808042526245,0.010150548050872614,0.40793539944916873,9.78017941057961,-0.0001916717132719418,0.00012361141386111962,0.383536048541198,1.5172308153902856e-10,1.6755608003362743e-10,0.02092607271836336,0.9997810257654353
312.63,26.516704559326172,-0.01359920218621637,0.40881601410240964,9.815383633038769,-0.00011697641479635476,0.00022631435764180176,0.4040311622559099,1.628363719062469e-10,1.6816993051658365e-10,0.022900581023450377,0.9997377473061565
312.64,26.527141571044922,-0.012116862185250864,0.40933297164560173,9.792750355935835,0.00010736467338097621,-0.0001860756621874275,0.4240011596148601,1.74161500453482e-10,1.6885101105023583e-10,0.02497496899075844,0.9996880768139182
312.65,26.53672170639038,-0.011181758474865317,0.4269300601086285,9.818836085318233,0.0002089799624216864,-0.00017918279846832277,0.4440465435573639,1.8567292427336414e-10,1.6960385083080958e-10,0.027149212759463744,0.9996313921874109
312.66,26.546740531921387,-0.0009135566172207444,0.47050651048194186,9.777513774946907,0.0001294252860285994,-6.624603141219015e-05,0.4643116656870047,1.9735359122443063e-10,1.7043308982389065e-10,0.029423285008903073,0.9995670414230778
312.67,26.556629180908203,0.009227137527391486,0.4613676433016647,9.788161673762545,0.0003479562715687057,0.00019176564912090993,0.4842602439911377,2.091843933139174e-10,1.7134898096971948e-10,0.031797154632888756,0.9994943426339401
312.68,26.5668785572052,-0.013198968779013819,0.5427462802105149,9.820013180318462,-4.8104369113114204e-05,-1.6645678493997477e-05,0.5039632319944861,2.2114809500343285e-10,1.723541597185195e-10,0.034270786398865216,0.9994125840710649
312.69,26.576897621154785,-0.014217129034550779,0.5162448260057517,9.80265213272704,-0.0001370036514955357,1.7621701890413215e-05,0.5237356074696154,2.3322855564623253e-10,1.734474534728217e-10,0.03684414059244461,0.9993210241478981
312.7,26.58661937713623,-0.019265602695550825,0.5319129381176357,9.7834165394602,2.588907152065912e-05,-6.634733913178188e-05,0.5441989955617753,2.4541263121948654e-10,1.746371996128823e-10,0.03951717264684975,0.9992188914677299
312.71,26.596896648406982,-0.016972028788914142,0.5491374829392187,9.78150133133767,-8.578420490575507e-05,-0.0001765791958612174,0.5640627817317982,2.576868462630194e-10,1.7592596199693852e-10,0.04228983275767704,0.9991053848545346
312.72,26.60683274269104,-0.002731974805169167,0.6028617707446575,9.802482834459129,-6.988665685299845e-05,5.313860192194289e-05,0.5842012660108314,2.7004214837028637e-10,1.7731834255380166e-10,0.04516206548284508,0.9989796733874635
312.73,26.616647243499756,0.0035446557995030474,0.5683203686442002,9.794224696184346,-2.9262091687611644e-05,8.440452890720787e-05,0.6038092618330785,2.824667318177651e-10,1.7882062524095823e-10,0.048133809327609384,0.9988408964392744
312.74,26.62696409225464,-0.017063346649122492,0.6087761971576383,9.803444163733912,5.973529876177851e-05,-0.00021233561492210845,0.6238970118732058,2.949510015190647e-10,1.8043157262106646e-10,0.05120499631512254,0.99868816371897
312.75,26.636820793151855,0.003187135123663251,0.6458108170787771,9.77341761415574,-0.0001024741232886352,-3.655433270369549e-05,0.6438661609086067,3.0748343256837707e-10,1.8216305911254726e-10,0.05437555154209017,0.9985205553189647
312.76,26.64671754837036,-0.00555921857550631,0.6678319747141249,9.815093857378056,6.645993345412347e-05,-6.849157576217162e-06,0.6636077053554067,3.200579994149466e-10,1.840138988987703e-10,0.057645392719789086,0.9983371217670819
312.77,26.6566481590271,-0.015462931718962243,0.6731118886659062,9.827668329217072,0.0003170831131116121,-0.00016341984723556964,0.6839798448702498,3.3266901051382287e-10,1.859885858647026e-10,0.061014429700525084,0.998136884083701
312.78,26.66680884361267,-0.009330526700162118,0.71226774684236,9.785545658441269,3.427901224817957e-05,-0.00016065420534350084,0.7039966082460014,3.453056808269757e-10,1.8809312726785517e-10,0.06448256398943891,0.9979188338443903
312.79,26.67695951461792,0.0025180899843252414,0.7324491767856842,9.799614837286857,-5.3267680579688346e-05,-0.00026384257526019996,0.7240316193162911,3.57963376999677e-10,1.903281691703312e-10,0.06804968824199108,0.9976819332483514
312.8,26.686626434326172,0.040985429116761216,0.724093864293659,9.80305509123822,-8.067222762024283e-06,0.00028080625067108944,0.7440111875478357,3.706367826869832e-10,1.9269995599034248e-10,0.0717156857467921,0.9974251151930491
312.81,26.696805715560913,0.01279392613838397,0.7425352060812962,9.817554532482847,-0.00018766792540872055,8.128425670550926e-06,0.7638777678868777,3.8331774187492774e-10,1.952145130985723e-10,0.0754804298942639,0.9971472833553613
312.82,26.706949949264526,-0.019680119852580086,0.7903519383315128,9.783779238035626,-0.00033347171485024015,9.518404156011374e-05,0.7841759965563088,3.960018362834982e-10,1.978723506743287e-10,0.07934378363078416,0.9968473122796446
312.83,26.71669626235962,-0.004807768420865938,0.7888102206624993,9.79726543018316,-8.992886506962764e-05,-2.4825783175056908e-05,0.8040069345682941,4.086852597658716e-10,2.006777763000471e-10,0.08330559889870574,0.9965240474730792
312.84,26.72692561149597,0.013975987285757899,0.7995776958155901,9.822487690381221,-0.00031141829653483883,-0.00034210965153555305,0.8239806493407856,4.2136518701613763e-10,2.036389935635658e-10,0.08736571606236614,0.9961763055086735
312.85,26.736703157424927,-0.014936943686868697,0.8465469604843984,9.811041353658746,2.048589689065843e-05,2.158698005952572e-05,0.8436121163881519,4.3403084719239857e-10,2.0675011727370524e-10,0.09152396331975297,0.9958028741363647
312.86,26.746713161468506,-0.010544999405604029,0.8774765055529511,9.796965230951253,7.892142431476416e-05,0.0003651474745241684,0.864128343215736,4.466827655129014e-10,2.100271675963029e-10,0.09578015610061502,0.9954025124025666
312.87,26.756781578063965,-0.010237434800428066,0.8794421538372837,9.78906750995457,-0.00026112023655240423,-4.3709546173789624e-05,0.8838531560090874,4.593143157786606e-10,2.1346448878548348e-10,0.10013409645021543,0.9949739507786618
312.88,26.766817569732666,-0.03282610924131694,0.9053915539928118,9.767271974563219,0.00041691416536835703,0.00014058809619152315,0.9036812141631275,4.719221114114532e-10,2.170738518391468e-10,0.10458557239997242,0.9945158912987616
312.89,26.777093648910522,0.026293692507702762,0.9011368383173541,9.789420959175374,0.0001219200861292806,-7.452080950187035e-05,0.9238501097704038,4.845050892154293e-10,2.2084443848193905e-10,0.10913435732409328,0.994027007707264
312.9,26.786691427230835,-0.008181199668371381,0.9433612558400456,9.797744073697611,3.936471994934905e-05,8.000764436751286e-05,0.9441275790991243,4.970534812740918e-10,2.2479865434268637e-10,0.11378020928264063,0.9935059456166322
312.91,26.79677176475525,0.01399095789127823,0.9270146790061511,9.790701248073864,0.00011939882349370103,0.0006120392505610294,0.9637464932314604,5.095710269944795e-10,2.289337406219845e-10,0.11852287035168949,0.9929513226757879
312.92,26.806775093078613,0.03939368448511339,0.9892545304348298,9.85477860107863,5.9284684715430754e-05,-3.539335112504469e-05,0.9838356647498206,5.220474593789388e-10,2.332433514027878e-10,0.12336206593996986,0.9923617287496644
312.93,26.81666922569275,0.010436284657932062,0.9916346163896981,9.832315474321648,7.207890598589844e-05,0.0002476976885828699,0.9998927716995426,5.34416135100262e-10,2.3772695998313603e-10,0.1282945292828905,0.9917361109468998
312.94,26.826861143112183,0.026599755945737567,0.9868363583525062,9.800991089798277,-0.00038815468594667157,0.00028261518161507227,0.9999875439733525,5.457174877145874e-10,2.422139620263073e-10,0.13325157314741556,0.9910822459582953
312.95,26.8367018699646,0.006181665283733019,0.9834247070125002,9.77228074275191,-0.00011853989398251575,-7.68507782398555e-05,1.00000865092885,5.557927991299109e-10,2.4664046624062414e-10,0.13820528582948094,0.9904036040770406
312.96,26.846770524978638,0.009785965237696957,0.9729672429641896,9.838801100111262,0.00022816860108648555,-0.00013117053141515142,1.000133142760134,5.647562612108488e-10,2.5100452161329433e-10,0.14315554348513052,0.9897002022680792
312.97,26.85700225830078,-0.0017437093087465817,0.9895936262468942,9.78290082947187,-0.0001056035475614888,9.640055337932037e-05,0.9995941041752712,5.727209245854101e-10,2.5530828241813763e-10,0.14810222235683554,0.9889720581153779
312.98,26.866763830184937,0.03188057379045106,1.0009913870829366,9.806571365318424,0.00011782961349771244,-0.0001379744859649301,1.0001939703882115,5.7976962568249e-10,2.595533503676555e-10,0.15304519877635436,0.9882191898215225
312.99,26.876927852630615,-0.02283137277906562,1.011499682181238,9.785185725407244,-0.00017673056256787978,-2.7648762541785178e-05,0.9998947856251021,5.859938713069947e-10,2.637386990576825e-10,0.15798434916810625,0.9874416162072216
313.0,26.886584043502808,-0.006210501128365731,0.9542167191715791,9.839733794926804,-0.00015970474737233328,0.00021026654641279882,0.9998116704952938,5.914680078612508e-10,2.6786419837372196e-10,0.1629195500520017,0.9866393567108771
313.01,26.896843194961548,-0.015691855460030945,0.9493285955896965,9.827588047910918,-0.00019732509376834046,0.00016957195873122628,0.9999053427306926,5.96271595729953e-10,2.719340241843568e-10,0.16785067804666695,0.9858124313880781
313.02,26.90695333480835,0.004073403190417822,0.9921723402272726,9.810503569552061,0.00031795295961183903,-9.068393483854461e-05,0.9997998612231905,6.004597818928434e-10,2.759497146275566e-10,0.17277760987253835,0.9849608609110988
313.03,26.91671085357666,0.0385374171440316,0.9726270591679048,9.834836595457936,0.00015521530385185245,-9.481924201717976e-05,1.0000216133682849,6.040908792666612e-10,2.7991255015551084e-10,0.17770022235487454,0.9840846665683944
313.04,26.926827907562256,0.015111909633819509,0.9958766285777444,9.80886400696923,0.0004111519113969126,-3.408736896823221e-05,0.999990016201106,6.072182845519551e-10,2.8383173869469125e-10,0.18261839242676986,0.9831838702640835
313.05,26.936785459518433,-0.011548642727407757,0.9830372494989948,9.788495573938407,-0.0003424527276295626,-0.00014281990655367068,1.0001103940713205,6.098891159544857e-10,2.8769339692298667e-10,0.18753199713258978,0.9822584945173354
313.06,26.946755409240723,-0.004235225214402512,0.9564214581890277,9.806079265115644,-0.0003231608792028159,0.00012501070220042172,0.9997820797418486,6.121468262651295e-10,2.9150878257910945e-10,0.19244091363054436,0.9813085624619003
313.07,26.95672345161438,-0.008205103120306029,1.0215676618523715,9.81011427554501,-8.983514711040102e-05,-0.0002770299391786393,0.9998602643537671,6.140251529526134e-10,2.9527848706227145e-10,0.1973450191960314,0.9803340978454835
313.08,26.966875314712524,-0.0019211869892100356,0.9774442494273966,9.819509754560174,-0.00037391499862554737,-0.00023787972413046648,0.9997634158604342,6.155608781980853e-10,2.9901023938677805e-10,0.20224419122474457,0.9793351250291439
313.09,26.976829528808594,-0.020130077494016768,0.996239581096286,9.81600403189024,-0.00019880660661285163,4.3927747409716875e-05,1.0002810422017103,6.167859457092395e-10,3.0269601391980436e-10,0.20713830723561974,0.97831166898671
313.1,26.986625909805298,0.006179307211445674,1.021440909156377,9.810102302819045,0.000131745628288081,-0.00010892454024186404,0.9999707602132285,6.177301826768169e-10,3.0633956670078113e-10,0.2120272448739149,0.9772637553041538
313.11,26.996702194213867,-0.0032021485650997107,1.0010717681834873,9.785086822179004,-0.0002542324010434286,-0.00017678289468114875,0.9998137247206484,6.184173506959926e-10,3.0995165486026855e-10,0.21691088191425234,0.9761914101789573
313.12,27.006710290908813,0.01508621189983737,1.0015607505119415,9.80459772231797,-0.00015996250664150908,0.0002461008006023756,1.0000502764894494,6.188711824250798e-10,3.1352033337119727e-10,0.22178909626390456,0.975094660419408
313.13,27.016679048538208,-0.0020378458379543955,0.9698903827674318,9.778461864335473,-0.00019728837798901314,9.412830711219122e-06,0.9999272509080549,6.191126480186739e-10,3.1705667132140763e-10,0.2266617659654114,0.9739735334440259
313.14,27.027754068374634,-0.005563099907837899,0.9864032224433703,9.809341167653544,0.00016648508531028048,-4.075259106373098e-06,1.0001892652320825,6.191612356261023e-10,3.205582867710992e-10,0.2315287691999696,0.972828057280806
313.15,27.03675103187561,0.011076232940320938,0.9702027534766917,9.779912450376866,0.0002909338058300049,-7.989579130479932e-05,0.9999299840416205,6.190301649292635e-10,3.2402947053626304e-10,0.23638998429048483,0.9716582605665144
313.16,27.046753883361816,0.021511753001422985,0.9897048935100957,9.81788360674788,9.482065735363629e-05,0.00039224130244220977,0.9998231820076336,6.187420511244415e-10,3.274692555301301e-10,0.24124528970427073,0.9704641725460567
313.17,27.056678533554077,-0.017922480760554454,0.9952859990854608,9.812706811255492,4.897442255045079e-05,-0.0003299893893923129,1.0001925661420685,6.183067889405257e-10,3.3088175382248737e-10,0.24609456405641825,0.9692458230716713
313.18,27.06677746772766,0.003212338832918089,0.9989859912441083,9.783993915723869,-0.00012108714721621464,2.8748091741553038e-05,1.0000604266913098,6.177358505223936e-10,3.342659006442379e-10,0.2509376861129217,0.9680032426021582
313.19,27.07693362236023,0.016391123704687798,1.0090121017773674,9.766198065577465,0.0001745539827085032,0.00018803959192178603,0.999765529547283,6.170422178919765e-10,3.3762305406896327e-10,0.25577453479306106,0.9667364622022867
313.2,27.086685180664062,-0.0012704460518123053,0.9939267761595503,9.821894709892051,2.9261287016637006e-05,0.0003665938375109191,1.0001772484000697,6.162385763113185e-10,3.409568988200758e-10,0.260604989173357,0.9654455135417817
313.21,27.096916913986206,0.01592742949584252,0.9980519863581553,9.782621898132827,0.00010700191558982527,0.0005381051862016756,1.0004087343263512,6.153309070871839e-10,3.4426553056418576e-10,0.26542892848989635,0.9641304288947141
313.22,27.106736421585083,0.012049544376807952,1.0034415553317606,9.81121122000119,-0.00012206518740945845,-2.8235969965037822e-06,0.9997538076313691,6.143283623039512e-10,3.475480328885721e-10,0.27024623214146276,0.962791241138671
313.23,27.116713047027588,-0.00035891109761878887,1.0142810086291898,9.81831635353034,-0.0001770051585849095,-0.00015833595965565183,1.0001425835000328,6.132389528981217e-10,3.5081126904966747e-10,0.2750567796928125,0.9614279837538637
313.24,27.12732481956482,-0.02785735105109007,0.9913982569066602,9.79025481947955,-1.773361927899143e-05,0.0004003657081964276,1.000060156431731,6.12070262491352e-10,3.540542362859285e-10,0.2798604508774346,0.9600406908223625
313.25,27.13680148124695,0.0030794698315277816,0.9987067196509541,9.773133821230983,2.2069537371028705e-05,0.000354390750926809,0.9997021738887509,6.10826387720943e-10,3.5727315556418266e-10,0.2846571256008131,0.9586293970271739
313.26,27.146694898605347,0.020486882446858427,1.020030240942995,9.824405720860137,0.00013808328313706566,-7.968438692801735e-05,1.0001775591244366,6.095155529574641e-10,3.60475352811097e-10,0.2894466839429808,0.9571941376515071
313.27,27.156675815582275,0.038376120867859784,1.003975071670283,9.802408993045475,0.00012672154613122281,-0.00016600918186557254,1.0000973136642233,6.081425883326487e-10,3.6365743267191827e-10,0.2942290061618955,0.9557349485777861
313.28,27.166852951049805,0.017067123830738207,1.0200687888469913,9.784271607046485,0.0004490381907852229,-8.654600218218905e-05,1.0001191136647278,6.067100390846683e-10,3.6682133159377853e-10,0.29900397269636053,0.9542518662867755
313.29,27.17701029777527,-0.014278113226602017,1.0008702254820168,9.812726992156065,-4.102611214274809e-05,-0.0001251891080301451,0.9998627359691891,6.052243802010484e-10,3.6996831922576125e-10,0.30377146416891826,0.9527449278567016
313.3,27.186593055725098,-0.011557935114119991,1.0236710303392964,9.808988259179594,-0.00025378282531228713,4.199988372269003e-05,0.9999356713381905,6.03686704700312e-10,3.7309809182752167e-10,0.3085313613890536,0.9512141709622587
313.31,27.196717739105225,0.035667535024698174,0.9749483610485933,9.81369189996582,-0.0002818127344762702,-0.0001903191675951396,1.0001375981041378,6.021049504113329e-10,3.762125668785517e-10,0.31328354535587644,0.9496596338737645
313.32,27.206969499588013,-0.03237471171317313,0.9897049466349552,9.804004693363096,0.00029069260587271593,-0.00016034526228157308,1.0002946018163617,6.004781867124787e-10,3.7931077374237967e-10,0.31802789726071423,0.9480813554563388
313.33,27.216692447662354,0.02843620037714784,0.9871355434240815,9.798465763695852,0.00017877470031731166,0.0002056553415642176,1.0000582128880262,5.988087231026939e-10,3.823931056426977e-10,0.3227642984917618,0.9464793751683768
313.34,27.22701668739319,0.008275247165903795,0.995694206042566,9.792259735009148,-4.600443355460862e-05,-0.0002652815385276524,1.0000385570435861,5.971035601447184e-10,3.854592342393856e-10,0.327492630634436,0.9448537330614389
313.35,27.236753702163696,-0.014188243765623162,0.9905758483423026,9.794046212625043,-0.00016525282530118585,-9.700322112706208e-06,1.0000421880149928,5.953609314182294e-10,3.8851033438425557e-10,0.33221277547718864,0.9432044697782889
313.36,27.246764659881592,-0.01219513585588034,0.9881222087715367,9.78296514823236,0.0002603721631016435,-0.00047466561239440194,1.0002065129726867,5.93583477018024e-10,3.915486322121592e-10,0.3369246150113424,0.941531626552958
313.37,27.256920099258423,0.0027224431789378556,0.9925182067865872,9.812679518163112,9.741615809238912e-05,-0.00020593951932330878,1.000372482248871,5.91773788903366e-10,3.945689161113507e-10,0.34162803143781467,0.9398352452083948
313.38,27.26676058769226,-0.00048149096612752477,1.0118659764633717,9.816053875632022,-0.0002818491312245473,6.220921254502719e-05,0.9997680713648083,5.899264639845567e-10,3.97559045176788e-10,0.346322902730251,0.9381153697944049
313.39,27.277005434036255,-0.022375453431400922,0.9669043145546281,9.805741121027312,0.00016443459415711354,0.00012188114415794225,0.9997026818242449,5.875241414199073e-10,3.9965983284096966e-10,0.35100805347455993,0.9363724400023745
313.4,27.28657579421997,-0.0019186835699747246,0.9655172517151193,9.784656415448746,-0.00024464954855124907,-0.00024311978612964153,0.9981753075363552,5.842339477538066e-10,4.0063562652406226e-10,0.3556799747098942,0.934607808436442
313.41,27.296798706054688,0.01983896050098192,0.9655574939650577,9.77794616866676,-0.00016131049817467668,5.269079852519814e-05,0.9959659759264035,5.799925941860615e-10,4.0079605454811997e-10,0.3603348327959868,0.9328230315948938
313.42,27.306734561920166,-0.005082822091367568,0.9207336599069763,9.78708667074447,-2.2450931925793335e-06,1.1540592260674342e-06,0.9931110518790498,5.747385326722412e-10,4.004355767938291e-10,0.3649687846212454,0.9310197561019267
313.43,27.316633224487305,0.026268418527187684,0.9023462716527009,9.786248135600745,2.9991263670972393e-05,-0.00023215463083661026,0.9888467591679826,5.684104187072702e-10,3.9981559905374107e-10,0.3695779806380296,0.9291997181594042
313.44,27.32698392868042,0.02611968116259046,0.8608398287417528,9.791111058859611,-6.130401993396882e-05,0.00016925982798515442,0.9846687777535488,5.60960926826399e-10,3.99161739429203e-10,0.3741585613272948,0.9273647453863495
313.45,27.336958408355713,0.0027284521515546986,0.8199352417436817,9.81274318451855,-0.00018667971539680766,-7.967324044839226e-05,0.9794167183699517,5.523344663020089e-10,3.9869265813607056e-10,0.37870666920539553,0.9255167522521432
313.46,27.346704244613647,-0.017268391711396634,0.7953280369657582,9.804474215889035,-1.0407499254272322e-05,4.622212757086164e-05,0.9727353612848513,5.421229620574733e-10,3.9899519107219187e-10,0.38321828968307586,0.9236578059283526
313.47,27.356688976287842,-0.04768749406510178,0.7802898657500676,9.824202782612758,0.0002152021116776887,4.885365473414753e-06,0.9653889474306415,5.305406818039143e-10,4.010810415926018e-10,0.3876893235454087,0.9217900999733635
313.48,27.366853713989258,-0.051923535268513274,0.7992791636587255,9.810411368120539,7.558802442321079e-05,-0.00020336280617488004,0.9588890996932016,5.192228953271383e-10,4.0416556787978443e-10,0.3921194725858501,0.9199142999317897
313.49,27.376835346221924,-0.0017049987924642324,0.8135256509623513,9.796894470376184,-0.00022959713249189683,5.648651214465517e-05,0.9522174856885176,5.081939349202115e-10,4.080815093645467e-10,0.3965096051066593,0.9180305730519878
313.5,27.3866229057312,-0.030532324056033292,0.8049651580007652,9.7609670910353,-0.00016039976939099678,-2.9833914806421516e-05,0.9462019229614526,4.974632121931129e-10,4.1269084593604703e-10,0.40086059702214605,0.916139062454521
313.51,27.396958589553833,-0.0075346165084247164,0.7687559909843908,9.803990102862905,9.849944712999734e-05,0.00013913779159164887,0.9394219034432126,4.870343465553145e-10,4.1786345447987723e-10,0.4051733253401434,0.9142398899811855
313.52,27.406760692596436,-0.04473015562357525,0.8112417654527034,9.789241933421836,0.00040873822952511844,-0.0002221680842609139,0.9335690252490201,4.769199557101028e-10,4.2348058842872515e-10,0.40944867384570466,0.9123331537799082
313.53,27.41675305366516,-0.030236063373863708,0.7421347053949451,9.779515905338515,0.0001753197519809432,0.00014660201767901045,0.9276512936562727,4.67122705663097e-10,4.294390091836932e-10,0.4136875287555654,0.9104189302470117
313.54,27.427415370941162,-0.02805725177322367,1.0572306620849095,9.749486706246753,-9.24170505462222e-05,0.00022073722296394942,0.9269079698132795,4.620258391466499e-10,4.45128668257082e-10,0.41789797328448564,0.9084939647156273
313.55,27.43674659729004,-0.020753675154868895,0.9765740474565091,9.784166096076135,0.0002130636365591529,0.00013296324598644673,0.931519989140792,4.64924675615605e-10,4.6236497833585855e-10,0.4221163865664455,0.9065416461432355
313.56,27.446728944778442,-0.017241650133099095,1.0118904570718248,9.807160745819456,0.00031727659566932475,-9.609745302471313e-05,0.9343220079116912,4.712295023743037e-10,4.6300763689993496e-10,0.42634021467999883,0.9045628896581003
313.57,27.456830978393555,0.02846078525135226,1.0097688849537034,9.803853415159463,9.922760630183798e-05,0.0001432815585572629,0.9375685731334537,4.784375848012593e-10,4.629399322171951e-10,0.43056839370479105,0.9025579528996883
313.58,27.466718196868896,0.012822643735884607,1.0544672766295975,9.792138849626,-0.00023641947652383144,0.00036000635587635763,0.9412366278063223,4.865187594028899e-10,4.6211248230951857e-10,0.4348035053665341,0.9005253531805611
313.59,27.476755142211914,0.03520794006224627,1.0675406006159176,9.79128388190911,-2.1052308455978405e-05,0.00020002117230870576,0.9460984196562658,4.954437949671951e-10,4.6049279840117164e-10,0.4390479739082302,0.8984636200798995
313.6,27.48665738105774,0.029679847683125225,1.0907783089432879,9.776222159662048,-4.414264365269376e-05,-0.000564960753097638,0.9506600598083794,5.051843274902633e-10,4.5806081643725597e-10,0.44330407153909607,0.8963712959242169
313.61,27.496828317642212,0.028701075517979693,1.1020351659683565,9.795991081598983,-8.50638772713974e-05,0.00040541319268089617,0.9563237627863646,5.1571084325601e-10,4.547967759178131e-10,0.44757392480222513,0.8942469356039932
313.62,27.506747484207153,0.049044167066905266,1.1529602436099529,9.778791045375307,0.00045278445687269616,0.00034943950238987016,0.9627409903746879,5.26987720031349e-10,4.507083002328655e-10,0.4518595181926033,0.8920891075552646
313.63,27.516676664352417,0.04496733717347096,1.1132922078869265,9.834444150346076,-0.00024072527591416563,-0.00031433527827939655,0.9690187336750664,5.389911550368905e-10,4.4579372499137123e-10,0.45616270561173855,0.8898963906034109
313.64,27.52696704864502,0.039092168529499635,1.1389178217165308,9.795701261972011,-0.0003419724267933102,0.0001422983433806211,0.9758627261108831,5.516886716828236e-10,4.400656361288478e-10,0.4604852084500223,0.8876673773428533
313.65,27.536699533462524,0.07716956865858926,1.1611293606131903,9.779480405396743,-2.8051917891968683e-05,-8.909162573141637e-06,0.9829379846288372,5.650551019179786e-10,4.3355372041048636e-10,0.4648286230198164,0.8854006727021961
313.66,27.54667901992798,0.07319529958429405,1.1692250939135944,9.813194822689608,-7.194490787347681e-05,0.00021356961643237245,0.9910969147579531,5.790443565697577e-10,4.262682427660532e-10,0.46919442572774595,0.8830948934661612
313.67,27.55703353881836,0.09374471929226778,1.1729976636487784,9.81650938412974,-2.5722093326725524e-05,3.416284033691472e-05,0.9994975164119356,5.936474015983158e-10,4.1823737913479545e-10,0.47358397530329654,0.8807486692217744
313.68,27.56672978401184,-0.014658692947647477,0.983930544907599,9.828163051908097,2.6735512553815885e-05,0.00021457822755049924,0.9999033069834125,5.87612032732676e-10,4.251642064155044e-10,0.47798176711830576,0.8783697571652053
313.69,27.576739072799683,0.005386061110464401,0.9785526055471742,9.804635323816232,3.348538890339648e-05,-0.00016057117054134502,0.9996043586975972,5.797272897250811e-10,4.332360236069121e-10,0.4823676132608261,0.8759688839662366
313.7,27.586756944656372,-0.004915268526740428,1.0111784556402892,9.812640500142004,2.2263661650697752e-05,5.8469186185696e-05,0.9998715169622523,5.723259325414213e-10,4.407515203375537e-10,0.48674140028497265,0.8735461116899462
313.71,27.596826791763306,-0.013261476996808233,1.0083481721816172,9.807494391822873,0.00015364268304336458,0.00015298144010875297,0.9999656401777562,5.653686518400199e-10,4.477615813912137e-10,0.4911030188436404,0.8711015009071348
313.72,27.606829404830933,-0.016646277848724033,0.984526259793757,9.82086331720287,0.00022577090183652769,0.00014183833567438115,0.999887164293931,5.588097436794131e-10,4.5432181421743085e-10,0.49545235989403985,0.8686351127345859
313.73,27.616677284240723,-0.007754243553581468,0.9981600348702032,9.81423637515264,3.700161487156492e-06,0.00015729699439214268,0.9999168059875714,5.526017124515298e-10,4.60479851420166e-10,0.4997893147004746,0.8661470088335063
313.74,27.627004384994507,0.02136153055439562,0.9927392566216652,9.79654596469821,-0.0002188876012167006,-2.1313952515251167e-05,0.999614389280135,5.46735365883591e-10,4.662590852306967e-10,0.5041137748369294,0.8636372514080559
313.75,27.636798620224,0.0010903777332227636,1.0075444170246006,9.789962549524892,-6.502078591194908e-05,5.824767461020115e-05,0.99986428424021,5.411657818456986e-10,4.71701438484583e-10,0.5084256321898221,0.8611059032037696
313.76,27.64667844772339,1.0962964568263364e-05,1.004511043104436,9.809021226848946,0.00010172768633730541,-0.00014117237588037683,0.9997404025908128,5.358683321432342e-10,4.768406124630099e-10,0.5127247789609103,0.8585530275058645
313.77,27.656855583190918,-0.023466945296364543,1.0199649005107194,9.779235038622913,-0.0001783535629237791,-0.00020899875032111715,0.9999372961840157,5.308122387428215e-10,4.817086552144408e-10,0.5170111076698355,0.855978688137742
313.78,27.666752099990845,-0.017535942583956774,1.012544788828491,9.799554616442483,-2.3457981917921202e-05,3.2067141284849146e-05,0.999890968948678,5.259770308092589e-10,4.863302338554878e-10,0.521284511156608,0.8533829494595121
313.79,27.6768901348114,-0.00020536274539783173,1.0035404282065716,9.787907762767896,0.000284047398112298,0.00026481713258605225,0.9998795002110972,5.213402926013623e-10,4.907242462160939e-10,0.5255448825845975,0.850765876366196
313.8,27.68687081336975,-0.038285729458853376,1.0054695552736905,9.809841916105187,8.626152949191266e-05,-5.0636123035693065e-05,1.0001273017431893,5.168843909053329e-10,4.949189606783359e-10,0.5297921154430235,0.8481275342862098
313.81,27.696769952774048,-0.002210012662225598,0.9932980148070507,9.823662551453829,-5.0982914242746335e-05,-0.000399509569033276,1.0002741245405804,5.125924133157898e-10,4.989274349245448e-10,0.5340261035497594,0.8454679891796386
313.82,27.706708192825317,-0.0033294852752847265,1.0064973964656097,9.798862135641455,6.406959496836757e-05,6.572775124844688e-05,0.9995401653649063,5.084460840853455e-10,5.027705655460169e-10,0.5382467410537985,0.842787307536703
313.83,27.716691732406616,-0.0016160829443389534,0.9872988400210911,9.794260163309556,-0.00012688050869070255,0.0001665172436591285,1.0003060805765407,5.044310282115269e-10,5.06462596396325e-10,0.5424539224379012,0.8400855563760964
313.84,27.727233171463013,-0.00970370630384745,1.0325335813509118,9.775790727685775,-5.57989431239445e-05,2.824404583365815e-05,0.9996001535976182,5.005394844629388e-10,5.100152249864233e-10,0.5466475425215153,0.8373628032431272
313.85,27.7367947101593,0.014202108386513163,1.0062923431116824,9.829216445719025,-3.5101754508311184e-05,-0.00019445517345490184,1.0000062473118223,4.967514417231189e-10,5.134455925353337e-10,0.5508274964630213,0.834619116208274
313.86,27.746675729751587,0.041361645973247485,0.9682057767661945,9.797974056055661,-0.00020471311298170963,7.455632567941715e-05,1.0002824484458996,4.93062522054755e-10,5.167560638526261e-10,0.5549936797626928,0.8318545638652622
313.87,27.756805658340454,-0.018299902731179412,0.9751726297477563,9.819089856244345,-5.959524632690751e-06,7.788496042116117e-05,1.0000421359045149,4.894595248281981e-10,5.199680298420041e-10,0.55914598826496,0.8290692153295774
313.88,27.766799211502075,-0.05135710650683557,0.9738064109995777,9.7993140479306,-3.784562707351613e-05,-0.00022110371631483362,0.999661479777085,4.85931721552258e-10,5.230862518559429e-10,0.563284318161263,0.826263140236572
313.89,27.777026176452637,0.01785116561244539,1.004509415324229,9.806011557723409,3.0835728819887205e-05,-2.99087197480073e-05,1.000309705022776,4.824751315545769e-10,5.261131518997307e-10,0.5674085659927828,0.8234364087396269
313.9,27.78670835494995,-0.0005272553015732669,1.0207224620429836,9.799147574129863,6.22594059321469e-05,7.949700512992032e-05,1.0002992106192259,4.790782625570608e-10,5.290687869945285e-10,0.5715186286524844,0.820589091508767
313.91,27.796844959259033,0.018422696631449277,0.9503484933384723,9.789060659269946,0.00010745512920329236,0.00010621012510414082,0.999836162073027,4.757382418378383e-10,5.31944665705391e-10,0.5756144033882201,0.8177212597285358
313.92,27.80662775039673,0.0032677329075367404,1.001735702721896,9.789101413071227,6.494954465537719e-05,0.00020111572552164973,0.9997955084078319,4.72447466857678e-10,5.347566542626753e-10,0.5796957878051695,0.8148329850962981
313.93,27.816690921783447,0.027042376973944026,1.0033075737293722,9.772338022326206,-6.375448852691979e-05,0.000314297607573066,1.0001353535427575,4.692009583515912e-10,5.375107675375532e-10,0.583762679868099,0.8119243398206605
313.94,27.827283143997192,0.0128467127431746,0.9976688671001186,9.778900941577863,-9.153983181941704e-05,-0.000148419965860045,0.9998546550497069,4.659935618685348e-10,5.401989971784006e-10,0.5878149779044607,0.8089953966192751
313.95,27.836761236190796,-0.007365909574617423,1.0169733527123817,9.796175375113103,6.890708205387144e-06,0.00011737086996130037,1.0000864415146233,4.6281844914318304e-10,5.42842181513099e-10,0.5918525806061503,0.8060462287175845
313.96,27.846677541732788,0.004541273504116233,0.9826358271137156,9.82691118332741,0.0001356369427302109,-0.00013142500865372797,0.9999503275231049,4.596764618581157e-10,5.454390371315419e-10,0.5958753870332055,0.8030769098461414
313.97,27.85671591758728,-0.0009554452366994275,0.9735358537566895,9.797440788410034,7.744449907350394e-05,8.679064906994438e-06,1.0005147036216997,4.5655632270849204e-10,5.479859856438611e-10,0.5998832966149711,0.8000875142397578
313.98,27.86669945716858,0.02775288811601198,0.9882347833156756,9.803903246420992,3.6067179454598526e-05,6.119873017283529e-05,0.9997874042756105,4.534626305009002e-10,5.504864013082992e-10,0.6038762091533185,0.7970781166351373
313.99,27.8768413066864,-0.0068631503119678805,0.9883685436227948,9.802934557663784,-0.00014340567082549703,-4.7876273627990045e-05,1.0000050302944072,4.5039167822472634e-10,5.529569144441271e-10,0.6078540248257082,0.794048792268578
314.0,27.886682748794556,-0.0073836696746611835,0.9901769733539931,9.801033968656824,0.00010019107458206056,-9.091451280474244e-05,1.0002081803528218,4.47329565992897e-10,5.553917409818819e-10,0.6118166441864817,0.790999616874997
314.01,27.89831304550171,0.01582984289987975,0.9837587339943678,9.784255232506425,1.5116459586579421e-05,0.00010815763787165305,0.9994160108492456,4.4428645526212154e-10,5.577842896411442e-10,0.6157639681700287,0.7879306666855276
314.02,27.908177852630615,-0.021629151640448013,1.0030722839489579,9.797552135666823,-0.0003283710449598315,-0.0003493431399859781,0.9995968771656039,4.412565680344074e-10,5.601493506463093e-10,0.6196958980932988,0.7848420184255809
314.03,27.918322324752808,0.00827695030533407,0.9983926798510424,9.808374380361894,7.197661522344821e-05,-6.068002314852096e-05,0.9997086435530322,4.382372334359722e-10,5.624776990378078e-10,0.6236123356581528,0.7817337493130148
314.04,27.928546905517578,0.012798324355851431,0.9940211622733622,9.804598306830762,2.1280459854627094e-05,0.00020096673724619523,0.9997035899135497,4.35230835261557e-10,5.647761278927881e-10,0.6275131829538241,0.7786059370561982
314.05,27.93809700012207,0.008289657946546587,0.9933533095010733,9.810588128736306,7.810938001894004e-05,-5.833878132033889e-05,0.9999402929992709,4.3222449728937925e-10,5.670512588961128e-10,0.6313983424591264,0.775458659852263
314.06,27.94819688796997,-0.0031530537868245515,0.997540794915311,9.841320613239755,-0.0002625502843357089,0.0004446484163975852,0.999734901994328,4.2922007443579997e-10,5.693021793058833e-10,0.6352677170453872,0.7722919963847494
314.07,27.958357095718384,-0.02712807606732776,0.9718117765625596,9.777298953818114,5.5166790653301816e-05,-0.00017627408818936472,1.000038448555026,4.262230598957477e-10,5.715332876513316e-10,0.6391212099783059,0.7691060258221009
314.08,27.968250274658203,-0.0070239198892508735,0.9787024222561996,9.791346051495562,4.0203331351212427e-05,8.343075905302067e-05,0.9997898743196404,4.23223667875058e-10,5.73746424911523e-10,0.642958724920899,0.7659008278152543
314.09,27.978204011917114,-0.01598537135513856,1.0101576096497817,9.802977086286862,7.35611802292464e-05,0.00015808409641199762,0.9997880420006546,4.202320339729791e-10,5.759180203003858e-10,0.6467801659358219,0.7626764824957111
314.1,27.988187313079834,0.006280108858439743,1.0120495296018972,9.828452560701232,-5.703173773078898e-05,2.7984347425719753e-05,1.00013676489558,4.172397597255878e-10,5.780680509152604e-10,0.6505854374872727,0.7594330704739516
314.11,27.998209953308105,-0.0013498495534056607,0.9943106521709827,9.794505430163897,-0.00017398031345850073,0.0004706746783702704,0.9999338088873131,4.142560300812258e-10,5.802019808491599e-10,0.6543744444439864,0.7561706728369093
314.12,28.008110523223877,0.02559252511307031,0.9827798104256058,9.782679744402225,0.000130043457717858,0.00016780860047108394,0.9999090302173449,4.112613914981951e-10,5.823205250569088e-10,0.6581470920811193,0.7528893711463635
314.13,28.018163681030273,0.0034431495469678824,0.9747321479867931,9.786285880715209,8.140391398060784e-05,0.00017799334892046805,0.999998923713279,4.082559254634495e-10,5.844236272030965e-10,0.6619032860829632,0.7495892474366044
314.14,28.028263330459595,0.018361404784020374,1.0227145859396616,9.788301953178271,0.00026369571206103344,-0.0002552365991161198,0.9996450645441446,4.0525733075371214e-10,5.865016027233688e-10,0.6656429325452442,0.7462703842124297
314.15,28.03814673423767,-0.020737225324941162,1.0053371240578777,9.810877834606625,-0.00019030673964712234,-0.0001308512629645845,1.0000091245536267,4.022542720625642e-10,5.885492485198027e-10,0.6693659379772545,0.742932864447273
314.16,28.04820203781128,-0.008957182258664676,0.9979394830177052,9.825818484355205,-0.00013691464542541114,-9.33299313766434e-05,1.0000199740384481,3.9925667816784894e-10,5.905702357502967e-10,0.6730722093044277,0.7395767715809202
314.17,28.058382511138916,0.004138926567604113,1.0078704561733802,9.806424592550275,0.0001486347652515066,-0.0002382726674620695,0.999870060027901,3.962509379591801e-10,5.925778045320358e-10,0.6767616538706765,0.7362021895174088
314.18,28.068209648132324,0.02582389720408487,0.9877022688846444,9.790670370493435,5.762239848841393e-05,0.00024056577445857383,0.9999473939072534,3.9323430734125246e-10,5.945719447084556e-10,0.680434179440558,0.7328092026230665
314.19,28.078147888183594,-0.025813021497519,0.9950950239314698,9.754716223691284,-0.000314305196446726,-0.0004985644003259668,0.9998959877951593,3.9020765167759493e-10,5.96550716338717e-10,0.6840896942016242,0.7293978957243625
314.2,28.088261365890503,-0.018536280751032357,0.9995767976788088,9.820719022602553,-6.721366517295025e-06,0.00028028988764442386,0.9997806295971507,3.8717104629039573e-10,5.985140825318786e-10,0.6877281067667359,0.7259683541057702
314.21,28.098262786865234,0.017814620649813137,1.0149664455943463,9.787913960828481,0.00039120766719972084,0.00010598514619967919,1.0001235072365924,3.841386790141054e-10,6.004571030729062e-10,0.6913493261763035,0.7225206635076752
314.22,28.108302116394043,-0.01069486034710457,1.0066902769216926,9.805838460378212,-0.0001393163827461115,-0.00010936271814626373,1.000004917560864,3.811098747008419e-10,6.023817852889241e-10,0.6949532619006399,0.7190549101241578
314.23,28.11824655532837,0.0009139040407060436,0.9986986156201425,9.772324279181001,-2.3602927663282432e-05,-0.00011822405281328409,0.9998033766498635,3.7807140652635655e-10,6.042911608100772e-10,0.6985398238210996,0.7155711806214579
314.24,28.128228902816772,0.013388460713825687,1.0008812814505976,9.82214775511927,-5.3185269610903435e-06,-0.00024882728836421247,0.9998732412017538,3.750233663038778e-10,6.061851945661731e-10,0.7021089222507004,0.7120695621187301
314.25,28.13812494277954,0.01264357170149506,0.9809586980032499,9.821437266641635,8.432078100554514e-05,8.793671004080255e-05,1.000148338473375,3.719658390271817e-10,6.080638578933026e-10,0.7056604680149555,0.7085501421077508
314.26,28.148226499557495,-0.015016985974597347,1.0276208084219738,9.792314225428244,-0.00029309361841633775,-0.0002448152769188449,0.9999148169799151,3.688988996400091e-10,6.099271012556699e-10,0.7091943723849357,0.705013008516536
314.27,28.158601999282837,0.015968318736940885,0.9966341230136777,9.798561332521892,-0.0001310762005067165,0.0004493325004267062,0.9998517000898198,3.6582262651127645e-10,6.117748722807688e-10,0.7127105470733457,0.7014582497129905
314.28,28.16842293739319,-0.009145652656773667,0.9772981438438842,9.801303357127004,0.00023965550596694035,-0.0003000201793698922,1.0002540143003202,3.6273709803911876e-10,6.13607132623007e-10,0.7162089042328813,0.6978859545065622
314.29,28.178147554397583,0.023320361655444516,0.9685967637346826,9.83441377632741,-1.8835783796316955e-05,-7.015078376335096e-05,1.0001433588911728,3.596534326939253e-10,6.15418857654776e-10,0.7196893564514506,0.6942962121533551
314.3,28.18829894065857,-0.0016542577033190153,1.002184106141226,9.76502366306143,0.00022367083252107964,2.1646704582792774e-05,1.0003337856278884,3.5656807616896037e-10,6.172117784506628e-10,0.723151816687815,0.6906891124240434
314.31,28.198233127593994,-0.014771895273187268,1.0189896539008887,9.775465434858312,3.2293151891821634e-05,-0.00027922902058881123,0.9996768077818654,3.5347377078721555e-10,6.189892421599881e-10,0.7265961983601232,0.6870647455142902
314.32,28.20850443840027,0.005237072771243923,1.0191580716342261,9.80100729362234,0.00011131644036257906,-0.0001380129105660409,1.0000519669927965,3.5037060683567064e-10,6.207512007951924e-10,0.7300224153570092,0.683423202032473
314.33,28.218244075775146,-0.0127405233126184,0.9838815079196779,9.799524355911863,-0.00011483948033490098,-0.000235467321743347,1.0003182007941598,3.4725866226846567e-10,6.224976086790971e-10,0.73343038202123,0.6797645730164177
314.34,28.22825336456299,0.003924960381929597,0.9828948499048961,9.800526697868595,0.00016948250617149072,-7.66219301154152e-05,0.9994245438410221,3.4413800413591076e-10,6.242284251483056e-10,0.7368200131518104,0.6760889499311209
314.35,28.238142013549805,-0.00018829843198645306,0.9804448939415653,9.828814135911111,-2.6037237321665637e-05,0.00010991490381717016,0.9999650857298295,3.410087290390795e-10,6.259435839230662e-10,0.7401912240061719,0.672396424666465
314.36,28.24830174446106,-0.00044780831952582383,1.0194150857902082,9.828772462100973,-0.00018651552878450005,-0.00021783701917161348,1.0001261536028256,3.378709043236039e-10,6.276430667535283e-10,0.743543930302249,0.6686870895349216
314.37,28.25830578804016,-0.021817238285825605,1.0284850982942257,9.838650971193761,4.7507644965997735e-05,0.00017974333813442576,1.0003961090293576,3.3472461163442805e-10,6.29326819736157e-10,0.7468780482205977,0.6649610372692452
314.38,28.268391847610474,0.01390350805595199,0.9952271812282348,9.77967139719083,-0.00021877854332771245,0.00028443296356336147,1.0001367418133316,3.3156992169793935e-10,6.309948083883527e-10,0.7501934944064907,0.6612183610201537
314.39,28.278181552886963,-0.01507114621151357,1.0291146196560266,9.802381275767797,-0.00013934293430730235,-0.0002435553476485524,0.9999893706232736,3.284069307606805e-10,6.326469860465908e-10,0.7534901859720005,0.6574591543540025
314.4,28.288273334503174,-0.02451848311609452,1.0063119726426053,9.804088214747809,-0.00012755783851113288,9.406433500859824e-05,1.0001270056914446,3.2523570393052537e-10,6.342833110696287e-10,0.7567680404980726,0.6536835112504429
314.41,28.298206567764282,0.03726045060096502,1.0257721432657054,9.821056130532135,9.217493337439355e-05,0.00020778482934032369,0.9998757016188017,3.220563215796894e-10,6.359037512536277e-10,0.7600269760365831,0.6498915261000769
314.42,28.30820083618164,0.03298656204154197,0.9803267029216344,9.791757170992142,-0.0001304566989796563,-0.00015492547307671039,0.9995625852852839,3.1886886442139716e-10,6.375082509459809e-10,0.7632669111123908,0.6460832937020967
314.43,28.31825041770935,0.019927865332778037,1.003134174639865,9.823529465810275,-0.00028139837608004995,-0.0002734993439124308,0.9999210082665295,3.156734234876516e-10,6.39096771031045e-10,0.7664877647253706,0.642258909261915
314.44,28.328377962112427,-0.005678189544665998,1.0041688699764506,9.788982881927373,-0.00015491976724324149,-0.000252382854308932,0.9998721312996001,3.1247005897572413e-10,6.406692844025293e-10,0.7696894563524401,0.6384184683887875
314.45,28.338175535202026,0.008696919863029869,1.0162796154838227,9.816015097232976,0.00010676127081057744,-3.57468749503388e-05,0.9997936549674583,3.0925886871673113e-10,6.422257412672529e-10,0.7728719059495721,0.6345620670934213
314.46,28.34822177886963,0.005847073745453646,1.0052985128202665,9.817089915557757,0.00020008563758243118,0.00027973706991452145,0.9997479266552789,3.0603992285364776e-10,6.437661112307566e-10,0.7760350339537961,0.630689801785577
314.47,28.35829997062683,0.019601168861249227,0.9968005621425028,9.815485039632643,-0.00020593754978088063,0.00017034041350783252,1.000045712559032,3.0281330857095897e-10,6.452903425909153e-10,0.779178761285187,0.6268017692716585
314.48,28.368173837661743,-0.005186006313684908,1.039190558145026,9.799575949938168,0.0003039939101004845,-0.0001306972664920203,0.9998863546539128,2.9957910590967994e-10,6.467984034207469e-10,0.7823030093488402,0.6228980667522965
314.49,28.378189086914062,0.007362087804836263,0.9892876526951476,9.798158370496965,-3.275837061199057e-05,-3.5633270050056253e-05,1.0003064818047187,2.9633739528276333e-10,6.482902643751779e-10,0.7854077000368394,0.6189787918199153
314.5,28.388282299041748,-0.015177869583874955,1.008099627080228,9.805267220187885,-0.0001975223600439326,0.00017291821997547985,0.999656304961036,2.930882485586634e-10,6.497658819478483e-10,0.7884927557302066,0.6150440424562982
314.51,28.3982572555542,0.00559945859016683,1.0016088741759495,9.797869408789838,-2.830105734856537e-05,3.3874403042812e-05,0.999775702089028,2.8983176459242823e-10,6.512252089091519e-10,0.7915580993008443,0.611093917030136
314.52,28.40819787979126,0.007671076362855795,0.9991625048976351,9.822395105463848,0.00010375419297437129,6.722665158831971e-05,0.9999198347801213,2.8656801300576533e-10,6.526682206786865e-10,0.7946036541134626,0.6071285142945705
314.53,28.418210983276367,-0.004460417827594626,0.9947827306437913,9.788881435824257,-0.0002685135423083912,-4.088014233843451e-05,1.0003086875111096,2.83297076624026e-10,6.540948769647055e-10,0.7976293440274956,0.603147933384727
314.54,28.428230047225952,-0.016307905062077917,1.001790525920301,9.799555651628653,0.00019121468710655076,8.087892998790608e-05,0.9999611703663691,2.8001903930398515e-10,6.555051447653546e-10,0.8006350933990038,0.599152273815237
314.55,28.438089847564697,0.004654256384023438,0.93714940313431,9.808800574988998,0.0002045416011901746,-0.00023238081232248613,0.9998612038897733,2.767339760237035e-10,6.568989885444176e-10,0.8036208270825661,0.5951416354777511
314.56,28.448260068893433,-0.022082311331494565,1.011578105414494,9.791343396203303,0.00018462765415311634,-3.6278994525706594e-05,1.0002470228639564,2.734419752861871e-10,6.582763722624201e-10,0.8065864704331588,0.5911161186384442
314.57,28.45825457572937,-0.0032032617836651794,0.996564496384969,9.819706932114588,0.0002198432305590319,0.00015991985696727276,1.0004273225650016,2.7014313454479477e-10,6.596372500506523e-10,0.8095319493080196,0.5870758239355102
314.58,28.46815037727356,0.01639428834565334,0.9980093243681379,9.80594618538009,-8.983193361555322e-05,-0.0003196012788318155,0.9997429270973306,2.6683752403136175e-10,6.609815998463595e-10,0.812457190068504,0.5830208523766458
314.59,28.478274822235107,-0.003573971564449347,0.9793207995427142,9.785764264462989,0.000450406236327355,-0.00016636921503002678,1.0002850706313322,2.635252173856306e-10,6.623093871585258e-10,0.8153621195819248,0.578951305336529
314.6,28.488237142562866,-0.01757074959205301,1.020731655162708,9.818125489456223,0.00014437145340424033,-0.00019611751069635236,0.9998141801908768,2.602063010077521e-10,6.636205882715201e-10,0.8182466652233803,0.5748672845542853
314.61,28.498212099075317,0.027894422014388166,0.9571724344381121,9.803874515893565,-7.162553153559888e-05,0.00010312383991595314,1.0000576975395048,2.5688086201072635e-10,6.649151568509388e-10,0.8211107548775687,0.5707688921309475
314.62,28.508214950561523,0.02167189403239251,1.0156862345600386,9.822572878009375,-0.00039739108648838045,2.881664733540758e-05,1.0001834271687182,2.5354897877526447e-10,6.661930679172611e-10,0.8239543169405953,0.5666562305269016
314.63,28.518208265304565,-0.006273540919619078,1.0220163471189119,9.834965303947218,0.00010660469452088712,-0.0004228629731033399,0.9997318305595252,2.5021075233618024e-10,6.674542714424863e-10,0.8267772803217567,0.5625294025593323
314.64,28.528264045715332,-0.00010053736540510888,0.9976915267103126,9.799359511651176,-0.00025679662661262116,-0.0002911997451760696,1.0002845337856758,2.4686624850138726e-10,6.686987515923254e-10,0.8295795744453232,0.5583885113996495
314.65,28.538146018981934,0.023201592530137503,1.019143637644133,9.812072490879888,0.00012492539496149392,8.161639600802153e-05,1.0003026484594157,2.435155491964534e-10,6.699264782119488e-10,0.8323611292523012,0.5542336605709131
314.66,28.5483500957489,-0.011468844998509324,0.9960407415480158,9.791929273319205,6.205603364334107e-05,-2.09863342588876e-05,1.0001415784639245,2.4015873436880776e-10,6.711374190317458e-10,0.8351218752021831,0.5500649539452492
314.67,28.558271408081055,0.025444535660182063,1.0160290191124013,9.798603572373155,-0.0002082693263414901,-0.00022176605667635646,1.0002669596724933,2.3679590647596784e-10,6.723315417165611e-10,0.83786174327469,0.5458824957412516
314.68,28.568262577056885,0.01212925127740938,1.0349388771991594,9.789082648812576,-5.3233390855824096e-05,0.00013713902713885715,0.9999935800217029,2.334271445970903e-10,6.735088117155795e-10,0.840580664971493,0.5416863905213816
314.69,28.578476905822754,0.006142312670004828,0.9716936956486818,9.79816986441221,0.00011149346853027547,3.5881952014792165e-05,0.9998837550604317,2.3005253792779993e-10,6.746692022742741e-10,0.8432785723179278,0.5374767431893561
314.7,28.588181257247925,0.005793507387073406,0.983479777017877,9.76274161539311,0.0002958337477580579,0.0002739661830298991,1.0001610529466947,2.2667215216361643e-10,6.758126895872593e-10,0.8459553978646961,0.5332536589875253
314.71,28.598206043243408,-0.02567701328038544,1.0168407938377324,9.82395572097844,0.0003571139906482995,-0.00011903673258605028,0.9999598258600242,2.2328608820014036e-10,6.769392396085118e-10,0.8486110746895466,0.5290172434942482
314.72,28.608166217803955,0.03887013133340071,1.0023321596149128,9.778316920685398,4.798462359988747e-07,0.0002432931987557369,0.9995896067337344,2.1989442248251579e-10,6.780488309439781e-10,0.8512455363989552,0.524767602621251
314.73,28.618262767791748,0.002023056606482733,0.9929802112424898,9.80342860514318,7.62114707212499e-05,0.00034884506145156587,0.9998580882414932,2.1649724916404086e-10,6.79141429377661e-10,0.8538587171297775,0.5205048426109891
314.74,28.628307580947876,-0.014251851121252084,1.0220568999620654,9.801701109587512,0.0006320728406770837,-1.0834081386594074e-05,1.0001849480318123,2.1309464168930725e-10,6.802170089330555e-10,0.8564505515509029,0.5162290700339861
314.75,28.63817834854126,0.022998049714378972,0.9901229645783175,9.805157659593927,9.221585728778317e-05,0.00022629288728114993,0.9999070882125654,2.0968669269269863e-10,6.812755394567214e-10,0.8590209748648829,0.5119403917861789
314.76,28.648268938064575,0.0034754694423295204,1.0099393729144497,9.84204739554688,-7.35275130810785e-05,0.00011629528857963367,1.000271877158043,2.0627348987545326e-10,6.823169944147339e-10,0.8615699228095526,0.5076389150862467
314.77,28.658207654953003,-0.005053242965112771,1.0250882689539884,9.80917894234218,-2.1965105505556505e-05,-4.5294470821405616e-05,1.0002318429811843,2.028551080321705e-10,6.833413526048731e-10,0.8640973316596386,0.5033247474729334
314.78,28.6681706905365,-0.011971597558380145,0.981134342335849,9.792100205805847,-2.3979356746650896e-05,9.705287087367137e-05,1.0002164336480064,1.9943164462862867e-10,6.843485886682166e-10,0.8666031382281353,0.4989979968027401
314.79,28.678552389144897,-0.008293203860863541,1.00471514256112,9.77297093996404,0.00027945600899554165,-0.0002594494830349648,1.0000064195982012,1.9600318091809965e-10,6.853386676421095e-10,0.8690872798680337,0.4946587712469901
314.8,28.68827199935913,-0.03971700205767239,1.0071464014671443,9.779639925283451,0.00014811531698099556,-0.00019803917832519652,1.0001837401199711,1.9256979955078168e-10,6.863115792360012e-10,0.8715496944747462,0.4903071792876141
314.81,28.69829034805298,-0.019643590165003343,0.9932793942941887,9.807750409876519,-7.199533433795115e-05,0.00014718748403721646,0.999931526223196,1.8913158270245162e-10,6.87267296423554e-10,0.8739903204863616,0.48594332971669335
314.82,28.708118438720703,0.027497409485875906,0.992896604410197,9.812254900913155,2.799771248171002e-05,-9.834151475617836e-05,1.0003254312141343,1.8568862836835003e-10,6.882057894052188e-10,0.8764090968856899,0.48156733163287696
314.83,28.718324899673462,-0.007200386995975704,0.9864357956367719,9.83252432257849,-2.8782573201651803e-05,8.476422400413904e-05,1.000017196799693,1.8224101509881997e-10,6.891270294702629e-10,0.878805963201791,0.4771792944386547
314.84,28.72824192047119,0.01613507888765427,0.9846592161592405,9.810097892626844,-2.421771535865643e-05,-0.0002658159737762825,1.0002809281222633,1.7878883568751237e-10,6.900309968226825e-10,0.8811808595114842,0.4727793278376308
314.85,28.738094568252563,0.0021928029350378186,1.0285857547003485,9.774811370685185,0.0003014629995911713,0.0003124019352370877,0.9997741552457652,1.7533217183021365e-10,6.909176692212075e-10,0.8835337264408485,0.46836754183178403
314.86,28.748337268829346,0.03247924141521472,1.0065337192889214,9.801052015441506,0.00012306833866514554,0.00023686510981589816,1.000159454258183,1.718711115606901e-10,6.91787032570178e-10,0.8858645051667059,0.4639440467187258
314.87,28.75821566581726,0.03221781715840119,1.008072728585804,9.80344267846695,0.00020980134326018391,9.196861120137541e-05,0.9999840513225338,1.6840574144260874e-10,6.926390522791784e-10,0.8881731374180937,0.45950895308894674
314.88,28.768190622329712,-0.011715267913359887,0.991380304206505,9.81112342230623,-0.0002528448189258547,0.00012158411364410427,1.0001796181317841,1.6493614243530187e-10,6.93473712745726e-10,0.8904595654777209,0.4550623718230596
314.89,28.77847647666931,0.014709684456241602,1.0038388788174861,9.801627845781297,-0.00016436072410735083,9.492862825269808e-05,1.0002018955271927,1.6146240827353857e-10,6.942910005856916e-10,0.8927237321834111,0.45060441408903384
314.9,28.788182020187378,-0.035252487108235864,1.0078792431948378,9.794338649636721,0.0006662991090416524,-0.00021000151778396373,1.0001975499568034,1.5798462357289014e-10,6.950908882946391e-10,0.8949655809295325,0.4461351913394239
314.91,28.798205375671387,-0.014348137721459122,1.0184680131872832,9.796710486896052,-2.5884969706993135e-05,-0.00043531019984190307,1.000142258760565,1.5450286859238057e-10,6.958733513133322e-10,0.8971850556684144,0.4416548153085891
314.92,28.808325052261353,0.00937127849613123,0.9984525841691114,9.788718850759395,0.0001693075964987602,-0.00020115679531469984,1.0000589296159559,1.5101723874741324e-10,6.966383790990226e-10,0.8993821009117471,0.4371633980099111
314.93,28.818191051483154,-0.019623190928539938,1.0198741314482989,9.779653822601043,7.45688872445723e-05,0.00022887957837776008,1.0000354762849255,1.4752781703307487e-10,6.973859469712367e-10,0.9015566617319706,0.4326610517329993
314.94,28.828272819519043,-0.002789180660223333,0.9748144152277889,9.813216907721175,4.702641391533849e-06,-0.0005529137896540713,0.9998659843713775,1.4403469329810988e-10,6.981160339976207e-10,0.903708683763648,0.42814788904089546
314.95,28.838144779205322,0.03655016737029627,1.043063904394266,9.806774698195225,1.618605721011436e-05,-0.00012317960746361783,0.9996299299955024,1.4053795364210186e-10,6.988286289293477e-10,0.9058381132048258,0.42362402276726635
314.96,28.84828495979309,0.006153073307308134,0.984978164063285,9.827081855339644,0.0003609121195133929,0.00026983079037965277,1.0001435726349093,1.370376947004793e-10,6.995237036436445e-10,0.9079448968183781,0.41908956601359665
314.97,28.85822558403015,-0.016136953282511555,0.968881483120934,9.831425474027606,0.00023365374191520896,0.0002485880789162541,0.9993147591531745,1.337501244014201e-10,6.993979690018835e-10,0.9100286526666108,0.41454535496829903
314.98,28.86818265914917,0.016870305980746365,0.9722277845202033,9.788876174676068,-0.00019276684038582314,2.3296134209948512e-05,0.998197720410437,1.3067583080818388e-10,6.978287914382501e-10,0.912087935018335,0.4099946326404647
314.99,28.87830662727356,-0.01176490855512912,0.9079427605994973,9.775481239263712,-0.00022492372288578395,-3.918670913569049e-05,0.9962612908035688,1.2753943276042286e-10,6.950045190305545e-10,0.9141211266602467,0.4054411989344463
315.0,28.888203620910645,0.020109171092635006,0.9291949297415207,9.787452161450325,7.685616087146564e-05,-0.000337533120339199,0.9934114952299705,1.240928455307877e-10,6.910807107657757e-10,0.9161266667877616,0.40088892526527314
315.01,28.898284673690796,-0.016408140397728883,0.9061617129456863,9.80559966429738,-0.0004065513027443036,9.899304090649405e-06,0.9900817592061032,1.2011483151575723e-10,6.862008578896626e-10,0.9181030503272017,0.39634175780491204
315.02,28.90839719772339,0.013366732869878065,0.8662787992918569,9.780269656917838,0.000271449104240034,-0.0002651520182653309,0.9855603623157329,1.1539623677520514e-10,6.80499138948333e-10,0.9200488346633257,0.3918037031916065
315.03,28.918203592300415,-0.006205928772178669,0.832531054512466,9.792506363463263,-1.1869260438013448e-05,0.00031097883525604635,0.9797211089031466,1.09742923058382e-10,6.740869122279383e-10,0.921962637872841,0.3872788328408262
315.04,28.928202390670776,0.004910556072270757,0.801844359866704,9.80327459458002,-6.38439000863233e-05,0.00014500495841378682,0.9737606850212406,1.026469474863612e-10,6.670700950588176e-10,0.9238431027824285,0.38277136967298797
315.05,28.93818163871765,-0.0028647122453454143,0.8047193212773802,9.789645417418123,-3.399818814672154e-05,-0.00032942885919393317,0.9668025682466723,9.311474169705541e-11,6.601856401396123e-10,0.9256887886867959,0.378285958633905
315.06,28.94826579093933,0.017285686125405937,0.7567944344066669,9.827649481226127,0.00024290301389753096,-5.5371192053889965e-05,0.9600617171923047,8.296912026512981e-11,6.541952394880041e-10,0.9274997431665554,0.3738237906099261
315.07,28.958329677581787,-0.007617695205123303,0.8134995467050209,9.796881027710016,-0.0005476822243301509,0.00018940426409213746,0.9535577865719645,7.242905035077847e-11,6.490138105041245e-10,0.9292766955818074,0.36938438387208095
315.08,28.96816396713257,-0.0443697606750935,0.7793003490174166,9.823832742389344,-0.0002906070442779489,-0.00036119868321935074,0.9465479824616576,6.159642889536532e-11,6.445486904173549e-10,0.9310203669771622,0.3649672263008148
315.09,28.978533506393433,0.01116532067471349,0.7779736474071786,9.810874498414327,8.495519860350311e-05,0.0002874625903217567,0.9403980382770228,5.057260272616551e-11,6.407130968096457e-10,0.9327314676656635,0.3605717809622064
315.1,28.98837184906006,-0.04637781793543891,0.7878867628795374,9.802440856237347,0.0006087736399178769,0.00020190260315560194,0.9344913497461206,3.944074833340592e-11,6.374285516439901e-10,0.9344106932910873,0.35619749614963575
315.11,28.998294830322266,-0.01865124149579098,0.7852978025086553,9.841748872708646,0.0003139951005698989,-7.982893465957659e-05,0.9283374723171045,2.8286150220475277e-11,6.346197732609474e-10,0.9360587261728696,0.35184380221289213
315.12,29.008418321609497,-0.028778446233938992,1.0022143628584241,9.793317961614385,-0.0001277705808074479,-3.249626593878768e-05,0.9265152052608208,1.5847577886348683e-11,6.387534247054151e-10,0.9376778145258647,0.3475058505205314
315.13,29.018413066864014,0.009796391023197347,1.000377435955481,9.819714713226704,0.00040913226649204646,1.9966082906643205e-05,0.9311139198640188,1.4168917566441526e-12,6.552792295693395e-10,0.9392818611771626,0.3431465944222169
315.14,29.028438806533813,-0.00877978580612652,1.0084586226377967,9.810236374517615,6.8922000997768e-05,-4.138489235499992e-06,0.9336433299622816,5.261032127513125e-12,6.601413827785169e-10,0.9408715703759383,0.33876346919099154
315.15,29.038116693496704,0.036501564675831974,1.0126852946653726,9.836843362354646,-1.917182284662273e-05,-7.003225640854736e-05,0.9371894375963471,1.0242859713892005e-11,6.651529676879299e-10,0.9424457272378959,0.3343591649873437
315.16,29.04865050315857,0.003114391920622307,1.03371599352905,9.80911636318023,-8.429505206832445e-06,-0.00014335974667610421,0.9406467760374085,1.6374558774559103e-11,6.702562335141187e-10,0.9440051244580686,0.32993078819186655
315.17,29.058250665664673,0.002365551555042337,1.0750883772051218,9.815613574742486,0.00022977424195543854,-0.0001892334802536471,0.9453274150961377,2.366494286282762e-11,6.754048669301296e-10,0.9455504503356372,0.32547556877602
315.18,29.06823182106018,0.03689971511596469,1.085328487788696,9.792622384247693,0.00015695228766853743,-3.335437579140867e-05,0.9498423454610175,3.210466811987017e-11,6.805569294818755e-10,0.9470822949347109,0.32099085130452126
315.19,29.07820415496826,0.05486040014809371,1.0933458930956554,9.82897463787177,0.0003853111978987386,-7.25320257198149e-05,0.9554791443536502,4.169334170269695e-11,6.856828532222393e-10,0.9486011518430552,0.3164740980270406
315.2,29.08819055557251,0.046827197992533535,1.1095847913180534,9.799673635261259,8.602382141482585e-05,-0.0003180105622209506,0.9612368798207112,5.240271182394952e-11,6.907588965959585e-10,0.950107425047147,0.31192287647795247
315.21,29.098209857940674,0.04011357561612247,1.1065243558965625,9.80251495950595,7.83866378479432e-05,0.000274159719910192,0.9682293063342983,6.421227237288122e-11,6.957687032827288e-10,0.9516014296506567,0.3073348647433712
315.22,29.10828685760498,0.040073395892481274,1.1379530549792714,9.814671103637142,0.00020896143008699178,0.00032134195628464544,0.9751683033615065,7.708430138347414e-11,7.007038524122402e-10,0.9530833997682766,0.3027078345304983
315.23,29.118284463882446,0.05963407719553927,1.1423654552000784,9.808547889608306,0.00028410705783612426,-2.1517119369007206e-05,0.9824369890292008,9.099531279679284e-11,7.055339497141974e-10,0.9545534886144853,0.2980396573845763
315.24,29.128419876098633,0.07562743628357335,1.1835192616641235,9.818748370927814,-0.00017891198692502008,0.00027283792878074654,0.9900227340244638,1.0591018675889059e-10,7.102812022944451e-10,0.9560117736652064,0.2933282949418726
315.25,29.13815402984619,0.041604786032630445,1.1949056499959505,9.79396311633978,-8.669181323967427e-05,0.0003108388128518473,0.998282986720025,1.2178584559584417e-10,7.149320585180007e-10,0.9574582576992618,0.2885718017469724
315.26,29.14837956428528,-0.028312223201446732,1.0300715750151055,9.797267808413116,-1.0107647460717852e-05,0.00014617160885137828,0.9999294379191813,1.1652454088706757e-10,7.161748478383443e-10,0.9588889257039918,0.2837816557888205
315.27,29.158226251602173,0.013259285933227585,0.995727196997287,9.805430246693506,-0.0001709537174666418,-9.767591003375837e-05,0.99967531301886,1.0513114928896892e-10,7.163092458374555e-10,0.9602958389317847,0.2789836943806928
315.28,29.16823959350586,-0.008918467823747512,0.9932295821447908,9.8212863921354,-5.396552475956598e-05,-8.239457714154315e-05,0.9996428746837801,9.448341065363039e-11,7.163926105274173e-10,0.9616787449170098,0.2741787584311464
315.29,29.178339958190918,-0.021600422909236135,1.0038268180658345,9.798142601501729,-0.00011301665362921114,0.00034904510993001,0.9999470115571101,8.451318307780395e-11,7.164315147213404e-10,0.9630376090862615,0.26936696806664534
315.3,29.188230514526367,0.020503479819527468,0.9927802520957605,9.79941391759415,0.00014916227447534216,0.00042826923299347657,1.0000097684141058,7.515461761700921e-11,7.164328627106958e-10,0.9643723974673802,0.2645484435845677
315.31,29.19828200340271,0.019728778559327368,1.0163499625061916,9.812121247329474,-9.712690849082455e-07,-0.00013669331267599028,1.000033828402348,6.635580355022098e-11,7.164029306153991e-10,0.9656830766901577,0.25972330545068734
315.32,29.208352088928223,0.017022022251691842,1.0276912928917026,9.790399758981074,0.0003584316930435876,2.333999461165888e-05,0.9997378141767338,5.805875309641339e-11,7.163389920694767e-10,0.9669696139872113,0.25489167429601045
315.33,29.218385696411133,0.03175432022889295,0.980778027063826,9.787411418637761,-0.000258239086608098,-0.00022013138403581878,1.0001969497795553,5.0207703926474183e-11,7.162526844598438e-10,0.9682319771947825,0.2500536709138305
315.34,29.228507041931152,0.030143139504265802,0.9793994256432537,9.79455373054047,-5.117258220259454e-05,-0.00015530000871717705,1.000106243904426,4.277049206702524e-11,7.161403216502272e-10,0.9694701347535446,0.24520941625668463
315.35,29.238620281219482,0.014885798334753505,1.0257079710985613,9.805722878780196,-1.2116959193749858e-05,0.0001097139394493813,0.9996682764545088,3.570009796327835e-11,7.160077985118073e-10,0.9706840557093771,0.2403590314333848
315.36,29.248371839523315,0.03453624160550824,1.0152048333586958,9.81345240146673,0.0003393004808832187,0.00027112704856918586,1.0001282486876728,2.8971471743687752e-11,7.158546857112109e-10,0.9718737097142075,0.23550263770570462
315.37,29.258217811584473,-0.006614583102935964,1.009341217820905,9.799212629483801,-9.636286095245174e-05,0.00026560090357615005,0.9998413947003503,2.2543455481215754e-11,7.15685611527494e-10,0.9730390670266664,0.23064035648575174
315.38,29.26827621459961,0.0010950395605590813,0.9789995153232465,9.810477178541536,-0.00010940175511651006,0.00040122533576970794,1.0001508037645572,1.6391401741468615e-11,7.155002125533166e-10,0.9741800985128802,0.22577230933273218
315.39,29.278496503829956,0.020725546430413185,1.0097359395177012,9.797300658226982,0.00020003352165472087,0.00023567164770016332,1.000107320420202,1.0483763752566916e-11,7.153012405293914e-10,0.9752967756471838,0.22089861794997062
315.4,29.28838872909546,-0.015396545722460193,1.0034145252434048,9.808059855301693,-0.0003774513112756926,-0.00017122800708987683,1.0004240764239178,4.8035352965719875e-12,7.150865511010406e-10,0.976389070512865,0.21601940418171556
315.41,29.29831027984619,0.03295502065189846,1.0165161696663751,9.796146294925382,0.00021085774933747063,-0.00031001830661637363,0.9998535870833553,-6.710144551681258e-13,7.148581936143255e-10,0.9774569558027958,0.21113479001039004
315.42,29.308746814727783,-0.009239177760115206,1.0206838948528039,9.778780929676904,-0.0002675380574683302,5.781276729288002e-05,0.9997989177184354,-5.9674985115055905e-12,7.146175121177137e-10,0.9785004048201749,0.20624489755325778
315.43,29.318366765975952,-0.00349313648796755,0.9833358100815178,9.785810745847737,-0.0004298271518519989,0.0001965496984459118,0.9999982898060211,-1.109033338499459e-11,7.143652865673234e-10,0.9795193914791847,0.20134984905941178
315.44,29.328433752059937,0.017152105613551218,0.9747537496605614,9.783420948544208,0.00038559314335864044,-0.0001697276112485711,0.9997974257710432,-1.6063686448020735e-11,7.14099856611089e-10,0.9805138903055836,0.1964497669069884
315.45,29.33825945854187,-0.03079340948789972,1.018205506549939,9.77753768144103,-0.00016914968881503266,-0.0004007328517356401,1.0000263343543367,-2.0906817304547955e-11,7.138242606240366e-10,0.9814838764374042,0.19154477359981972
315.46,29.348299264907837,0.018926792638965594,1.0013349155299969,9.771493389728473,2.3564171773759164e-05,-8.704704822020255e-05,0.9997727199432213,-2.5621117299480928e-11,7.135337394878088e-10,0.9824293256255517,0.18663499176446932
315.47,29.35829186439514,0.017121124104181304,1.0133782013912291,9.806908832228904,1.2436607469928375e-05,-0.00027656509946711303,0.9998909933243139,-3.0223687564562034e-11,7.132321230160778e-10,0.9833502142344392,0.18172054414700164
315.48,29.368242740631104,-0.018209974502700357,0.96781733061533,9.795958714658363,0.00031093560093482927,2.7812716083690493e-05,0.9996884999319791,-3.4727788641486134e-11,7.129223213250727e-10,0.9842465192424668,0.17680155361050565
315.49,29.378803730010986,0.014184486463175187,-0.020442875894662878,9.803534540312707,-0.0003167378542857486,0.00012398293226838951,0.8408243597726158,-4.356013425046823e-11,6.844378021962448e-10,0.9850840531847044,0.1720738450816817
315.5,29.388200521469116,-0.0043652910634077065,-0.012358290833758872,9.799847141545703,-8.770854963248668e-05,7.960882323819838e-06,0.4444752354008253,-5.718789017093572e-11,6.171828859749741e-10,0.9856152360721767,0.16900475266212903
315.51,29.398237228393555,-0.14263415682585862,4.26321299742728,9.788547119246921,3.6622786765819394e-05,0.00032230218450942635,0.06141099625107334,-6.614845862319299e-11,5.846306543366553e-10,0.9858073957103062,0.1678802506635722
315.52,29.408355474472046,-0.015047913960326054,0.09088053970452076,9.810451582660768,4.789329873802896e-05,3.874745240577583e-05,-0.047823905927608275,-7.072714872312157e-11,5.884998713328163e-10,0.9857938991170352,0.16795948458968482
315.53,29.418240785598755,0.019007215348587445,0.1103703931329937,9.824759703646745,1.8974655277122706e-05,-0.00036415415435174834,-0.1129519805597967,-7.892044558232484e-11,5.400475439475775e-10,0.9857236844096398,0.1683710723191041
315.54,29.428414821624756,0.0003557861970126105,0.1147538889439668,9.789520185165816,-0.00011097459114229805,0.0001670051967855014,-0.17833270919705357,-8.626012426077837e-11,4.959654126333781e-10,0.9855982959624653,0.16910351562248677
315.55,29.438319206237793,-0.011244371544455461,0.09079846498058365,9.77383565162879,-3.90277285583728e-05,0.0002637237768479422,-0.24326878341501978,-9.286304765074716e-11,4.5584333451334475e-10,0.9854169570281015,0.17015704746344418
315.56,29.448465585708618,0.0016185233309033622,0.08458501452660722,9.800782619732452,-0.0001815172057296159,6.172137134150492e-05,-0.30844710615925763,-9.882047358927565e-11,4.193134523489774e-10,0.9851785522160053,0.1715319802648353
315.57,29.4582781791687,-0.0014839037959935002,0.09491307103618342,9.783629703906064,0.0004270445405900216,0.000290871722163415,-0.37423715250131434,-1.042244290184295e-10,3.8604066759563714e-10,0.9848816246723577,0.17322870830995946
315.58,29.468297719955444,-0.013830072247446125,0.08772946226460236,9.807482366897037,0.0004354925431559987,-8.733243032775503e-05,-0.43943527690203843,-1.0915818449901078e-10,3.5571983421965464e-10,0.984524378431681,0.17524767694241272
315.59,29.478501558303833,0.02897177276508802,0.113726204053536,9.792413463783625,0.0002216405786397398,-0.00032250219760271404,-0.5054882522287582,-1.1369321371865587e-10,3.280792675154675e-10,0.9841046733569511,0.17758939122877967
315.6,29.488250970840454,-0.003020648263545469,0.07368872978936111,9.779900586823969,-0.0001675224733045262,-7.264115385380978e-05,-0.5713890100397259,-1.1789387351516653e-10,3.0286905536474306e-10,0.9836200296076759,0.18025436847575868
315.61,29.49823784828186,-0.007937901232511525,0.08011213256938766,9.786100129132263,-4.735228793184497e-05,0.00012936611649734308,-0.6376593423301553,-1.2183862003907303e-10,2.798626407283263e-10,0.9830676269172415,0.18324311967248125
315.62,29.508428812026978,-0.017463042959960436,0.07240387493055284,9.810006913143432,2.183932687336971e-05,-0.00010252856169930005,-0.7039975235178001,-1.2556853756250824e-10,2.5885558011768467e-10,0.982444304799275,0.1865561255158055
315.63,29.518349647521973,0.010657435537558768,0.08545058062523177,9.784712740894989,-0.0004203355460147604,-2.450085644276728e-06,-0.770798713854191,-1.2914527830063142e-10,2.396642582562427e-10,0.9817465681003582,0.19019378544833906
315.64,29.528494596481323,-0.017762084108215382,0.11330194886084742,9.80503338639601,0.00010928796483760896,0.00029070093452447643,-0.8376855510244787,-1.326175924449733e-10,2.221215823177035e-10,0.9809705861828322,0.19415640356194985
315.65,29.538490772247314,-0.04731054124386955,0.06944988565727561,9.816734930153686,8.001092210724253e-05,3.352481966211784e-05,-0.9046178210240723,-1.3602615707245155e-10,2.06076963057614e-10,0.9801122025352432,0.1984441242302585
315.66,29.548513650894165,-0.04282830443036638,0.09249230580456956,9.84800138270935,3.903041739949751e-05,-0.00011098796449359972,-0.9720852268131657,-1.3943097577212466e-10,1.9139496071361804e-10,0.9791669424082372,0.2030568858593671
315.67,29.558225393295288,-0.017589000679453185,0.08456860592886134,9.804849932742766,0.00010864503234621944,-0.0002795866348377534,-1.039439446136416,-1.428812107041481e-10,1.7795217916278466e-10,0.9781300210827918,0.20799437938698564
315.68,29.568366765975952,0.4729576746845443,-1.105090438751013,9.829274896267002,4.411571104714611e-05,0.0003294853990438913,-1.093931804920607,-7.332070151432817e-11,1.0850784270382103e-10,0.9770007286741695,0.2132359635946565
315.69,29.57846426963806,0.5141268542711441,-1.1424427044716827,9.770238690249958,0.00024194169982232733,1.814721914054957e-05,-1.136730355415244,5.3537280149975397e-11,-4.58030080631825e-12,0.9757938208621375,0.2186925219738219
315.7,29.588233470916748,0.5578735645730266,-1.1412310940134796,9.814592242202467,-0.0001889203359011822,-0.00017154281371115746,-1.1786879111404789,1.740774370786036e-10,-1.1162034007150894e-10,0.9745091834882774,0.22434761263942807
315.71,29.598196983337402,0.5753075075320381,-1.1734987182057834,9.796129800303872,0.00011920010528093516,-1.940237620401173e-06,-1.2186597660924676,2.888816720634902e-10,-2.1314568471252935e-10,0.9731447525591163,0.23019402808643047
315.72,29.608338832855225,0.6226558915533681,-1.1939271142974524,9.770447434875248,-0.00025386538481585804,-0.00011458629427981761,-1.2576434502892528,3.983979280514119e-10,-3.096103382121902e-10,0.9716985835140487,0.23622417911126548
315.73,29.6181857585907,0.6477707871060027,-1.2091761133036636,9.78071399159121,9.606162771864486e-05,0.00015806998263752513,-1.2951164002338191,5.029950803359684e-10,-4.013922069969623e-10,0.9701688783452423,0.24243008784046255
315.74,29.628365516662598,0.668163674869967,-1.2149521138807273,9.794540922800241,-2.433435540719384e-05,8.221182403207572e-05,-1.331054293381337,6.029453293450906e-10,-4.888150518172567e-10,0.9685540031480133,0.2488034223758955
315.75,29.63814115524292,0.7154459227096334,-1.2502146537190852,9.826287002089908,0.00023432710842908417,-0.00013204544459779566,-1.3655214369702449,6.984276356775826e-10,-5.721254782342127e-10,0.9668525133723505,0.25533549965793817
315.76,29.648430109024048,0.7139199769398821,-1.2337920181949107,9.825816144383655,-0.00018500698875735183,2.5872398938118592e-05,-1.3981020699668025,7.895570946974493e-10,-6.515162983807642e-10,0.9650631772208207,0.26201729708638455
315.77,29.6581609249115,0.7106352489268373,-1.2471426424153929,9.811918386313904,5.3937790073072926e-05,-0.00014729629108034895,-1.4291104980903357,8.763655780893357e-10,-7.271400133669831e-10,0.963184993152707,0.26883948550281783
315.78,29.66843032836914,0.7330477822964384,-1.210931203684399,9.793431911607431,-7.878434986775384e-06,0.00033942888209132426,-1.4579838669488054,9.588258453563977e-10,-7.990768979734963e-10,0.9612172121284734,0.27579244207912074
315.79,29.678426265716553,0.7563922980803791,-1.229683202952368,9.786001868985798,-0.0004466558658077361,6.555693449784783e-05,-1.4860754420288735,1.0368479670005346e-09,-8.673821479779481e-10,0.9591593516637783,0.28286629017244214
315.8,29.688154697418213,-0.1614042631263763,-1.3875155347647792,9.786089590527729,-0.00010193720600196066,0.00014317195521825407,-1.4870757301375164,8.710469995323831e-10,-8.687332788756633e-10,0.957028755010198,0.2899930379916567
315.81,29.69818639755249,-0.16155315572121362,-1.3610436166350954,9.803116564499748,-0.000504201736304148,-0.00034729641099610627,-1.4846117806019359,6.972301927276145e-10,-8.610079263796158e-10,0.9548477900675947,0.29709543551362544
315.82,29.70845341682434,-0.1401785386304487,-1.3374247543296631,9.780131806380647,0.000466116135013531,-0.0002786380870814278,-1.4822413890979362,5.410853194615672e-10,-8.514537366112292e-10,0.9526180895302861,0.30416899168006534
315.83,29.718182802200317,-0.1369025360120675,-1.3089089271931769,9.773516273051746,-0.0004395909157940947,-0.0004154652041335056,-1.4778182176740433,4.006890517858031e-10,-8.401897849117253e-10,0.950341436251748,0.3112091813281938
315.84,29.72822380065918,-0.11812160393348813,-1.2922130305278583,9.833296522691708,-0.00019083267547805803,1.935116957482103e-05,-1.472956591039642,2.7427817978062727e-10,-8.272982312104411e-10,0.9480197650839389,0.318211447013135
315.85,29.7382915019989,-0.14528687626075884,-1.261544634134234,9.813086755641175,-9.433919061803685e-05,0.00014157412175926456,-1.467382392608624,1.6026804224149078e-10,-8.128415095688505e-10,0.9456551639534374,0.3251712024275789
315.86,29.748247861862183,-0.148624956885394,-1.2499553960162209,9.804863665521045,7.732807988598365e-05,0.00020899031501539101,-1.4608608807804058,5.720696286173744e-11,-7.968583891828851e-10,0.9432498746026221,0.33208383589409707
315.87,29.75818967819214,-0.12776676192060765,-1.2364174713234506,9.804656396888959,-0.00043761222717083876,0.00019313506616677018,-1.4531714451574527,-3.62256545443104e-11,-7.793650543435826e-10,0.9408062929443795,0.3389447140113774
315.88,29.768579721450806,-0.15128638661416477,-1.2280035560036864,9.779558639189306,-0.0002563183824542757,9.604894344800142e-05,-1.4446303782325238,-1.2122703895096976e-10,-7.603635847007421e-10,0.9383269700691013,0.3457491825600459
315.89,29.77840757369995,-0.1706844086769541,-1.1756080632278012,9.76945122412343,0.00024681810821664283,0.0001163918938891086,-1.4348341098145636,-1.9887111125468406e-10,-7.398407674767912e-10,0.9358146120616125,0.35249256992449285
315.9,29.7881760597229,-0.18920992694587796,-1.0933764027356205,9.825813216473497,-3.8720293627065576e-05,4.987669156427995e-05,-1.424011474541333,-2.701390043548977e-10,-7.177804845008436e-10,0.9332720795327907,0.3591701902504442
315.91,29.7982497215271,-0.19205787446317624,-1.0975333545164256,9.802306624402759,-0.00019547862513057823,-0.0002741295990419989,-1.4125464663064018,-3.3590683909928413e-10,-6.941498090101628e-10,0.9307023873358998,0.36577734512577004
315.92,29.808380126953125,-0.16623728556483094,-1.0817314521374382,9.826381079795038,-1.537963537005429e-05,-4.495302634009317e-05,-1.400033365689559,-3.969673896364852e-10,-6.689172686545381e-10,0.928108704748203,0.3723093232389069
315.93,29.81817054748535,-0.1851383523081712,-1.0131194236196488,9.799959156141275,-0.0001312229003443908,0.00023930430591299158,-1.3862979521819656,-4.54115906651772e-10,-6.419589829697381e-10,0.9254943598454447,0.3787613891281299
315.94,29.828216314315796,-0.2260989208092141,-0.9971237506340862,9.826129693067855,-9.049779054077154e-05,-0.00010935634257795437,-1.3705313585792545,-5.096542398167801e-10,-6.118239222625035e-10,0.9228633125220058,0.38512764948898526
315.95,29.83843493461609,-0.2382456255127705,-0.9753617700094412,9.805758604348245,-2.5801937146639752e-05,-6.006315803689644e-05,-1.3544937118531226,-5.640788892275531e-10,-5.802230827893334e-10,0.9202193070293759,0.3914031514568773
315.96,29.848266124725342,-0.24806001815479187,-0.987987320909956,9.80313317897721,1.1944279233007928e-05,-0.00020967754715966235,-1.3390587866902985,-6.163561252592095e-10,-5.492890550366385e-10,0.9175637170356539,0.3975887639002322
315.97,29.85825800895691,-0.22694049103614397,-1.1681780497765764,9.815082510194037,-9.82427355616819e-05,-2.918209522524694e-05,-1.3253678168669276,-6.683415021891776e-10,-5.200535746666249e-10,0.9148970440276271,0.40368725373673897
315.98,29.868314504623413,-0.19453548359534292,-1.2504251653269298,9.810906201755662,0.0001890778753574674,0.00019738912987845095,-1.3189683856164929,-7.361823549178989e-10,-4.956395543010178e-10,0.9122098167537525,0.4097233825620468
315.99,29.878300189971924,-0.20685848318726408,-1.2677587150216942,9.800382961261201,0.00011644687672043275,6.561955353916016e-05,-1.3146426142648089,-8.071862961121097e-10,-4.717469019251031e-10,0.9094933561341256,0.4157184565879708
316.0,29.888184070587158,-0.2140633229406126,-1.3320029726532987,9.799769457090731,0.0002375609916694584,-0.00030834412834578273,-1.3120575936329733,-8.762627549666715e-10,-4.4959931311972415e-10,0.9067443433043212,0.4216807985735363
316.01,29.898327589035034,-0.22120766452433316,-1.348017474346776,9.784133104522569,-0.0001131693746985622,-0.00027988132197276773,-1.3114224113324375,-9.429988799930808e-10,-4.2925773797691375e-10,0.9039595008092238,0.42761807830906656
316.02,29.908483743667603,-0.20444772174041523,-1.408968459617205,9.80313235266243,0.00011547738516467475,0.0002695276093350849,-1.3123555132337674,-1.00705627170583e-09,-4.107953485366945e-10,0.9011354435580807,0.43353767121598674
316.03,29.918198585510254,-0.177215770908698,-1.4560355520020523,9.798255648883304,-0.00036243241608594157,-0.00011002762521436212,-1.3146519475198812,-1.0681522918303986e-09,-3.9426157802810497e-10,0.8982686821432735,0.4394466687558191
316.04,29.928356170654297,-0.19724765669436406,-1.4687498018928522,9.790344727666193,-9.907986202070386e-05,0.00015900285496302997,-1.319169554988597,-1.1260632060413871e-09,-3.796949178171792e-10,0.8953556194830913,0.4453518998051427
316.05,29.938337802886963,-0.1965931798148905,-1.3764256714487753,9.814147796652017,-0.0002541951647857092,0.0002130276496043527,-1.3239877204232382,-1.1654032790583132e-09,-3.737111289478398e-10,0.8923925455323021,0.4512599524424676
316.06,29.94826650619507,-0.2347914716214614,-1.39719089065897,9.79527840773953,-0.00017568141729214223,-0.00021532538838246732,-1.3237235198354302,-1.165904393056339e-09,-3.7706196135608743e-10,0.8893862256310378,0.4571565833035512
316.07,29.958170652389526,-0.18184455555475845,-1.4352723728822496,9.78319238128192,-6.70958751131827e-05,-8.534396547859131e-05,-1.3241998092079934,-1.1650547611800004e-09,-3.8196869116770604e-10,0.8863403004351211,0.46303441753781016
316.08,29.96826148033142,-0.17593459743018872,-1.4356397197220157,9.814409798955397,-0.0001459546923648046,-8.051972198540601e-05,-1.3258105290076825,-1.1627983993059265e-09,-3.8838394240908716e-10,0.8832530076781789,0.46889670976394227
316.09,29.978191137313843,-0.1802071260326707,-1.4580637249314796,9.785875810257627,-8.204419901561066e-05,0.00022515525951156674,-1.3278216523433688,-1.1590929900186784e-09,-3.962615116430039e-10,0.8801225965480445,0.4747464744951017
316.1,29.98815155029297,-0.1615239368096266,-1.4995180209897563,9.838450879566018,-0.00016106758907401345,0.00024278885375163066,-1.3308752497657363,-1.1539418836655942e-09,-4.0553167733599115e-10,0.8769473298833996,0.4805864964919176
316.11,29.99824619293213,-0.11817794501991005,-1.498145657399487,9.799122017694824,9.087231697799708e-05,-1.0349210745698059e-05,-1.334170956787737,-1.1473459390333593e-09,-4.1615056079685464e-10,0.8737254843192778,0.48641934382900875
316.12,30.008443117141724,-0.12319600403670747,-1.5374952909925819,9.76697100026036,-0.0001030279393148953,-8.36079569026144e-05,-1.3388266741721502,-1.1393341842214814e-09,-4.2806053227633467e-10,0.8704553511887979,0.49224737844582417
316.13,30.018136739730835,-0.11329324441574187,-1.5217464993249077,9.783135293136414,-0.000472289154682082,6.63013909933704e-05,-1.3427990025725467,-1.1299484089049532e-09,-4.412087128880701e-10,0.8671352371050424,0.4980727663412065
316.14,30.028190851211548,-0.12719000132580305,-1.583513362580827,9.815950812156148,0.0002135737535930901,-0.00031984755015300925,-1.3487065170080648,-1.1192302607007663e-09,-4.5553810076144945e-10,0.8637634641300397,0.5038974876242923
316.15,30.038340091705322,-0.09026017079018037,-1.6097612444619813,9.82173009764699,0.00033129175582696357,9.056452633664488e-05,-1.3544116538564903,-1.1072430573721663e-09,-4.709911796373397e-10,0.8603383714685298,0.5097233431763529
316.16,30.048182010650635,-0.07520800692561966,-1.587539472718387,9.802114288577329,-6.563272844307883e-05,-2.2954740926403348e-05,-1.3606038711353365,-1.0940520742634077e-09,-4.875130727800746e-10,0.8568583155013161,0.515551963584901
316.17,30.058115482330322,-0.05999391390149137,-1.6351514964516147,9.801070492971753,0.00029767974652841257,-1.8660987389728686e-05,-1.3670599713963982,-1.07972365419386e-09,-5.0504709268584e-10,0.853321671267287,0.5213848150316654
316.18,30.068294048309326,-0.07410416167325846,-1.652721355802095,9.775859445666493,7.308455000117425e-05,0.0002261370552775035,-1.3744935933878837,-1.064331298081348e-09,-5.235445066825938e-10,0.8497268301886926,0.5272232108485713
316.19,30.07849931716919,-0.05099745551015451,-1.677766266795409,9.814550663470275,-0.000133296823632657,0.0002130120248432413,-1.3821157135761126,-1.0479552357203117e-09,-5.429425446250222e-10,0.8460722011268115,0.5330683168979679
316.2,30.0881028175354,-0.017811753457952738,-1.7040245098914224,9.789759565462347,0.00030719651057266133,-2.37959886362966e-05,-1.3903013151080377,-1.0306817908029909e-09,-5.63184322169416e-10,0.8423562141259048,0.5389211524179329
316.21,30.09824275970459,-0.02203722016319968,-1.6964785111308829,9.808276012620397,-0.00016991582287687762,-5.5050278171037836e-05,-1.3985024905664112,-1.0125816731155396e-09,-5.842270724245451e-10,0.8385773169733107,0.5447826020146417
316.22,30.108271598815918,0.03246838385381226,-1.708477666850573,9.797349319268733,0.00047905710156596616,-4.5609156983235625e-05,-1.407527832359382,-9.937613920263492e-10,-6.059942865043975e-10,0.8347339774104365,0.5506534181829372
316.23,30.118167400360107,0.0036240539546825747,-1.6854590872403419,9.833389461723451,-8.66041980018972e-05,-0.0003692362175999252,-1.4165955429603505,-9.742906388077272e-10,-6.284404993471573e-10,0.8308246847509297,0.5565342246515645
316.24,30.128366231918335,0.04195090157476772,-1.7272725720850322,9.77966041280696,-0.00015282815722026245,7.31327979105692e-05,-1.4260610470464352,-9.542556967475228e-10,-6.515105539015455e-10,0.8268479471738649,0.5624255259626518
316.25,30.13832688331604,0.07066807081217089,-1.7619248860942818,9.801530210423682,-0.00011926142120477026,0.00011271171809823405,-1.435605116259063,-9.337548999689577e-10,-6.751389543169102e-10,0.8228022949508056,0.5683277077740337
316.26,30.148213148117065,0.03904929636349601,-1.7340176039039568,9.781374957574549,-4.28168465352909e-05,-0.00010507996992407271,-1.4452644478098724,-9.12873231642905e-10,-6.992687883507775e-10,0.8186862818026721,0.5742410399719928
316.27,30.158108234405518,0.08746498093189524,-1.7231866915048444,9.7949399709186,-3.3294478502886575e-05,-0.00027879139178842627,-1.4552667140491318,-8.916915547047358e-10,-7.238412323659669e-10,0.814498482984306,0.580165684280158
316.28,30.168251752853394,0.0732090015219392,-1.7907865488237005,9.801541744135346,8.867257196742632e-05,4.025095887041153e-05,-1.4660484291727935,-8.703141955071246e-10,-7.487883486485391e-10,0.8102374995165127,0.5861016928633027
316.29,30.17821764945984,0.11285565617506765,-1.7735842118157077,9.808949320056213,-5.011504791407255e-06,-0.00027089413093388297,-1.4770121156457998,-8.488235360659386e-10,-7.74047499746814e-10,0.8059019566677168,0.5920490150647543
316.3,30.188118934631348,0.12054848681378705,-1.7830230611184463,9.76713166061839,0.00021501456949085028,7.065984629091708e-05,-1.487359989818831,-8.273101429623345e-10,-7.995504388795008e-10,0.8014905070930639,0.5980074974778353
316.31,30.198569774627686,0.14712657078073826,-1.7935404969844797,9.796567548514483,0.00023977651132755837,0.00014556387572729304,-1.4983797611931873,-8.058622579257852e-10,-8.252372649239864e-10,0.7970018321707715,0.6039768865746715
316.32,30.208462476730347,0.1416261462660894,-1.791263162449623,9.819801731065228,2.047848872770578e-05,0.0003498695001395522,-1.5096322248562983,-7.845762314370427e-10,-8.510279900408392e-10,0.7924346431680421,0.6099568315111634
316.33,30.21813654899597,0.14738452722252943,-1.814536167398747,9.811586160576235,-5.0456576368397934e-05,0.00027143822585314075,-1.5214181386325965,-7.635372733175479e-10,-8.768493650433592e-10,0.7877876842771577,0.6159468844804992
316.34,30.22835373878479,0.1644364067975938,-1.8130827196760047,9.819936805380085,-0.0001538797823740881,-5.9328622966456034e-05,-1.5333919336831343,-7.428426907169937e-10,-9.026249731344211e-10,0.7830597343581787,0.6219465028657198
316.35,30.238211154937744,0.15959346582178469,-1.8164865256554474,9.78484956527562,0.00011819435355267565,1.873146452195778e-05,-1.5444405408898623,-7.225883697990739e-10,-9.282650580771258e-10,0.7782496086534563,0.6279550514413769
316.36,30.248266220092773,0.22625235278635114,-1.81974020307097,9.796369705081577,0.00018063412207760878,-0.00023982894236882282,-1.5566244200004287,-7.028584787030368e-10,-9.537011645800158e-10,0.773356164630812,0.6339717995522517
316.37,30.25819230079651,0.22374180556130016,-1.83021000180512,9.788400593608264,5.708009401622949e-05,-0.00010044397926585417,-1.5683581547826353,-6.837553210824686e-10,-9.788330241161544e-10,0.7683783025153114,0.6399959251617845
316.38,30.268329620361328,0.2552694368546508,-1.8419333604083559,9.786508341605641,0.00016999992812317193,-0.00017135644717020573,-1.5800551485475032,-6.653642036925635e-10,-1.0035717679212603e-09,0.7633149698371036,0.646026514024449
316.39,30.278262853622437,0.23593929655331108,-1.8366212490505918,9.757555820805067,-9.613072187995858e-05,0.00014129928290984158,-1.5927370798964153,-6.477868419460688e-10,-1.0278201084100035e-09,0.7581651661855177,0.6520625589488224
316.4,30.288171529769897,0.2690001101808364,-1.8610424880887115,9.796582467188813,-3.753106570337565e-06,-0.00027610967941306695,-1.6044706031552523,-6.311174673246918e-10,-1.0514747478408232e-09,0.7529279483777387,0.6581029589294438
316.41,30.298567295074463,0.2455979240156223,-1.8401162692389839,9.787939956401893,-1.2101457426625962e-05,0.0003308855774123901,-1.616417532809471,-6.154534164402839e-10,-1.0744286417737287e-09,0.7476024344679447,0.6641465199619753
316.42,30.308248043060303,0.27915359816910823,-1.828234045954097,9.78470182813731,-9.788124161561142e-05,-0.00020572692642600046,-1.6286417694011752,-6.008832771185183e-10,-1.0965774347120235e-09,0.7421878087912783,0.6701919549514159
316.43,30.31817388534546,0.251321594939327,-1.8534771768652563,9.776593402198477,-0.0003841146407763441,-5.932226156228338e-05,-1.6410851941802722,-5.875168431115443e-10,-1.1177928055113113e-09,0.7366833318208352,0.6762378787212036
316.44,30.328587532043457,0.28199642264043673,-1.8147736724824244,9.799306817424466,-6.088550193781023e-06,0.0002516704916723933,-1.652933357590643,-5.754367131318498e-10,-1.1379702291586394e-09,0.7310883434359888,0.6822828109310842
316.45,30.338196992874146,0.2714655388636446,-1.8391022734751417,9.80789834472457,-8.745412637247919e-05,-0.0001797482836977955,-1.6649494426112683,-5.647454613689236e-10,-1.1569742279416905e-09,0.72540227103348,0.6883251740125954
316.46,30.34817934036255,0.2818669852316422,-1.797644162542764,9.804800183000435,0.0004036520992315896,-0.0001582529873888796,-1.6772104285556246,-5.555439574237044e-10,-1.1746723078822824e-09,0.7196246417791243,0.6943632874398437
316.47,30.358259439468384,0.29793043444237727,-1.8217001306156382,9.79616969512523,4.102308946268877e-05,-0.00011592367349804285,-1.688381325948926,-5.479291611590495e-10,-1.1909337482480973e-09,0.7137550869948353,0.7003953710505196
316.48,30.36824131011963,0.2661037765774653,-1.8277332735369733,9.795378082582246,-0.0003481767029409676,1.7615520922278776e-05,-1.7005627085638946,-5.419858862077269e-10,-1.2056253659682094e-09,0.7077933562027731,0.7064195388826774
316.49,30.3781635761261,0.3054278609194071,-1.5998065904776713,9.814929789773345,0.00016082949826076736,-5.148913888117691e-05,-1.712232847362527,-5.26612208612589e-10,-1.2129054999581665e-09,0.7017386494041474,0.7124344657106667
316.5,30.388155937194824,0.31080498898956715,-1.6068095075197963,9.797591282978876,0.00010786068153982058,-0.0002802122008315456,-1.7260583601289625,-5.055378072098201e-10,-1.225006890203435e-09,0.695586559897851,0.7184422994851245
316.51,30.398597478866577,0.36507993216945767,-1.6079591273817324,9.775986292062708,0.00028437598606326887,-0.00011760423978776055,-1.740782260885168,-4.820026350908589e-10,-1.2438421063589253e-09,0.6893314574722001,0.7244460930526525
316.52,30.408262014389038,0.4350908064018379,-1.6445679491072172,9.78317532996803,0.00022977051930155926,0.0002765695439820051,-1.7569727784165898,-4.5672525514884514e-10,-1.2687667430362859e-09,0.6829677008426154,0.7304485742376062
316.53,30.41819453239441,0.4378393844325318,-1.7060366497301422,9.796221225026006,9.255389229595237e-05,-0.00013794744555171984,-1.7744109482796682,-4.3036738915234185e-10,-1.2991698184084088e-09,0.6764896406745767,0.7364521478412444
316.54,30.428417921066284,0.4765276784854586,-1.7012431468099969,9.803069137267533,0.00013355645001312196,-0.00017338788924258202,-1.7931424165431036,-4.035103186340146e-10,-1.334496502745621e-09,0.6698916308870366,0.7424588896817832
316.55,30.43817114830017,0.5219661394656205,-1.7349855854326235,9.805031641224263,-2.8304319056237585e-05,-0.00022628706780504102,-1.8126197021743837,-3.766965813693656e-10,-1.374209103008991e-09,0.6631680412526338,0.7484705398752478
316.56,30.448171854019165,0.5562063305576187,-1.7589611302517842,9.785017890763493,-2.9846095784570246e-05,-0.0002559883551417078,-1.833814250311978,-3.504174055765763e-10,-1.4178114028397221e-09,0.6563132706393182,0.7544884961235134
316.57,30.45811629295349,0.5440190835575615,-1.7796594168573805,9.787783422211804,0.0001726080728694254,-2.009742448239348e-05,-1.8560262449828748,-3.2511835060094625e-10,-1.46481972333909e-09,0.6493217592352086,0.7605138085424181
316.58,30.4682137966156,0.5871530172601911,-1.8190679012719349,9.794731828424908,-8.476647980840058e-05,-0.00010789245489231658,-1.8789338247764293,-3.012093962200252e-10,-1.5147900109355232e-09,0.6421880033855722,0.766547172917396
316.59,30.478243589401245,0.6195327116321447,-1.8680235224655335,9.769236355861235,6.540032328897308e-05,0.00015210781012701483,-1.9035967350064424,-2.7907556414944494e-10,-1.5672662780164328e-09,0.6349065770084346,0.7725889194593932
316.6,30.488165616989136,0.6136147887409167,-1.885163484733751,9.80912290507578,-0.00010776209265964058,-0.00031262581197306655,-1.9280516309363733,-2.590700465978604e-10,-1.6218080354276315e-09,0.6274721489817363,0.7786390063773082
316.61,30.498255729675293,0.6458212274226675,-1.9194425419714152,9.799044969084417,-0.00016978680104889278,-0.00020821235276282068,-1.9545128223637378,-2.415150146085494e-10,-1.6780067788230206e-09,0.6198795027896817,0.7846970128789946
316.62,30.508265018463135,0.6595441580980657,-1.9887619316832241,9.78064469581991,1.127386186569247e-06,0.00012353296274528834,-1.9813402312071584,-2.2671035186098897e-10,-1.7354237681258158e-09,0.6121235649971504,0.7907621267961557
316.63,30.518167972564697,-0.00306681931052676,-2.0026090548064444,9.836007066140446,-6.263231358405918e-05,0.0003483913036804087,-2.0002814890973433,-2.5573148023877833e-10,-1.7395629434988801e-09,0.6042071100588149,0.7968273138857472
316.64,30.52863574028015,0.005797162586820048,-1.9911133243041916,9.79077338111857,-0.0002465181336394897,-3.19851849901377e-05,-1.9997681288695168,-3.638117972533233e-10,-1.6358979842413022e-09,0.5962087715738338,0.8028294343747121
316.65,30.538167476654053,-0.0024811104450756637,-1.9674185711001182,9.819849081796779,0.00015302423426564787,9.482606445958664e-05,-2.000019300244148,-4.612538733831538e-10,-1.5399891457282095e-09,0.5881508128193395,0.8087512728768655
316.66,30.54820418357849,0.023963064430174954,-1.960134258436129,9.786317576963697,-0.00011938312230553864,9.014741446165813e-05,-2.000046263070179,-5.491294459896539e-10,-1.4511931272124577e-09,0.5800340395858311,0.8145922372093553
316.67,30.55833625793457,0.008457397490531825,-1.9799714946871558,9.779067593944069,-0.0002494940776683462,-3.318205495761041e-05,-1.9997981262645155,-6.284098725379844e-10,-1.368908282901376e-09,0.5718592635455592,0.8203517432767061
316.68,30.56827974319458,0.047391189767132455,-1.9772854799208015,9.8226116088491,0.00012680604709196532,0.00023121370778506618,-2.0000194477352977,-6.999609535679094e-10,-1.292584762371561e-09,0.5636273021714026,0.8260292151292147
316.69,30.578330516815186,0.007746507965454463,-1.984607912351092,9.835339513949853,7.057322047956863e-05,-0.00014609477877551366,-1.9999978253101494,-7.643595467442685e-10,-1.2219167798213221e-09,0.5553390137215303,0.8316240616040388
316.7,30.5880868434906,0.01138549762556165,-1.9851043811622866,9.811939348963797,-0.00012234287770484205,6.5208479861438504e-06,-1.9992716665342365,-8.197288112525165e-10,-1.1589141379269277e-09,0.5469968759310243,0.8371346473069309
316.71,30.598332166671753,0.045187720248383544,-1.9731344421701236,9.783579395518823,0.00019580060978899568,0.0001730570548900245,-1.9973519122510819,-8.663117036839635e-10,-1.103377288734573e-09,0.5386056850182299,0.8425579600633082
316.72,30.608328104019165,0.035537892168039625,-1.9277871623282328,9.778602467765108,-2.0407855269507973e-05,-0.00012438184698999438,-1.9948226418548067,-9.05136135972119e-10,-1.0542700891015107e-09,0.5301705894484859,0.8478909989402205
316.73,30.618171215057373,0.07535994357130608,-1.9041800634178445,9.802880628418396,-2.323765760303173e-05,0.00016896007496990443,-1.9907504487092227,-9.371604805980904e-10,-1.0105996555333909e-09,0.5216969227124564,0.8531308931414647
316.74,30.628475427627563,0.08242370422601579,-1.8684662384737956,9.817950665437497,0.00019804676922976672,0.0002720998572318514,-1.9861467758121578,-9.632443303314861e-10,-9.71420574597358e-10,0.5131901934598707,0.8582749124474165
316.75,30.638214826583862,0.07359230833509559,-1.8223706297825257,9.793179438559436,4.4169414752145046e-05,0.00015767140089652357,-1.979950880877229,-9.841736571737235e-10,-9.35846833613927e-10,0.5046560793088234,0.8633204744569924
316.76,30.6482150554657,0.11022941560995131,-1.8185242712647534,9.78423951528184,0.00023764146738531732,-4.746753211286665e-05,-1.9732529986505003,-1.000658458451796e-09,-9.030311879027148e-10,0.4961004149968545,0.8682651543393578
316.77,30.658479928970337,0.07008656713795175,-1.7533051338159822,9.804817789214756,4.0254596379466086e-05,-2.2825791976488407e-05,-1.9650381119487899,-1.0133391553940337e-09,-8.721753191430099e-10,0.4875291882433252,0.8731066891341541
316.78,30.668248176574707,0.06834230131643503,-1.7505718890111985,9.763222059380722,-0.0003428668316396754,0.00030435757097284696,-1.9564403337395961,-1.022795170210436e-09,-8.425274349421788e-10,0.478948532093394,0.8778429834575106
316.79,30.678129196166992,0.12121544239510176,-1.6741691286514118,9.792447661445115,-0.00021422412285025072,0.00010453013162060914,-1.9453091240910607,-1.0295285635260861e-09,-8.133958495188537e-10,0.47036471943780633,0.8824721132750846
316.8,30.68814969062805,0.0744757823808907,-1.6609167674641718,9.803977834504707,-0.00027176572121492354,0.00011655901768793677,-1.9342583742315014,-1.0339984569068908e-09,-7.841239312758522e-10,0.46178415941997514,0.8869923281002982
316.81,30.698378324508667,0.08144466062579833,-1.6023183104160257,9.800779607997788,-0.00021356776704751647,1.1321786298391971e-08,-1.921930341213117,-1.0365967084276458e-09,-7.541140433120717e-10,0.4532133950970404,0.8914020521092679
316.82,30.70823359489441,0.07866127912120313,-1.5898480002574729,9.77679789128528,0.0002915032133144474,-0.0001854359020284605,-1.9082714296516967,-1.0376646505511121e-09,-7.228215180049462e-10,0.4446591047482533,0.8956998830883489
316.83,30.718175649642944,0.03592802633192879,-1.5194949573378227,9.78607421036888,-0.0001727870801493688,-2.6912466669100833e-05,-1.8938884384599528,-1.0374895015418042e-09,-6.89740744200191e-10,0.4361280954528662,0.8998845950213036
316.84,30.728480100631714,0.05318176602809795,-1.4793827419216419,9.806076244247748,-0.00018949900329913384,0.0002100546699365298,-1.8781259354527757,-1.0363228713195985e-09,-6.544194507804982e-10,0.4276273074735938,0.9039551348949153
316.85,30.738173484802246,0.007154578250195054,-1.4139636157145739,9.820689937463385,0.00021445520163020668,8.168123780574922e-07,-1.8606874337850765,-1.0343680685015076e-09,-6.164510945142756e-10,0.4191638161584467,0.907910620724027
316.86,30.748189449310303,0.0030135932682618695,-1.3776537234073676,9.79752724068781,-6.080564946045404e-05,0.0001360782027497342,-1.842108445670387,-1.031792629761603e-09,-5.754664894475272e-10,0.4107448350258285,0.9117503389084124
316.87,30.7582848072052,-0.039458576901514,-1.3555536414776415,9.787664276561282,-0.00019033495418035263,0.00015764138562861864,-1.822852088333944,-1.0287269878939246e-09,-5.311488091702506e-10,0.40237772152991513,0.9154737403204933
316.88,30.768227577209473,-0.04000429599524734,-1.289687920503639,9.817436729570538,-0.0001316880945263669,-0.0005230106269507237,-1.8022064689475248,-1.0252793077889957e-09,-4.832073205284987e-10,0.3940699782689675,0.9190804383877917
316.89,30.778159856796265,-0.09598573512767605,-1.2219671492842892,9.778632096863689,0.00043185720192569926,-0.00025326113869355405,-1.7791433739129283,-1.0214922766653924e-09,-4.3033041940665136e-10,0.3858296233316429,0.9225700524945315
316.9,30.788246631622314,-0.11651222983181385,-1.1591771082614333,9.773574873391498,-0.00010380759720325879,-2.1625468758215834e-05,-1.755283791145981,-1.0180513040771319e-09,-3.6964181259983433e-10,0.3776670632497134,0.9259414610742609
316.91,30.798404932022095,-0.15481602845369172,-1.146130000647941,9.816704480778368,-0.00028456108901839765,-0.0001907135536855686,-1.7309868611722397,-1.0164136343297394e-09,-3.045834063146528e-10,0.3695888229881789,0.9291954056721399
316.92,30.80821967124939,-0.1522023523159124,-1.1154869967270622,9.792881466903767,0.0005018896844014285,0.00015501475420274895,-1.7072148754622085,-1.016722198818273e-09,-2.377779603491195e-10,0.36159470537043653,0.9323353844234741
316.93,30.818188190460205,-0.21856038194414928,-1.1321110299902755,9.804876062155873,-2.1690706231399483e-05,0.00022729633803744584,-1.6840075708945552,-1.0185884024278293e-09,-1.699452161817963e-10,0.3536834559898757,0.9353651762595493
316.94,30.828290462493896,-0.21199967704252126,-1.129376932911738,9.796340620841166,-5.486604343924557e-06,6.364338123797484e-05,-1.661362702860383,-1.0216711144793168e-09,-1.0176136973519389e-10,0.3458536265103636,0.9382884785766209
316.95,30.838185787200928,-0.22973067289863436,-1.1714090743066001,9.804223124275563,0.00015663681128773123,8.900656543689506e-06,-1.6399060548746653,-1.0256578223450136e-09,-3.3828642055249887e-11,0.33810359795450373,0.9411088975512979
316.96,30.84818124771118,-0.2012221325392536,-1.4618178249752074,9.809655764024535,0.00024225315505396945,1.1899893675571038e-06,-1.6243158802268154,-1.039121597826075e-09,3.28887191396274e-11,0.33042534356742254,0.9438321314345844
316.97,30.858734607696533,-0.14618787542085535,-1.6186558277417877,9.80197530528688,-5.111756051946892e-05,-9.566482916289698e-05,-1.620125382513171,-1.0740041587981489e-09,1.0989467831090402e-10,0.3227629441516733,0.9464798370184881
316.98,30.86823344230652,-0.13272012887685908,-1.6737814293802908,9.791589287215134,-8.107506879027828e-05,-1.9950920844183647e-05,-1.619414982425989,-1.1118751596915214e-09,1.895167367595465e-10,0.3150890543701625,0.9490621095671857
316.99,30.878251791000366,-0.1492176311994246,-1.5354192256501098,9.783110219147877,-0.00014488325189787775,0.0001813090499173318,-1.620848056450859,-1.1407138145487298e-09,2.355661071769088e-10,0.3073908195169333,0.9515833563470455
317.0,30.888352394104004,-0.17418738286369143,-1.6023659849066596,9.802189079623211,0.0004644742358616734,-2.4398655711323525e-05,-1.6160535265998022,-1.1489994622831659e-09,2.5762092656338415e-10,0.2996814550106482,0.9540393207424424
317.01,30.89944338798523,-0.17086777436259412,-1.6102783172830273,9.785368603207438,2.8887457469901634e-05,-0.00013523421293144876,-1.612177079973222,-1.1570412201081973e-09,2.75983033028095e-10,0.29197305206530694,0.9564265454637223
317.02,30.90971851348877,-0.16196399091247668,-1.6041869071610795,9.810246565438085,-0.00021277031327360442,8.666477264273145e-05,-1.6092309142183772,-1.164741695606198e-09,2.906218421064698e-10,0.2842611071016312,0.9587469024666285
317.03,30.91943097114563,-0.14692700397309064,-1.6602795473974972,9.779240694800961,0.00011327061424644606,-0.00022903396159381972,-1.6077679478880182,-1.172037191669712e-09,3.015458920496114e-10,0.2765413450073263,0.9610020210704756
317.04,30.929561853408813,-0.15773168949369276,-1.6728391629324724,9.797544897866434,-5.7813190022370476e-05,0.0004090793073451857,-1.6065386540486695,-1.1788861047282457e-09,3.0881244528542795e-10,0.2688097083575889,0.9631933039077399
317.05,30.939425706863403,-0.11241540137320102,-1.6990276489464322,9.816651229725487,0.00012538430579386533,-0.00035939891755193106,-1.6072563756260994,-1.1852790074911595e-09,3.1249757841163893e-10,0.2610623508498298,0.9653219405818767
317.06,30.94943618774414,-0.1279707869236176,-1.7246123573040764,9.789611309860057,0.00019639272803917025,0.000274592275500808,-1.607942967277306,-1.1912089538044184e-09,3.1270716212326615e-10,0.2532956261079738,0.9673889216827788
317.07,30.959999799728394,-0.06473459012264154,-1.7430138474698955,9.814213283537619,3.320139539054637e-05,-9.243796353471387e-05,-1.6098923725646574,-1.1966858648379725e-09,3.0955596228808994e-10,0.2455060773079548,0.9693950515681728
317.08,30.969487190246582,-0.08652849519571369,-1.713017324678396,9.801692037221079,0.00019064475727357294,6.882731016076531e-06,-1.6119570717969074,-1.2017221985870092e-09,3.0318353823029804e-10,0.23769043040950047,0.9713409593401003
317.09,30.97949481010437,0.06555704584586033,-1.9479513591621929,9.807320010810304,-0.0003020085995808993,-0.00021235692603026438,-1.6098302042927835,-1.207054853943048e-09,2.7214264775616844e-10,0.2298534966451076,0.9732252411852138
317.1,30.989718914031982,0.09990445770475527,-1.970780219297853,9.780412240663647,0.00016719165754067031,-0.0005034200245581885,-1.6026234349754769,-1.2118418957745644e-09,2.1732521598864945e-10,0.22203169750001225,0.9750394480764679
317.11,30.99961233139038,0.13634954576200425,-1.9708013097385166,9.816996438993202,-0.00015357137438591823,8.752158823817044e-05,-1.596761578293701,-1.215238607239697e-09,1.6074529706721482e-10,0.21422708832778653,0.9767838832754147
317.12,31.00954794883728,0.1559794228195247,-1.9565073087264464,9.811132435577909,-4.67883853930505e-05,-0.00013314013960485712,-1.591471235493556,-1.2174069955583184e-09,1.0259897410684926e-10,0.20643663383571528,0.9784599716956125
317.13,31.01936936378479,0.17247645856255867,-1.942794166885797,9.824782868944332,-0.0002945215103957433,-6.692394167592579e-05,-1.586528675530802,-1.2185150130539698e-09,4.31009166073945e-11,0.1986574972396734,0.9800689765472985
317.14,31.029715538024902,0.1863737557315791,-1.9437484242952656,9.796059832570052,0.0003099048282822544,3.4920435181857805e-05,-1.582443090800924,-1.2187083415035688e-09,-1.7528229593298527e-11,0.19088702957627257,0.9816120119169015
317.15,31.039528131484985,0.23929649692208813,-1.9305560455768005,9.784077392021432,-4.257159275215329e-05,1.2486420587083956e-05,-1.5794096601480883,-1.2181255457719532e-09,-7.905026721503754e-11,0.18312276540720507,0.9830900532451835
317.16,31.049456357955933,0.2630629866505894,-1.9107734508776193,9.830290499923757,-3.684369482277883e-05,-0.00016696640544873443,-1.5765907713632556,-1.2168938528252142e-09,-1.4123314488082986e-10,0.17536241592326318,0.9845039477226876
317.17,31.059715509414673,0.25888471594663764,-1.9449782784942387,9.810068237795095,0.00012705963219084826,2.887044776154427e-06,-1.574033429283896,-1.215138026909357e-09,-2.038281624315354e-10,0.16760386536294544,0.9858544234903039
317.18,31.06940722465515,0.33191486155761957,-1.9283529460474846,9.796609179797699,-0.0002434354466095741,-0.0002354187549103803,-1.572026812826828,-1.2129629037276061e-09,-2.6657756256687266e-10,0.15984516905345783,0.9871420981450804
317.19,31.079407930374146,0.2929539745567674,-1.9137033898600635,9.794794294694592,6.112840802286714e-05,2.8783790105498143e-05,-1.5708687430894648,-1.210464273894468e-09,-3.2924565012290796e-10,0.1520845485422069,0.9883674873723401
317.2,31.08952283859253,0.3422306162052069,-1.879537353797269,9.789611230960576,-2.3496085963218613e-05,0.00014984399719767956,-1.5698264391512728,-1.2077348900378576e-09,-3.915578415551192e-10,0.1443203913887238,0.9895310124646955
317.21,31.09956431388855,0.3631682096783001,-1.9113403907156588,9.795032685720772,0.0003842023571572292,0.00021372210817484648,-1.5689032337225555,-1.204853532367988e-09,-4.5327366958768597e-10,0.13655124112794814,0.9906330090131344
317.22,31.10959243774414,0.3887301234972276,-1.8688430957775553,9.809634735538623,-0.00021493731309410092,0.00016278437343390288,-1.5686504939182868,-1.2018865697639275e-09,-5.14138765454004e-10,0.12877580246527173,0.9916737329885396
317.23,31.119420051574707,0.4225288822443885,-1.838680263222381,9.812889884334675,0.00018669586547756113,5.448466569719671e-06,-1.5686006176538696,-1.1988942905854516e-09,-5.739099123526363e-10,0.12099293198529242,0.9926533687091392
317.24,31.129595041275024,0.4609706279124113,-1.835100257669299,9.7922386622875,0.00021655582210082833,0.0004140401310591793,-1.5691262367457945,-1.1959281341882563e-09,-6.323292611981844e-10,0.1132016440867737,0.9935720345179062
317.25,31.139474868774414,0.4294912485616628,-1.7990030329575744,9.833584281996876,-2.80752608037154e-05,0.0004942185569596367,-1.56959448733068,-1.1930329916284507e-09,-6.891644332720223e-10,0.10540110984482809,0.9944297893986677
317.26,31.149426460266113,0.4442587983620771,-1.7960817393759894,9.782903978862098,0.00024289918269367888,-0.00025029975568517784,-1.5707298923566404,-1.190237575169578e-09,-7.44176378776839e-10,0.09759064529124795,0.9952266404953386
317.27,31.159529447555542,0.4702151826654783,-1.7809455635303804,9.811272923442356,-0.0003899374838129569,0.00025596800084181926,-1.571501130684641,-1.1875642336662897e-09,-7.971228079762083e-10,0.08976972211452398,0.9959625479863594
317.28,31.16943883895874,0.48698916313455265,-1.7228255661262182,9.814943029607743,0.00021061218183018675,-0.00021740573664815642,-1.5726608939829398,-1.1850331402940304e-09,-8.477759922170915e-10,0.08193796717305285,0.9966374313337563
317.29,31.17937159538269,0.5242682787162904,-1.7676107582463298,9.795095199265461,-1.2891877944990988e-05,-0.00010547955692622268,-1.574037748318349,-1.182652832262374e-09,-8.959199918990694e-10,0.07409515671029726,0.9972511758589591
317.3,31.189988613128662,-0.022661614493668884,-1.5568629308246749,9.800437050623017,-0.000272295835977273,0.00014168517019093208,-1.5699968164188869,-1.1806630818477616e-09,-9.027590562877298e-10,0.06624594120059388,0.9978033249465785
317.31,31.19944190979004,0.007875717706336377,-1.5309420208860585,9.800472873367557,0.00012902956447313595,-8.50439759735453e-05,-1.5497766450432668,-1.1780847635487174e-09,-7.973845270028562e-10,0.058466143739718666,0.9982893919281155
317.32,31.20989966392517,-0.04219279190238536,-1.535039109288054,9.789571924138729,-0.00021648513325359375,-0.000284472633017932,-1.5302518818151163,-1.1735213840546645e-09,-7.013741905218786e-10,0.05078266513133033,0.9987097280602403
317.33,31.219501972198486,0.0038120263038608224,-1.503510934228686,9.809360765189032,-0.00036587584634576825,2.6211487729962636e-05,-1.5098809295204643,-1.1672424536407963e-09,-6.138798579425414e-10,0.04319608655184235,0.9990666134480752
317.34,31.229499578475952,-0.028959284616891966,-1.482584928156004,9.792219146282452,8.670186343012184e-05,-0.0001383084688940508,-1.4902339474109534,-1.1594813142785235e-09,-5.341297773415613e-10,0.03570695280392718,0.9993623034322727
317.35,31.23947286605835,0.006392372984955747,-1.455063267277446,9.791335851520886,-7.916004272757318e-05,0.00027729456215427005,-1.470158780732029,-1.1504447319575417e-09,-4.6141441447469764e-10,0.028315773408350488,0.9995990280989108
317.36,31.249479293823242,0.007723476146528099,-1.463615498889735,9.830347325458627,0.0002092015017449034,0.00013137677546121122,-1.4501595721094909,-1.1403110299134569e-09,-3.9509643712685527e-10,0.021023023687154564,0.9997789918152158
317.37,31.25965905189514,0.0049786586543633556,-1.4500809186714319,9.810204871299245,0.0005118667826911182,6.994926629209091e-05,-1.4299405093896267,-1.129238960844145e-09,-3.3460575512780365e-10,0.013829145840087159,0.9999043727903851
317.38,31.269423961639404,0.02476786601730027,-1.4255089308878368,9.791592061927066,0.0001739701041884243,-0.0004128191193041721,-1.4101978976385683,-1.1173625030214767e-09,-2.79411370216595e-10,0.006734550064506348,0.9999773226605835
317.39,31.27937936782837,0.018135237645685618,-1.4185899136053408,9.804581552728164,0.00018216311176217417,0.00015958048173956118,-1.3900706458614467,-1.1048043286753387e-09,-2.2904291846815314e-10,-0.0002603845469937016,0.9999999660999456
317.4,31.289666891098022,0.000210662900591328,-1.3620157273831626,9.799481890259909,0.0001299309274078561,0.00014848544139613737,-1.3700274352630384,-1.0916614935384443e-09,-1.8306606439550798e-10,-0.007155309064539131,0.9999744004484269
317.41,31.29944920539856,0.018884479000932135,-1.3626596298530045,9.864554757335918,-0.0004690865282612283,0.00010133974319582239,-1.3500927123669653,-1.078027244717797e-09,-1.4109445093319417e-10,-0.013949903358356964,0.9999026953640502
317.42,31.309529542922974,0.021275807560664654,-1.3057486383448917,9.783895735920527,0.00032934036375113855,0.00043344536984262936,-1.3302548798253506,-1.0639798778204707e-09,-1.0276711331398452e-10,-0.0206438752112409,0.9997868925007283
317.43,31.319456100463867,-0.0036042423637887605,-1.308686633938016,9.795374868795154,-0.0003153052728897155,-0.00013291487733705542,-1.31012810929767,-1.04959006395132e-09,-6.776371410043095e-11,-0.027236959161726877,0.9996290052092438
317.44,31.329606294631958,0.021682041845470533,-1.2787255384838396,9.779596619950746,-0.000305950965613492,-0.00013579700629522235,-1.2900896792715855,-1.0349112702141432e-09,-3.579555238970869e-11,-0.033728915704064194,0.9994310182525996
317.45,31.339422464370728,-0.02175133977204223,-1.2827665845645486,9.794755777343621,-5.700876174283205e-05,8.41217362182857e-05,-1.2695759394010144,-1.019994958383147e-09,-6.595895033106091e-12,-0.04011953027229514,0.9991948875423304
317.46,31.34940195083618,0.01897136760604926,-1.244799050035431,9.822290150342615,0.00019056255348092778,0.00033451473556624485,-1.2499268198220437,-1.004888834755226e-09,2.007974274138193e-11,-0.04640861225716409,0.9989225398940421
317.47,31.359633684158325,0.009643093821484561,-1.2628841464640428,9.777453715696401,-4.497830127374287e-05,3.690424330308497e-05,-1.2297594220209973,-9.89626111359373e-10,4.444391995735401e-11,-0.052595994049445205,0.9986158728009238
317.48,31.3694007396698,0.0028738475988921712,-1.211214572239069,9.793032622357794,0.00020624480630305626,-5.801408076840038e-05,-1.210159175702295,-9.742431231348222e-10,6.670023625192982e-11,-0.058681530094839326,0.9982767542248635
317.49,31.379392623901367,-0.004668488270301788,-1.1711998231559322,9.807969872465316,-0.00030871014684556475,0.00016095881502453132,-1.1900408401608304,-9.587615225423603e-10,8.703122046332702e-11,-0.06466509596384395,0.9979070224043856
317.5,31.38953185081482,0.005518895999827194,-1.1519398265572007,9.798694799356,0.00018799061423291924,0.00020255871585713676,-1.1702490175041265,-9.432166497945467e-10,1.0559027972234746e-10,-0.07054658743436455,0.9975084856788766
317.51,31.399588346481323,-0.00956217763249953,-1.1441698208767817,9.790006099432704,2.4574736717634064e-05,0.0001855147220956936,-1.1500418769734349,-9.276191356378313e-10,1.225240186222256e-10,-0.07632591958909318,0.9970829223283685
317.52,31.409537076950073,0.03609208837421937,-1.1385602429165513,9.822799534048661,-7.868460951608284e-05,-1.4455011301250017e-05,-1.1298272258768014,-9.119891649190268e-10,1.3797986137194392e-10,-0.08200302592601807,0.9966320804283679
317.53,31.419400215148926,0.004379248996882688,-1.1147805573124252,9.790913396954174,9.472526167037109e-05,1.975298967664905e-05,-1.1102973226479202,-8.96344988959744e-10,1.5205987830396453e-10,-0.0875778574841538,0.996157677718987
317.54,31.42949151992798,0.007587909703993001,-1.090504981105423,9.794099942314988,0.00010024118944228584,2.193371037010872e-05,-1.0900015326563364,-8.806934351700217e-10,1.6488833155286329e-10,-0.09305038198348478,0.9956614014878389
317.55,31.43937063217163,0.02021301820119752,-1.0760135962012192,9.806503883882643,2.3425591117603074e-05,-0.0002658849484277567,-1.0700041237960676,-8.650491572723193e-10,1.7656372641257802e-10,-0.09842058297907952,0.9951449084661279
317.56,31.449448823928833,-0.012979435778972755,-1.0390489921129848,9.829529339473,8.555346813744566e-06,0.00031539709764056103,-1.0501413864727687,-8.494255707140426e-10,1.8718667007927932e-10,-0.10368845903035656,0.9946098247372737
317.57,31.459596872329712,0.03390824474380003,-1.0169209072532752,9.793400515761657,-4.94142438293534e-05,-0.00036837272563999997,-1.030075797168209,-8.33824063697073e-10,1.9682612726221638e-10,-0.10885402288473102,0.9940577456575702
317.58,31.46941113471985,0.005483046598317778,-0.9897917609092771,9.790634728398095,-0.0002375343213551701,0.0001995636736236251,-1.0100151083179445,-8.182591848492669e-10,2.0556600532422268e-10,-0.11391730067706031,0.9934902357881794
317.59,31.479393005371094,-0.012762397628909638,-0.9802148932311637,9.785253878993194,-0.00017456409420554635,-0.00043696382231281843,-0.9902067856220467,-8.02727721537971e-10,2.134732732863466e-10,-0.11887833163300897,0.9929088287794365
317.6,31.489469528198242,-0.0021527855866070285,-0.9734588210353864,9.825806909034872,-0.00015325527473588666,-0.00012994557469947306,-0.9701934905658653,-7.872327811092126e-10,2.206232029253182e-10,-0.12373716611700679,0.9923150274591896
317.61,31.499475717544556,0.0018111813342248284,-0.9505253164369096,9.825705709566131,8.571254872580563e-05,0.00036495961586444683,-0.949910468529357,-7.717822715400009e-10,2.2705550985876852e-10,-0.128493865436776,0.9917103037405206
317.62,31.509615659713745,-0.0035586670202252604,-0.9405322875090513,9.806211958473515,0.0002327014201307609,0.00018216169765257776,-0.9301500442347619,-7.563792458615635e-10,2.3282281435927829e-10,-0.13314850157094577,0.9910960985340482
317.63,31.519655466079712,0.0217740817190194,-0.9317089890589615,9.757483596642858,-6.905128412063975e-05,0.0002275193700505743,-0.9101876567555592,-7.410253845612804e-10,2.379833414602119e-10,-0.13770115610795,0.9904738217674074
317.64,31.529417991638184,-0.007556449231877753,-0.9125087011105378,9.79703964132648,0.00021844236703063034,6.281978926647336e-06,-0.8902885525667841,-7.257201939691694e-10,2.4257217232484066e-10,-0.1421519195366407,0.989844852374375
317.65,31.53938317298889,-0.019950707262771063,-0.8939092922216268,9.774519875550162,-5.727328641023351e-05,0.0003865032472850694,-0.870137283613122,-7.104641515083221e-10,2.466340530268011e-10,-0.14650089055214788,0.9892105382917368
317.66,31.549465656280518,0.0010236350343372977,-0.8663102809743839,9.820290561059128,-8.036886621980491e-05,9.904455691809536e-05,-0.8502047871181658,-6.952555478665753e-10,2.5020579101960394e-10,-0.15074817537749902,0.9885721964633412
317.67,31.559643030166626,0.02315363113984488,-0.845211513652631,9.781439715062277,0.00018784182041904006,7.615087933741329e-05,-0.8297709978935687,-6.801025156267728e-10,2.5332009051654234e-10,-0.15489388710078286,0.9879311128508961
317.68,31.569395065307617,0.016625910156716547,-0.7933739803357536,9.800557025584535,0.00026787942705191965,9.760120620525907e-05,-0.8101580989947934,-6.650022124707898e-10,2.5600416375574824e-10,-0.15893814502750472,0.9872885424510992
317.69,31.579388856887817,0.02641395805501699,-0.8229509140062924,9.799036219952162,-0.00019677831068380477,-0.00016542170982665767,-0.7903368795302339,-6.499525450015901e-10,2.5828345686950247e-10,-0.1628810740489549,0.9866457093185268
317.7,31.589573621749878,0.023305601630340646,-0.7374815552790224,9.794702135343082,-7.173151360051709e-05,4.8199481819098004e-05,-0.7703349790369104,-6.349591040895052e-10,2.6019416728502554e-10,-0.16672280402533515,0.9860038065940363
317.71,31.59943962097168,0.025751943277894596,-0.7467896573518402,9.799560287979567,-1.2619812238782422e-05,-0.00027940914310340987,-0.7505916362641519,-6.200213341912892e-10,2.6175630344714104e-10,-0.170463469185817,0.9853639965378966
317.72,31.60959005355835,-0.008686414039585214,-0.7380949045943888,9.788579294380563,0.00028312393221499685,-3.4738081412699714e-05,-0.7297747793140564,-6.051409533949019e-10,2.629902419261142e-10,-0.1741032075430726,0.9847274105676219
317.73,31.619471788406372,-0.009846532052335788,-0.7140287771917487,9.780376905791307,-0.00029152112258394895,0.00030237619631709125,-0.7102440061581141,-5.903155725470505e-10,2.63917608429091e-10,-0.1776421603238069,0.9840951492998484
317.74,31.62963843345642,-0.037729897492103065,-0.692577713887206,9.811889136556097,1.8018271104139913e-05,0.00024537269969459615,-0.6897728735151236,-5.755457531460216e-10,2.645567055576779e-10,-0.18108047141478442,0.9834682825959358
317.75,31.6393985748291,-0.02201932251133367,-0.6461722719148504,9.810989454286283,0.00033195204240930127,-0.00030234513877622937,-0.6702382130058632,-5.608323993167584e-10,2.649220601832145e-10,-0.18441828682431458,0.9828478496109074
317.76,31.649503231048584,0.0002690994917288826,-0.6687473314843702,9.830110085440964,0.00012137251926142101,-0.000256893500628905,-0.6501224709594828,-5.46172051518606e-10,2.650351222377624e-10,-0.18765575415953606,0.9822348588452844
317.77,31.65963363647461,-0.02422940027987627,-0.6400994249319262,9.7945187159034,0.0002797610106703675,3.4098453913992295e-05,-0.6301719072003118,-5.31561082959219e-10,2.6490374053975727e-10,-0.19079302211879437,0.9816302881995732
317.78,31.669415950775146,-0.01904511118942863,-0.6072529130911979,9.815921276228583,4.6876657047774705e-05,-6.448305108963304e-07,-0.6104162096522567,-5.169986646977009e-10,2.6454983438780965e-10,-0.19383023999995605,0.9810350850308869
317.79,31.67940878868103,-0.01066052694852151,-0.5814998765849823,9.795618342012121,7.047203781402959e-05,2.636131542376194e-05,-0.5899252915619864,-5.024889158250099e-10,2.63980890151334e-10,-0.19676755722396702,0.980450166211477
317.8,31.68958044052124,-0.0221920031345483,-0.5734528353041003,9.829889098127124,0.00016164826717719185,4.181300387957904e-05,-0.5701397685872889,-4.880242972965438e-10,2.632041076798527e-10,-0.19960512287408397,0.9798764181887539
317.81,31.69950246810913,-0.007068192878043049,-0.5451228741022314,9.795424021495915,4.132581159588969e-05,-0.0005300176510358468,-0.5497528656900618,-4.736075547199467e-10,2.622439773372684e-10,-0.2023430852491571,0.9793146970467932
317.82,31.709524869918823,-0.02455638214884218,-0.5233702237331838,9.81755117893783,6.200545145314555e-05,0.0004952169530573541,-0.5299217328805499,-4.592456967406104e-10,2.6109704025334216e-10,-0.20498159143467032,0.9787658285682587
317.83,31.71969437599182,0.0069561238289945855,-0.5403380595887112,9.824936649774394,0.00015240020728517532,-0.0001697365679715502,-0.5099427995394241,-4.44928576737372e-10,2.597949631932444e-10,-0.20752078688709588,0.9782306082973281
317.84,31.729488372802734,0.003435236497859186,-0.4867832967017701,9.826876413604564,9.497395891357803e-05,-0.00028458329549169685,-0.490115358386456,-4.3066258808903634e-10,2.58322582273203e-10,-0.2099608150347665,0.9777098016026722
317.85,31.739437103271484,-0.018228023196451185,-0.4614803016616468,9.802462820454071,-0.0003154721197160364,-0.00020711944205147227,-0.46996353561322346,-4.164396435787271e-10,2.5669636797933623e-10,-0.21230181689283018,0.9772041437407044
317.86,31.749528884887695,-0.013019844960847154,-0.44226916863438726,9.791276514263275,-6.562004529096728e-05,-9.479768048627613e-05,-0.4499841763145047,-4.022586244318248e-10,2.5493050212263874e-10,-0.2145439306946824,0.9767143399183178
317.87,31.759695291519165,-0.001992616511238518,-0.42040460498052434,9.809493431729564,0.0001354654297860501,-1.699984142689377e-05,-0.4303166697938502,-3.881173116666041e-10,2.530409788704626e-10,-0.2166872915381755,0.9762410653551968
317.88,31.769402503967285,-0.024178497899109003,-0.42467767862483086,9.79605091824722,-0.00029568857192947227,3.410030670274036e-05,-0.40981516683675057,-3.740154635862951e-10,2.5101110352677246e-10,-0.21873203104604502,0.9757849653455786
317.89,31.77943992614746,-0.004376116475392674,-0.40159961734709754,9.786548306211655,-0.000408296267042656,0.00010185191494181586,-0.39010147202354967,-3.599621407992547e-10,2.4886896923407713e-10,-0.22067827704239995,0.9753466553188143
317.9,31.789455890655518,0.013059392816201136,-0.36099687147759385,9.808362551774943,0.00011355249728037354,-0.00012458936301132853,-0.37015992393770797,-3.4594933927350085e-10,2.466097485239835e-10,-0.222526153244129,0.9749267208987404
317.91,31.7994167804718,-0.003910374041312295,-0.38174231824450255,9.754837743317635,0.00012507988559252106,-0.00027333570350997747,-0.3501302609103886,-3.3197752603384007e-10,2.4424600246044845e-10,-0.22427577896721798,0.9745257179616388
317.92,31.80950689315796,0.0012490969064922368,-0.34972535140967,9.798792208909287,0.00036353305748420016,-0.0003287263694376553,-0.3300484491375438,-3.180438112476117e-10,2.417934806570045e-10,-0.22592726884047398,0.9741441726943113
317.93,31.819415807724,-0.01199606777054704,-0.3194280864636061,9.757602930043198,0.00010991624156863632,0.00020716406330408306,-0.31028662379802313,-3.041438318221224e-10,2.3924035537201246e-10,-0.22748073251116413,0.973782581655774
317.94,31.829529523849487,-0.030578528111831163,-0.2718118523906432,9.795977151676123,8.850924210488145e-05,0.00011567875942662674,-0.29006754508574195,-2.902785540290409e-10,2.3658957152480365e-10,-0.22893627447427098,0.9734414118116412
317.95,31.83936595916748,0.010128349279973503,-0.2711209143358226,9.796795900610741,7.982193661058044e-05,-0.00021916198799175088,-0.2701990223158018,-2.764476929811383e-10,2.338653137469708e-10,-0.23029399380655566,0.9731211005916098
317.96,31.849427223205566,0.02050114625158028,-0.26726869716257706,9.80705632439184,2.191612485357355e-05,-0.0001311259127750066,-0.24987929036407952,-2.626560812043259e-10,2.3107339012434033e-10,-0.23155398393957483,0.9728220559391687
317.97,31.85963225364685,0.009124049656693821,-0.22771477128935985,9.77165363454759,-2.018215594117735e-05,7.557774979922661e-05,-0.23008656303339248,-2.4889259104385966e-10,2.282178048636343e-10,-0.23271633245556028,0.9725446563569372
317.98,31.869385242462158,-0.005839772623590305,-0.2333368959039447,9.802845494630482,-0.00011261139162698446,0.00015680073729771484,-0.21000934951200373,-2.351626978403509e-10,2.2529092520427165e-10,-0.23378112089785655,0.9722892509493982
317.99,31.879652976989746,0.018579847640894515,-0.21086421769587235,9.77655724940466,-8.895064502411982e-07,-0.0002297236139182107,-0.19017245752360848,-2.214665126034518e-10,2.2229940488361055e-10,-0.23474842459616518,0.9720561594628258
318.0,31.889485597610474,-0.0004781113880124249,-0.1754985465080618,9.803171619129932,-0.00036034062954140534,-8.169598324083087e-05,-0.17012886256430582,-2.077986124956731e-10,2.1925634761664313e-10,-0.23561831250651413,0.9718456723222997
318.01,31.89956283569336,0.004798097769255181,-0.19184298788538223,9.813288501725223,-1.7966671540575332e-05,-0.0002444792251113967,-0.14988279243406422,-1.9416268779349734e-10,2.1616744749296374e-10,-0.23639084706606067,0.97165805066566
318.02,31.90960717201233,-0.0031400744753684977,-0.1439158806933156,9.799819455864984,0.00010816604355379864,-8.864696977521765e-05,-0.13010949916881062,-1.8055297211307592e-10,2.1302630217443167e-10,-0.23706608406226745,0.9714935263744077
318.03,31.91950225830078,0.023644236418074453,-0.09544681017896955,9.79905896589508,-4.2758330225590734e-05,6.622388936744427e-05,-0.1099595753543291,-1.6697059010577982e-10,2.0984561834831104e-10,-0.2376440725168354,0.9713523021013607
318.04,31.929457426071167,-0.016799441570453114,-0.08833278678243821,9.854155788036774,0.000198941938335529,-9.658903498888239e-05,-0.08977731922299036,-1.534122678114736e-10,2.0663314512357353e-10,-0.23812485458444232,0.9712345512949682
318.05,31.939417123794556,-0.01455040923979471,-0.06724300804976466,9.78353515072546,9.628038366760392e-05,4.5015388909964944e-05,-0.07007445010795384,-1.3988033911296933e-10,2.0338823540162406e-10,-0.23850846546597607,0.9711404182202825
318.06,31.949495792388916,-0.0125790337775163,-0.04420162797812523,9.813041928832837,0.00015021102034075035,-7.947183675212801e-05,-0.049989941872609585,-1.263647784925311e-10,2.001306097675891e-10,-0.23879493333637897,0.9710700179764971
318.07,31.959569215774536,-0.0224037504831409,-0.027373358966992944,9.77814990091025,-0.00012959822438131382,4.866761661989757e-05,-0.030012718224530575,-1.1287412749049285e-10,1.9685342792085387e-10,-0.23898427928719287,0.9710234365109737
318.08,31.969370126724243,-0.011601366547838386,-0.012569930259541486,9.79551602134516,0.0003661251861917986,-2.7598959183649288e-05,-0.00988147078344117,-9.9406171626991e-11,1.9355892981149944e-10,-0.23907651728351578,0.9710007306297894
318.09,31.979743242263794,0.0025248985595794585,-0.012271937906932233,9.836979383517388,-0.00035448049338306927,-1.5645623068115485e-06,0.010192143552682623,-8.595885853503415e-11,1.902352870460757e-10,-0.2390716646846801,0.9710019254074091
318.1,31.989598274230957,0.0030603630567482376,0.016203023240596963,9.793150133658669,-0.00021639565156369122,-0.0001252730090702155,0.029972070483359547,-7.252989669141933e-11,1.8691660308207823e-10,-0.23896971943713197,0.9710270198053906
318.11,31.999516010284424,0.03606439629623598,0.05805601241753505,9.800105618871578,0.00039243372843603944,-0.00023346980816227718,0.050018479543053204,-5.911914260613782e-11,1.8358753524278468e-10,-0.2387706651999777,0.9710759854099782
318.12,32.00943851470947,-0.001309313929309443,0.05840685797671619,9.817776933555187,0.00013517418252642768,-0.00013079197973733448,0.06992115951938105,-4.57256991930935e-11,1.802661487703775e-10,-0.23847448729589005,0.9711487625018952
318.13,32.019500732421875,0.02540901827690705,0.09309317433882311,9.816405905001337,6.708419566332679e-06,0.00028116020477690737,0.08998199446517155,-3.233958267894323e-11,1.769584645718039e-10,-0.23808116392479747,0.9712452622197
318.14,32.02942657470703,0.023644290473564457,0.09120322085325486,9.796769969136669,4.88940193036544e-05,-9.246102390519811e-05,0.10997729116735644,-1.8974585567821728e-11,1.7366282712398324e-10,-0.23759066620781788,0.9713653665490268
318.15,32.039443492889404,0.00972549525386227,0.1229294083795994,9.808705046790852,-6.780959633635856e-05,2.4532968350876185e-05,0.13004513837941414,-5.62090725046074e-12,1.7036986368521358e-10,-0.23700295824657058,0.971508928308111
318.16,32.04949927330017,-0.013498645349554726,0.16488086025393395,9.79752846704486,-0.00022136278711125805,0.0002835939536079277,0.15017819973178398,7.71648562085889e-12,1.6708925512499527e-10,-0.23631799719750143,0.9716757711297332
318.17,32.05958127975464,0.007784053275657588,0.172793020132966,9.799656614018627,0.00022186960177877313,-0.00014060057545064178,0.16987666353333525,2.104658065992224e-11,1.6384291405794994e-10,-0.2355357333593263,0.9718656894401018
318.18,32.06938886642456,-0.013802840867308172,0.19763128051221895,9.819788854826097,0.0002159785790461723,0.0003111228399414233,0.1900898922395567,3.436236837439532e-11,1.6061369277424947e-10,-0.2346561102760727,0.972078448434129
318.19,32.07972288131714,0.0127808599340874,0.18801048641375342,9.792308444924961,0.000263551738876778,0.00022282298443952294,0.20984902961369958,4.767147900332711e-11,1.5742576482515604e-10,-0.23367906485438938,0.9723137840475049
318.2,32.08980107307434,0.0015968662191094842,0.24936654239696607,9.800210913735928,0.00016231984318107126,0.00019129152860048671,0.2300156096186287,6.097674622766585e-11,1.542830162712529e-10,-0.2326045274957797,0.9725714029254948
318.21,32.099395990371704,-0.01650298452256031,0.24242019393517544,9.806425404995101,-0.0001526880935567884,-0.00030370640677434933,0.25009296675797704,7.426983755953608e-11,1.5117461213651042e-10,-0.23143242224310298,0.9728509823887161
318.22,32.10960817337036,-0.0005921717757763889,0.2595353873879872,9.794628568039657,6.6374452994453465e-06,0.00014937728960272048,0.26981449184732903,8.755967483318294e-11,1.4809917893110933e-10,-0.23016266694232243,0.97315217039577
318.23,32.11954951286316,0.009974115428648424,0.3060069559987822,9.820674480974844,-0.0002170383949555062,0.00015569655769322004,0.28992697476522766,1.0083857867453843e-10,1.4506495585730693e-10,-0.22879517341959835,0.9734745855028245
318.24,32.12945294380188,0.013028970734202568,0.30450394513400275,9.813045805526466,-4.103811753088715e-05,4.139582327339469e-05,0.3101420815401256,1.1411076316146415e-10,1.420813483170903e-10,-0.227329847670942,0.9738178168209424
318.25,32.13967037200928,-0.006207417857207808,0.3284075185275863,9.805654272542698,-0.00018671609874880874,4.548084014220972e-05,0.3299368844531592,1.2738030455506903e-10,1.3916951275719402e-10,-0.22576659006839034,0.9741814239703461
318.26,32.14952349662781,0.008124261552128913,0.384984539621608,9.785237109587403,0.00031146258447136305,-0.00013459680921064574,0.34992406206203636,1.4064781555887844e-10,1.3632014112880492e-10,-0.2241052955810047,0.9745649370321869
318.27,32.15955972671509,0.01614597286521341,0.35872019987650683,9.807836492981492,-4.859492532151625e-05,0.00026961834814638624,0.37004523381394433,1.5391276745345544e-10,1.3352438475961378e-10,-0.22234585400965165,0.9749678564982123
318.28,32.169392585754395,-0.03437952497387659,0.41446121015623216,9.823544091225184,-0.00010096628328930385,-0.0003943713705066059,0.3899157148206212,1.6718501601552268e-10,1.30805922843592e-10,-0.22048815023774376,0.975389653218004
318.29,32.179773569107056,-0.023689399498696268,-0.01163019896115032,9.779923283387348,-1.6757349489404097e-05,5.984194364314281e-06,0.1939708331252611,1.6381998661801221e-10,1.313338922048525e-10,-0.21884797099169842,0.9757589690045472
318.3,32.18971133232117,0.022622591167155412,0.11403374356098309,9.779150531606488,-0.0001462768756184311,0.00014623999310360157,-0.033798091672780244,1.6675748480193363e-10,1.3276222492793044e-10,-0.21871942759266128,0.9757877904511506
318.31,32.19942283630371,-0.01699370745189697,0.07489924817035759,9.827209011840104,0.00012071922832163212,-6.14300034899289e-05,-0.10144341279490639,1.596999100669353e-10,1.350336127450021e-10,-0.21906688505249822,0.9757098440998715
318.32,32.20972228050232,-0.010697938570910172,0.061014074982420737,9.787039604722727,-0.0003709039030698996,0.00013237014686452646,-0.1692326889593451,1.5305609232256097e-10,1.3724512413116853e-10,-0.21974517009910124,0.9755573075007521
318.33,32.21945261955261,0.013304319921503297,0.07109434287450944,9.815496763384877,0.00015406665999921024,7.132323401257276e-05,-0.2375871380265223,1.4679253948500762e-10,1.3940324967594125e-10,-0.2207541144204107,0.9753294935387016
318.34,32.229509115219116,-0.02231870794548735,0.0820698538915047,9.792661730167996,-0.00026515706465791256,-0.00012404617087796892,-0.3053749328134838,1.4088625181585838e-10,1.4153700161101601e-10,-0.22209344932904984,0.9750253841644969
318.35,32.239463329315186,-0.006062770597540248,0.12313761445693269,9.817384799797665,0.0002962135551300741,0.0003818533344064269,-0.37280301191350124,1.3530977055734725e-10,1.4365578990419425e-10,-0.22376280550050368,0.9746436307053691
318.36,32.249427318573,0.44487366021720376,-0.7837777413645888,9.81122733416859,7.768225683282178e-05,0.00030934332626325,-0.4382267092426357,1.184757198148646e-10,1.305259767569251e-10,-0.2257600728483766,0.9741829343134151
318.37,32.25962567329407,0.4132252081021187,-0.8255232555219488,9.815039480315455,6.271032204234769e-05,-5.7603882754290236e-05,-0.48643289555766533,3.079012416407986e-11,2.346433560505517e-11,-0.22802237420577787,0.9736558924289219
318.38,32.269352197647095,0.4286466313988229,-0.8628157123871459,9.817913388369599,0.0002756689170915429,-0.00030595619032101033,-0.5330362399019467,-5.2576943226352514e-11,-7.83010328776748e-11,-0.2305138423158789,0.9730690461117187
318.39,32.279563903808594,-0.028409549081898758,0.08351377568689326,9.784892230343974,0.0002790512407896787,-7.892791948622793e-06,-0.5802081221592255,-6.682999836287143e-11,-3.11655607935142e-11,-0.23321052769915304,0.9724262695805181
318.4,32.28957557678223,-0.022147341424586707,0.07848901851830566,9.810634282730446,-0.00013154099267042696,0.00011082179160945774,-0.6474518562722407,-5.387787412304445e-11,-1.0957295405849824e-11,-0.23621102322190388,0.9717017816740181
318.41,32.29952526092529,-0.014255658478603517,0.09743011692740622,9.798153439503823,-4.122530810851832e-06,-0.00011283983513004667,-0.7154126063787459,-4.23543886579867e-11,7.648528657169707e-12,-0.2395367035574383,0.9708873094488546
318.42,32.309587717056274,-0.048326434906942536,0.08964199833008066,9.809360772842824,-5.017468849910996e-05,-0.0003755121701461632,-0.7824165945949234,-3.2110303451545165e-11,2.483123095925544e-11,-0.2431859628696983,0.9699796840465978
318.43,32.31946301460266,-0.01862976899235759,0.06541524023083606,9.792875087861932,-0.00035277219404756676,5.131317596034481e-06,-0.8493064813010057,-2.3014797548302417e-11,4.0765537463016307e-11,-0.24715687012044102,0.9689754803669015
318.44,32.329400300979614,-0.006594308165128897,0.06127616663080686,9.783171988780309,7.38187221749141e-05,2.3651569007510158e-05,-0.9161399357968898,-1.494123814549647e-11,5.559764592636291e-11,-0.2514471301152662,0.9678710351884678
318.45,32.339529275894165,-0.028770062506069224,0.058220061040678464,9.820640871747646,-0.0002612327720525293,-0.00014695835035344326,-0.9822657866044208,-7.777685672759181e-12,6.948288476172167e-11,-0.2560540261894759,0.9666624724650064
318.46,32.34953165054321,-0.02074661553847679,0.09891555393565535,9.802572066393205,-0.00021008700556256427,9.837675035617241e-05,-1.0484718149137189,-1.4266068020896364e-12,8.256056877574712e-11,-0.26097437212880137,0.96534572930737
318.47,32.35969090461731,-0.03598066673687005,0.07040930849915256,9.812673618754632,-0.0005775336290405816,0.00048640637794996743,-1.1140323260425784,4.205057636076842e-12,9.497049848982927e-11,-0.26620445247988433,0.9639165884452269
318.48,32.369370460510254,-0.059143500470952376,0.05897599655829019,9.80673829509078,5.546234219630834e-05,0.0002591783987537197,-1.1786760041644997,9.196990323058612e-12,1.0682542213733875e-10,-0.271739957370671,0.9623707162877442
318.49,32.379454135894775,-0.060640299545496934,0.06528384041087078,9.817525269818036,-6.553067320621955e-05,0.0003160951508539943,-1.2426144902498815,1.3621228783856573e-11,1.1825078647736216e-10,-0.2775759315236499,0.9607037015848217
318.5,32.389402627944946,0.6913619272540326,-1.1063589713715605,9.784979251143744,0.00028054702262654617,-0.00020099861576096167,-1.2780124226833731,-9.245275520024081e-11,-2.6004452085828508e-11,-0.28364307410249673,0.9589299278433673
318.51,32.39934206008911,0.7021932743462967,-1.0865589175982677,9.781103974496505,-0.0003276857960881321,-3.0358214927625695e-05,-1.3075561313347066,-2.0881425448129456e-10,-1.8338176627414427e-10,-0.28984336312668124,0.9570740958000142
318.52,32.40981197357178,0.6731589744955008,-1.0924561366354424,9.809609999536175,-0.00013540669741015065,-9.664790939741383e-05,-1.3351745353370263,-3.171003375647534e-10,-3.279990796781255e-10,-0.2961667817380285,0.9551362402269841
318.53,32.41940402984619,0.6898071496640297,-1.0662825841945476,9.842566498687388,1.3592619978612361e-05,2.2649764019458755e-05,-1.3606063597871765,-4.1774675359311007e-10,-4.6059135476198493e-10,-0.30260374934689244,0.9531164518993485
318.54,32.42938041687012,0.7501843342384554,-1.0487382927696645,9.80309380871782,-0.00011967034708224781,0.0005041830324879486,-1.3845387542300003,-5.111086966999347e-10,-5.817444731304899e-10,-0.30914449569043395,0.9510150791571642
318.55,32.43958401679993,0.7309568994053575,-1.0652061676254647,9.836595455758012,-2.2759389557458167e-05,-0.0003408330645440821,-1.40628203374411,-5.974767811852531e-10,-6.919578740307809e-10,-0.3157790813853964,0.9488327417197381
318.56,32.44950485229492,0.7164339003309488,-1.014036904494834,9.805678849492784,0.00016897967306686514,-0.0001614129819280027,-1.4267786817495747,-6.770875079702421e-10,-7.916479427874261e-10,-0.32249741183827757,0.9465703456994691
318.57,32.45951533317566,-0.1368864709350792,-1.2223682031256111,9.781854215257242,0.00027087638994422613,0.0001711117007797655,-1.4234354433403211,-6.819480836055468e-10,-6.457697896803353e-10,-0.3292367747168081,0.944247396699654
318.58,32.469385385513306,-0.1327144483178379,-1.2288191352594218,9.804341451766573,-0.00014573723748750466,-0.00020376167090344115,-1.4169558470303054,-6.775756613466829e-10,-4.940376988454168e-10,-0.3359311389945557,0.9418865482922136
318.59,32.47956395149231,-0.1560383591160782,-1.1560887136589877,9.787535349781677,1.4967398414837359e-05,-0.00012171050606787475,-1.4092593641728828,-6.703296860844642e-10,-3.565731838864815e-10,-0.3425759427502068,0.939490140155184
318.6,32.48967790603638,-0.14412308197278229,-1.1504909708863205,9.811669365264372,-7.79958929531376e-05,-0.00011548608906588269,-1.4009889742340946,-6.603788073455574e-10,-2.317681254769737e-10,-0.34916660508839226,0.9370606607317622
318.61,32.49937176704407,-0.16292167212355935,-1.1295100499226272,9.817123187870944,7.699370072223638e-05,4.4905625578031845e-05,-1.3919609607796732,-6.478635735968046e-10,-1.181629522709894e-10,-0.3556985232303591,0.9346007492890971
318.62,32.5096800327301,-0.1775884877051096,-1.0934612375655977,9.80076251712402,0.00012993454433434282,2.7842929542930897e-05,-1.3811527749602528,-6.329005636119007e-10,-1.4438437636347964e-11,-0.3621670888288078,0.9321131904276789
318.63,32.519410848617554,-0.19589202605711586,-1.094737677520743,9.79942639782663,0.0001038896825201335,-0.00023021201972951412,-1.3699581639583072,-6.155687524443054e-10,8.059893963495621e-11,-0.3685676728034747,0.9296009200534554
318.64,32.52944803237915,-0.1924119149293381,-1.0488310237923104,9.804994276598649,0.00032339669603140774,6.258664458418383e-05,-1.3577655359823528,-5.959432138211791e-10,1.6802381663723038e-10,-0.37489563917722346,0.9270670200831767
318.65,32.53975820541382,-0.21068670627735683,-0.9829453845273155,9.796784795721026,0.00022159088191783224,-0.00015415138234519418,-1.3436850709706532,-5.73668585815952e-10,2.492072452922237e-10,-0.38114617155295405,0.924514789449323
318.66,32.549445390701294,-0.18481645057931143,-0.9543114335424848,9.798820690354164,0.0007002549455644436,0.0001417472895518597,-1.3290760832300228,-5.477865461757151e-10,3.267777715669191e-10,-0.3873130650579597,0.9219482575694846
318.67,32.55969476699829,-0.25396609504387013,-0.9452982627832008,9.799871983716663,-9.217540939845888e-05,-0.00029360126696438283,-1.3142270037470352,-5.212243283998122e-10,4.002468064992179e-10,-0.39339365706485185,0.9193701270876391
318.68,32.56937527656555,-0.21818615690760482,-1.054425305808543,9.784083155307108,0.0002704344002084375,6.87812152288009e-05,-1.3001281385434682,-4.951957117090556e-10,4.699920943259664e-10,-0.3993897947454209,0.9167812126419316
318.69,32.58210563659668,-0.261224375887614,-1.169003235656546,9.804970595143136,-0.0002046411970771476,-0.0003294510238850871,-1.292810676340186,-4.735094473829174e-10,5.523124451280888e-10,-0.40532083910070393,0.9141745005143719
318.7,32.59192895889282,-0.23725201929562206,-1.226062974659799,9.791140959947114,7.508459484831266e-05,-6.744264073498203e-05,-1.2877961081925515,-4.51951375246599e-10,6.366289637094605e-10,-0.41120819615532317,0.9115414523841937
318.71,32.60175681114197,-0.23952469327198295,-1.2187696620054813,9.800223722835405,0.000127845816610758,-0.00031863475298388367,-1.284474194386723,-4.317346698016279e-10,7.180156009650455e-10,-0.41706027079065777,0.9088788315985928
318.72,32.61195468902588,-0.2137937892045697,-1.3147587901908526,9.820598219218024,1.353922443124743e-05,0.0001480991413711431,-1.2830462652334578,-4.1296864932915275e-10,7.961607892207594e-10,-0.42288474046245145,0.9061834782669596
318.73,32.62172532081604,-0.23058825116722842,-1.3455142775215876,9.794964035678252,0.0001892075748310481,-0.00036007366774855456,-1.283183365363843,-3.957541158826448e-10,8.708201548837557e-10,-0.42868897533244094,0.9034521362133259
318.74,32.63179326057434,-0.18822583364690515,-1.3878482281200737,9.792146319096002,-0.00023027586073748967,0.00034142313872045644,-1.2847944347570401,-3.801704874244186e-10,9.417932845917644e-10,-0.4344800682275906,0.9006814477455102
318.75,32.64177322387695,-0.1431672000812539,-1.434269730960863,9.823338443139365,-0.0001135941769896984,-6.563595778636902e-05,-1.2884450952128501,-3.6628211829475816e-10,1.0089392203248401e-09,-0.4402648434570232,0.897867956670558
318.76,32.6517698764801,-0.1967042589538383,-1.4693455758916067,9.77823492213124,0.00015394623993419875,-0.00029600070210162807,-1.2929265396411578,-3.5414260323589833e-10,1.0721454558728997e-09,-0.44604987171170424,0.8950081071956679
318.77,32.66180396080017,-0.20850799475737578,-1.3543519790869643,9.787070625647642,0.00023546432926648756,0.00038048438150684976,-1.2970425311945704,-3.521399799315272e-10,1.107888339310361e-09,-0.4518398483041841,0.8920990704425444
318.78,32.67168855667114,-0.22582867859246702,-1.3824288350664946,9.810796467762533,0.00010050809900870084,-0.0002940067073968407,-1.2976730042783433,-3.5741184414724323e-10,1.1130530476629709e-09,-0.4576172046504797,0.8891493091758442
318.79,32.68186068534851,-0.20523338055681986,-1.4228265259364472,9.833346283939129,0.0001200965844204849,0.00028290566617346813,-1.299048536284019,-3.6405202887543766e-10,1.116365016420828e-09,-0.4633789627758213,0.886160220759657
318.8,32.69181990623474,-0.20420044489239192,-1.4288625643737753,9.796850893458304,-0.00020020349336917454,-0.0001300302369482223,-1.3004615236878354,-3.720213421517013e-10,1.117840442894017e-09,-0.4691282271852406,0.8831300620282572
318.81,32.70182132720947,-0.162946860273432,-1.4387203882016677,9.796516724306228,-6.163908339146531e-05,-8.314806977681427e-05,-1.3031566336529115,-3.8127769376469873e-10,1.1175021525712032e-09,-0.4748678718240923,0.8800571028684772
318.82,32.71207022666931,-0.14900262155115757,-1.4642169387141786,9.785412414607547,-8.532760916296965e-05,0.00021592473548540624,-1.306738682191027,-3.917812777708923e-10,1.1153829724934228e-09,-0.48060055138709973,0.8769396273441039
318.83,32.72169303894043,-0.13789424088198116,-1.5040263968220804,9.798304343016072,-0.00010974446529937706,9.795051471526254e-05,-1.3103295572128173,-4.0349194313032237e-10,1.1115342785529538e-09,-0.4863287151244194,0.873775932860039
318.84,32.73182129859924,-0.14992516593344188,-1.4884654241050563,9.781906926500438,-1.1066651987411406e-06,3.703962558856084e-05,-1.3149801338847702,-4.1636672522425644e-10,1.1060128401330313e-09,-0.492054613083668,0.8705643329146225
318.85,32.74189496040344,-0.10160451560678725,-1.5250092109392488,9.773856356482552,4.2689154730587376e-05,-6.231316892114678e-05,-1.3200801532625979,-4.303614254199545e-10,1.0988940981814707e-09,-0.49778030773258497,0.8673031564762422
318.86,32.751779317855835,-0.11098435961671275,-1.5819891322871735,9.793101727398703,-0.00038704907311472856,6.617709614553641e-06,-1.3261671494276894,-4.4542626152086815e-10,1.0902469142165936e-09,-0.5035076820590879,0.8639907488552666
318.87,32.76175880432129,-0.1013045317582747,-1.5655136957186924,9.79832004040891,-4.849392793835158e-05,0.00014392931463772063,-1.33214473415614,-4.61514905970801e-10,1.0801601157307023e-09,-0.5092384466468444,0.8606254728142254
318.88,32.77174115180969,-0.06385898001571284,-1.6167456957879542,9.818787981270361,0.00010310376504346592,-0.00011153698345996823,-1.3388707050076702,-4.785734803123268e-10,1.0687249723519514e-09,-0.5149741482455926,0.8572057084730167
318.89,32.781866788864136,-0.06701732922094017,-1.635032917402588,9.797494458225701,-0.0001262450852583988,0.0001979615966013688,-1.3456724185603628,-4.965647618241627e-10,1.0560150469600276e-09,-0.5207161793215597,0.853729852232401
318.9,32.791717290878296,-0.04851960676212367,-1.6836722995888018,9.799279663816895,-1.896808573367127e-05,0.00038046242855184216,-1.3529777574048825,-5.154363233551976e-10,1.042123780043757e-09,-0.5264657795831732,0.8501963202272059
318.91,32.80174398422241,-0.05956391575850921,-1.653888138228348,9.800900382489866,-0.00010213168686384883,-3.212188299357824e-05,-1.3610831432817156,-5.351371126827613e-10,1.0271463625243288e-09,-0.5322240470471041,0.8466035457903551
318.92,32.811989545822144,-0.026364500042711743,-1.659717105730342,9.795978911583557,-0.00013933133493465,-2.82825093130745e-05,-1.369016438564263,-5.556179597142729e-10,1.0111767825886646e-09,-0.5379919421434616,0.8429499808343947
318.93,32.82167887687683,0.008802700304720168,-1.698064257413103,9.797244311175014,0.00017986256239693578,0.00010239506655150119,-1.3776976479985414,-5.768241290503484e-10,9.943108065095738e-10,-0.5437702899670409,0.8392340982998487
318.94,32.83182239532471,0.01812640651633603,-1.6612996059628524,9.841744476563525,-0.00011040921290444713,0.00021156191505533804,-1.3871091145995789,-5.98714418834554e-10,9.766371095951774e-10,-0.5495597900492172,0.835454389635401
318.95,32.84180474281311,0.053727417222255755,-1.7197963517983212,9.80476394588496,-0.00010347036532643391,-0.00033518471229711954,-1.396041784981585,-6.212366317660611e-10,9.582381636218284e-10,-0.5553610207575397,0.8316093654012944
318.96,32.85173797607422,0.01893843914043979,-1.7214626195354075,9.834054680577937,-0.00010560661678035668,0.0002242909327467724,-1.4056943927616252,-6.443343566082946e-10,9.39219109922736e-10,-0.5611744413536844,0.827697557306641
318.97,32.8617684841156,0.051387381118266746,-1.7156406854725168,9.827393760326279,0.00012436099947395977,0.0004625702907119036,-1.4158116056621222,-6.679554822644217e-10,9.19671243427249e-10,-0.5670003969478676,0.8237175182433359
318.98,32.87194085121155,0.06206849628070668,-1.735197389060545,9.806786158708258,-1.9225042884143427e-05,0.00046490556763656546,-1.4257068559715367,-6.920424173638992e-10,8.996879965729864e-10,-0.572839123626502,0.8196678220125645
318.99,32.88177537918091,0.08750582651183283,-1.7468030391054423,9.81649180074988,1.7652189846996298e-05,-0.0003640532236494018,-1.4362292454150396,-7.165444604268666e-10,8.793565238862136e-10,-0.5786907508366181,0.8155470647952521
319.0,32.89172840118408,0.1074774880675167,-1.7678886414418744,9.835998405489446,7.433259963032125e-05,0.00012583602587564258,-1.4467000641247343,-7.413961602407285e-10,8.587750423331499e-10,-0.5845553021663786,0.8113538677477132
319.01,32.901859521865845,0.11541509735981385,-1.7656745914952807,9.800654488397269,0.00029850144730903547,0.00012485574505878016,-1.457325849246306,-7.665462171489375e-10,8.380246637898462e-10,-0.5904327000592688,0.8070868767987257
319.02,32.911821603775024,0.12785990191292282,-1.7652355550070318,9.784659915844479,0.0001477410293575939,9.990957445866749e-05,-1.468326916734573,-7.919320498702928e-10,8.172063417885336e-10,-0.5963227678762691,0.8027447642385375
319.03,32.9217267036438,0.12321302046973591,-1.7917798591241718,9.810029643758591,4.3108094074071925e-05,2.7365961135022285e-05,-1.4794054094215743,-8.174889916899835e-10,7.964041936215224e-10,-0.6022252362873383,0.7983262270392095
319.04,32.93179178237915,0.15123423082995363,-1.7906844463961828,9.808897231187471,-1.6913131647394326e-05,0.0003267927400549554,-1.4911531821440858,-8.431358462446277e-10,7.757203082734697e-10,-0.6081397360441412,0.7938299953038827
319.05,32.94183683395386,0.15049433369955828,-1.7968222976797656,9.795714085291785,-4.005026178172417e-05,-3.449111267224414e-05,-1.5022359360569502,-8.688139273143899e-10,7.552375947453443e-10,-0.6140658036957799,0.7892548313006743
319.06,32.95176339149475,0.1896723202753715,-1.7933792200484715,9.78963063729038,-0.00016508452927922737,-0.00010672255310383483,-1.5143243446848471,-8.944483418246502e-10,7.350502639519605e-10,-0.6200028863030435,0.7845995290438909
319.07,32.961732149124146,0.21452519954244237,-1.8359087123804707,9.804559268023008,-0.00013987559569796995,-0.0001368666037189638,-1.525788348387469,-9.19959991792639e-10,7.152504526325778e-10,-0.625950338807448,0.7798629195870521
319.08,32.97174119949341,0.1939589585093444,-1.8024232155105322,9.826022948298506,0.00013763903532053095,7.955428695857874e-05,-1.5374397477502943,-9.452802929470385e-10,6.959220196250672e-10,-0.6319074280414043,0.7750438712654255
319.09,32.98174166679382,0.19632129750346114,-1.7936462124666441,9.798319079279064,-0.0002885076873452356,6.655333663820953e-05,-1.5495788647780975,-9.7031771563929e-10,6.771663086301768e-10,-0.6378733282438793,0.7701412968508287
319.1,32.99167513847351,0.2381545488797211,-1.785581081196074,9.778325680853092,-0.00015056377240515477,0.00019835429281265683,-1.5616940401732542,-9.949805688954602e-10,6.590746820483467e-10,-0.6438471264676645,0.7651541529256253
319.11,33.00173735618591,0.21732235418527784,-1.8368720973750934,9.78037955176181,-2.4567645221050562e-05,-6.189724470771987e-06,-1.574045875912276,-1.019185964854592e-09,6.417389665937882e-10,-0.6498278194416333,0.7600814463462006
319.12,33.0118625164032,0.22959729535984233,-1.791096300448627,9.782733896705217,0.00019398734241033214,0.000220216701458969,-1.586258845201505,-1.042828610467207e-09,6.252540211229261e-10,-0.6558143133678966,0.7549222386324266
319.13,33.02175164222717,0.23903433944506264,-1.8531337367638125,9.773391327824264,-4.316146110004381e-05,-0.0003731265641136916,-1.5982517076131364,-1.0658157015122804e-09,6.097075381993374e-10,-0.6618054241186877,0.7496756502695575
319.14,33.03187680244446,0.26197798943195905,-1.8099911596366518,9.788934153461677,0.0001515629894957463,-3.1931139993086686e-05,-1.6102510917830608,-1.0880298906213743e-09,5.952105942169718e-10,-0.6677998754842115,0.7443408670113927
319.15,33.041845083236694,0.25573356994073915,-1.8083473110452477,9.832293558408615,0.00018920272206103634,-0.00029619949487401116,-1.6223380194856403,-1.1093679062328804e-09,5.818437447363769e-10,-0.6737963006863688,0.738917143651008
319.16,33.05177140235901,0.2516104938867493,-1.7935074689435577,9.800872246988035,-0.0001622125597884292,0.00017437226867969373,-1.6345582889289878,-1.1297120724542918e-09,5.69706194245869e-10,-0.6797932368186888,0.7334038145357372
319.17,33.06187129020691,0.2714001752153355,-1.8319995220505338,9.80746420260751,0.00020168817158084136,0.0001709592985902669,-1.6467996520657553,-1.1489448511304042e-09,5.588919388853215e-10,-0.6857891287131093,0.727800296055803
319.18,33.0718560218811,0.3281297180878973,-1.8162432775161848,9.790957805614756,-0.0001756216840513106,-0.00018321565047361621,-1.6592325620342407,-1.166943432095848e-09,5.494915640860379e-10,-0.6917823242993868,0.7221060973201501
319.19,33.08173370361328,0.3333976959127166,-1.8194916338405627,9.800056819359417,-2.9200198023735998e-05,0.00019780307631098444,-1.6710646268636413,-1.1835729255771065e-09,5.416082280403927e-10,-0.6977710709520185,0.7163208307333196
319.2,33.09173512458801,0.2792075482049815,-1.7940891765285658,9.787919880680898,-1.7087444573297935e-05,-0.0004588018070832898,-1.6821375278174808,-1.198704801963067e-09,5.353306368306447e-10,-0.7037535166401666,0.7104442186523856
319.21,33.10189414024353,0.3185751142705775,-1.5701389636260152,9.820517630963892,-0.0003519372517709555,-9.771144206709578e-05,-1.6945412417806753,-1.2089061305690143e-09,5.26177841451796e-10,-0.7097277932080478,0.7044760177238361
319.22,33.111974239349365,0.3081893539306057,-1.602961099972723,9.80600441342935,0.00013549238766175865,9.970180689392863e-05,-1.7073491485300625,-1.2171415921217837e-09,5.064536851938677e-10,-0.7156943946170798,0.6984135834258178
319.23,33.1216766834259,0.349406007418159,-1.593579404267912,9.816019665284317,2.939872339128544e-05,-7.543821354913097e-05,-1.7213154880474548,-1.2324225066980995e-09,4.839500279925414e-10,-0.7216563549133087,0.6922514755587282
319.24,33.13176655769348,0.3846554184623429,-1.6005515377255002,9.81066110246503,0.0003006333940427609,-0.00026180228350050936,-1.7364457089415974,-1.2540833438127321e-09,4.594077222660933e-10,-0.7276165370434424,0.6859840923963972
319.25,33.14199209213257,0.44214064913093526,-1.6522629714934738,9.820725369147786,0.00017802299853682618,-0.00013980726658997293,-1.753692986657518,-1.281501076842772e-09,4.335010878253715e-10,-0.7335774872317148,0.6796058197417112
319.26,33.15173697471619,0.44168226549434786,-1.6764592450679205,9.782027810740741,0.00032923017100765884,-2.7758761058099446e-05,-1.7720133939292002,-1.3141034696273963e-09,4.0683878851907394e-10,-0.739541428899166,0.6731110420590202
319.27,33.16178774833679,0.5030774353451583,-1.6755950189990028,9.79523091019815,-4.919368369031421e-05,-2.5317747841609224e-05,-1.790862625985816,-1.3513468888459225e-09,3.7997012353703464e-10,-0.7455102599765093,0.6664941502142067
319.28,33.17200040817261,0.5094609351242093,-1.7240986873971633,9.808347475181428,-5.4423997912215335e-05,-1.8608899984888055e-05,-1.8114419519957028,-1.3927205014013375e-09,3.534005558314642e-10,-0.7514855435789125,0.6597495568713224
319.29,33.18180513381958,0.5390180562930816,-1.6944306896008534,9.786444226937624,-8.373217545784138e-06,-0.00020152316766255891,-1.833162701919912,-1.4377367764414342e-09,3.27597720049778e-10,-0.7574685021734652,0.6528717088487501
319.3,33.191834449768066,0.542267459373105,-1.7813297311945784,9.783590007525893,0.00029667545911363983,0.0001577203873184904,-1.8556892084594008,-1.4859322839192817e-09,3.029803145625722e-10,-0.7634600116927143,0.6458551002710753
319.31,33.201887130737305,0.605200095118757,-1.8295665340249938,9.789957669195632,0.00024660514879611465,0.00020845445943365793,-1.879138753670424,-1.5368596302431096e-09,2.799404137511717e-10,-0.7694605926682173,0.6386942901973337
319.32,33.212236166000366,0.6293532547805926,-1.8687874915015288,9.801757836361771,-0.00015505780193050491,0.000294479177427165,-1.903833464956115,-1.5900745498311667e-09,2.588445773170176e-10,-0.7754704018373868,0.6313839211400317
319.33,33.22172427177429,0.6204740263948223,-1.8959185148222844,9.787415058512604,0.00013636519318271882,-0.00011639984758754353,-1.929338258741443,-1.6451609905549106e-09,2.400136870528803e-10,-0.781489225740099,0.6239187367375182
319.34,33.23181700706482,0.653526808406814,-1.921034424527871,9.794417034887168,0.00041349205475067486,-3.1218528634933386e-05,-1.9558012619045217,-1.701696346665012e-09,2.237647593153001e-10,-0.7875164700759811,0.6162936064564245
319.35,33.24210524559021,0.6717400688901307,-1.9579528145224359,9.795365439035564,0.00026405453257047096,-0.0001570123229873155,-1.982660106841614,-1.7592661188541883e-09,2.1037713481106955e-10,-0.793551151749449,0.6085035493381474
319.36,33.251787185668945,-0.0006154693324319643,-2.012157499167738,9.825593713211992,-0.00020280538393829426,-7.142508485442285e-05,-1.9997804902846352,-1.7504600544351894e-09,2.5012754089657537e-10,-0.7995835793213665,0.6005548265392862
319.37,33.261895179748535,0.0016168049065147091,-2.0162691642589925,9.782758044493157,1.9901708008420156e-05,-0.00043366019640499735,-2.000317891253904,-1.645268858464547e-09,3.591404476459192e-10,-0.8055490398501852,0.5925291084802878
319.38,33.27189612388611,0.038064508513579565,-2.0242347166006964,9.781199254456698,6.280557174241782e-05,-0.00017995833564298357,-2.000123835836279,-1.5479755323003763e-09,4.574035813554608e-10,-0.8114339464320439,0.5844441381156276
319.39,33.28173875808716,-0.002967916600902354,-2.0180598260261755,9.80459727149842,-0.00038562158741791455,-5.5593639665257775e-05,-1.9862224127564956,-1.4576554910393453e-09,5.45588092229503e-10,-0.8172215746565155,0.5763236052045112
319.4,33.29177951812744,-0.005897953186421992,-1.9692059142849627,9.816779106489454,2.894501271331153e-05,2.00970306505616e-05,-1.9662249758127888,-1.3733397308292192e-09,6.238800849110939e-10,-0.822872825010456,0.5682255836015406
319.41,33.30193901062012,0.007488844306026511,-1.960242430643063,9.790346894318796,-4.998909290528133e-05,-0.0003726166675824509,-1.945784956146592,-1.2945664984549988e-09,6.932654386418094e-10,-0.8283878219633279,0.5601549932142476
319.42,33.31193399429321,-0.01856246846377079,-1.9554800505251837,9.797473372450355,0.00011315076995908289,-0.00018856331659350558,-1.926410804918396,-1.2209367213388811e-09,7.546271541025938e-10,-0.8337684595715374,0.5521142597539982
319.43,33.32162809371948,0.018491263590898283,-1.8982239706509811,9.796241612426023,0.00015145665538656472,-0.00018565634860239305,-1.9060850169799768,-1.1520729219580175e-09,8.087610433973839e-10,-0.8390166462414604,0.5441057501347804
319.44,33.33176922798157,0.000468746798843696,-1.8728838128796579,9.798196521111764,2.3841614674331502e-05,0.000179224106325572,-1.8858196773122862,-1.0876164104544507e-09,8.563844213297602e-10,-0.8441343032166971,0.5361317731051399
319.45,33.34229516983032,-0.000254004669140182,-1.8914339604573815,9.77884671438086,0.00015306586410804074,-7.78019214623851e-06,-1.8664762578704976,-1.0272389449608423e-09,8.981438528862998e-10,-0.8491233631009262,0.528194579900412
319.46,33.35176873207092,-0.0045346811953108175,-1.8531310929425298,9.805801764594094,-0.00021321138903984923,-9.663222781779106e-05,-1.845988270527535,-9.706309972502766e-10,9.346288686317083e-10,-0.8539857684152555,0.5202963649154254
319.47,33.36207866668701,0.013192506408032819,-1.8117459341795479,9.79520267711715,-0.0001417145015773647,-0.00021927814631184819,-1.8261734567997967,-9.175212784527535e-10,9.66343037596686e-10,-0.8587234701909996,0.5124392663946894
319.48,33.371833086013794,0.0008166617898551325,-1.8125869744012062,9.77247992190688,-0.00023521749783511766,-1.4341964000004773e-05,-1.8055914383407725,-8.676480648929299e-10,9.93763305932645e-10,-0.8633384265968491,0.5046253671400963
319.49,33.3817343711853,-0.02522869766908545,-1.8240500672439488,9.819475049682316,-0.0001223794891157913,9.974375785105546e-06,-1.786117883973305,8.207633150706905e-10,-1.0173152131595157e-09,0.86783260160005,-0.4968566952352446
319.5,33.39170813560486,0.015336311459215962,-1.7607594804343205,9.806380568585796,-0.00017031411796894746,0.00017819568948535628,-1.7664475996728541,7.766486061493222e-10,-1.0373758235875884e-09,0.8722079636622071,-0.4891352247837259
319.51,33.401787519454956,0.03000806177406532,-1.745780140495618,9.806444172268147,-0.00018282278086447965,-0.00012786978647428743,-1.745988813372301,7.351014764442781e-10,-1.0542814233965969e-09,0.8764664844682959,-0.4814628766621435
319.52,33.411941051483154,-0.006554629587994655,-1.7136558594759657,9.815295478864789,0.0001846832953483457,8.243464431531572e-05,-1.7261292026189434,6.959336895422646e-10,-1.0683467605694789e-09,0.8806101376892457,-0.4738415192856446
319.53,33.4216251373291,0.0070936855404926755,-1.6994473084567434,9.780626968628292,1.873718374349372e-05,-0.0002211504564794585,-1.7060373608451675,6.58970262550998e-10,-1.0798417720389155e-09,0.8846408977776856,-0.46627296938498414
319.54,33.431811571121216,-0.010124923737790989,-1.6812783919068883,9.785688827546716,8.484853780688866e-05,0.0002533738648545418,-1.6862253593623615,6.240476367208242e-10,-1.089018454911082e-09,0.8885607387962341,-0.45875899279457255
319.55,33.442031383514404,-0.0003373892813138546,-1.666580558100051,9.805071273990231,0.00014663944045228118,0.00028159852498809535,-1.6662253635916167,5.910202114110459e-10,-1.0960977200066552e-09,0.8923716332778624,-0.45130130525071643
319.56,33.451741456985474,0.020291843335840866,-1.614769957841797,9.765755624801535,0.0002527559157207758,-0.0001528401247088692,-1.6460617617585669,5.59746279602522e-10,-1.1012824564477898e-09,0.8960755511188867,-0.4439015731972387
319.57,33.461881160736084,0.017249174187049434,-1.5992125438824953,9.804996374273546,0.00018931084353876734,0.00011542229510147634,-1.6259750025315751,5.303530558740613e-10,-1.104258703058812e-09,0.8996743168007858,-0.4365617066223735
319.58,33.4719672203064,-0.006368778442840672,-1.584680898975999,9.798410975738967,0.00017133824623921401,8.664360591055176e-05,-1.6047209283352681,5.031088734265333e-10,-1.104074188149893e-09,0.9031686784106141,-0.42928584688762417
319.59,33.481810092926025,0.040112019399433915,-1.528563819981347,9.799698950283057,0.0002995212871272537,-0.00012896888914793703,-1.5826729865949862,4.774972370414506e-10,-1.1010944534670346e-09,0.9065589590435685,-0.4220792032046134
319.6,33.491987228393555,0.02323463201283959,-1.4827821756415096,9.824129723292623,6.578224080123109e-05,0.0002854028198600238,-1.5601977056287941,4.5301827389628207e-10,-1.095686317851448e-09,0.9098455641235044,-0.4149470441451321
319.61,33.5019588470459,-0.008737083296087885,-1.4629457915221102,9.799020634828784,0.00018676407144776723,-0.0002445832929602555,-1.5371722440621076,4.292198259486655e-10,-1.0881780456510552e-09,0.9130289802488473,-0.40789469379455034
319.62,33.5119845867157,0.0013711097485705065,-1.3871474617484791,9.774268402821761,0.0002538000165660652,-0.00014352557519514084,-1.5126070415514212,4.056843191697458e-10,-1.0788504170962398e-09,0.916109775097216,-0.4009275245868364
319.63,33.521698236465454,-0.015456156819273165,-1.3296620400992554,9.801035995105797,0.00012346064703897282,-7.479212178013956e-05,-1.4872389188859612,3.820457643328934e-10,-1.0679544992644888e-09,0.9190885911236069,-0.39405096328574485
319.64,33.53210258483887,-0.014348158387967595,-1.285867804059507,9.78735693495716,1.2095075165962276e-05,-2.2536265580036636e-05,-1.461158396579071,3.579365426207223e-10,-1.0557005649294114e-09,0.9219661401976211,-0.3872704950407408
319.65,33.541863679885864,-0.02045751665280865,-1.2546653045564815,9.80970312735015,-0.00031445422792374925,0.0003378153953039113,-1.434038148097119,3.3210120821122765e-10,-1.0420123669322653e-09,0.924742849710719,-0.38059251425757007
319.66,33.55178451538086,-0.0034618107070295123,-1.224296295332873,9.81095745756486,0.00018998925270799803,2.492623633860943e-05,-1.4055779215328452,3.04547819931648e-10,-1.027858460616328e-09,0.9274190782493262,-0.37402386728545856
319.67,33.561795473098755,-0.02793135954598302,-1.2224404146535575,9.813383438082894,-9.044953249332603e-05,-0.00011935307358685905,-1.3784050831746444,2.770874506142655e-10,-1.0148201319933363e-09,0.9299975830799714,-0.3675656342279726
319.68,33.571791648864746,-0.028538969988788694,-1.1658090090979718,9.794552200256746,-0.00021068585215078362,-8.165013596096611e-05,-1.3519576158726216,2.502848391533166e-10,-1.0027332561774375e-09,0.932482126524886,-0.36121611773511214
319.69,33.58175182342529,-0.009138671209256228,-1.1894041200837842,9.796308948689568,0.0001269166781423394,-0.00016808302458766217,-1.3254181267685083,2.2443765034413433e-10,-9.914152164266512e-10,0.9348763632412613,-0.35497349964862634
319.7,33.59175133705139,-0.05308423034027741,-1.1813365433148648,9.81312831623142,-8.198555110041218e-05,-3.0460370510350885e-05,-1.299805362610895,1.9980275554357323e-10,-9.807042398121293e-10,0.9371838291032781,-0.3488358789851149
319.71,33.601775884628296,-0.05687807062196208,-1.1747086181179351,9.789180095071167,2.9034595006860068e-06,0.00016006561254571232,-1.275161551267164,1.766083325796062e-10,-9.704577055252911e-10,0.9394079390523938,-0.3428012894452613
319.72,33.61178684234619,0.02845406797743253,-1.4520791440574503,9.803343745997797,8.780760266081644e-05,6.842113181780351e-05,-1.2527345688697322,1.5494903589974029e-10,-9.631814839027611e-10,0.9415523028996045,-0.3368668296292341
319.73,33.6216459274292,0.05998493904448027,-1.5612533799385524,9.803127377748362,-9.879068727066378e-05,0.00010617149148587286,-1.242644721987624,1.492379117522255e-10,-9.709610505745723e-10,0.9436338651552497,-0.3309911305944074
319.74,33.6317355632782,0.025488118157197884,-1.4519895157351783,9.804879577542888,-0.000133817346244693,-0.0001347393037890944,-1.2347614843881443,1.4961160944774354e-10,-9.77429029626707e-10,0.9456663309968181,-0.32513872488372797
319.75,33.64180588722229,0.04527595486603431,-1.4661971412397343,9.802902465205857,0.00019311550799697223,-0.00023564988739564969,-1.2233819085181044,1.5825618771628119e-10,-9.752165581349115e-10,0.9476454273570991,-0.31932451207068513
319.76,33.651724100112915,0.055451551755865316,-1.4375519265173573,9.79034620453895,6.766799492130044e-05,0.00024840098546323187,-1.2132149924823223,1.7013150831973866e-10,-9.726532506277854e-10,0.9495723273233113,-0.3135480747537612
319.77,33.66182899475098,0.09280310033048703,-1.4573302568958548,9.799365849146389,0.0003759025738451885,-0.0001571883200891847,-1.2041816954215299,1.8512837655091703e-10,-9.697166534315114e-10,0.9514493800124695,-0.3078052586845901
319.78,33.67181038856506,0.10828139715843695,-1.517088931913583,9.798451861784995,-0.0001483871267845981,-0.00021733466474675129,-1.1961659873235377,2.0313635391502731e-10,-9.66392031176734e-10,0.9532787362493408,-0.30209212339096136
319.79,33.68174195289612,0.020039582670781153,-1.1687736581566266,9.805532576452292,8.917948500937588e-05,-0.0002838566332892979,-1.1863573001942065,2.1497318066375452e-10,-9.610067785078893e-10,0.9550616802332802,-0.2964071303966618
319.8,33.69171357154846,-0.021538616799416054,-1.1674212335361633,9.833316215127457,-9.64931510693491e-05,0.00027618125547610226,-1.1657157360649468,1.9629910493105675e-10,-9.493151728984266e-10,0.9567865769172819,-0.29079106972345375
319.81,33.70189023017883,0.018416278807894152,-1.1798199120215367,9.797240171801155,-0.00010429283487661112,-3.746346079000714e-05,-1.1459427088566263,1.787415838518966e-10,-9.373843400115884e-10,0.9584499284503328,-0.28526081864418734
319.82,33.71189522743225,-0.019708552117083788,-1.136098923772988,9.779898602359962,8.398053622304185e-05,-0.00012715500870458919,-1.1259292429551464,1.622215532739116e-10,-9.252421710203672e-10,0.9600533383883355,-0.27981706068324724
319.83,33.72169256210327,-0.007413384984772145,-1.0934564930043718,9.792625394842613,0.00026298689003210454,0.00043020549402378685,-1.1059977285731168,1.466550314733796e-10,-9.129122465432228e-10,0.9615983881763105,-0.27446045226356697
319.84,33.73235559463501,0.0022955391405543374,-1.0959757448364698,9.792043715719203,-0.00012173811237509994,-2.1964564307219553e-05,-1.0860550531899487,1.3197059510367752e-10,-9.004126823087314e-10,0.9630866367340778,-0.26919162346596626
319.85,33.74213242530823,-0.007200003503068231,-1.0255783173599655,9.76729559735412,-0.00035574262681901443,-0.00026750687688208835,-1.0662197867464505,1.1811388761489918e-10,-8.877656041735145e-10,0.9645196200593938,-0.2640111787793887
319.86,33.751797676086426,0.003042085957698037,-1.0681255295059462,9.807053205332625,-6.880950428178904e-05,0.00012941490028912304,-1.0464545073322582,1.0500167607927895e-10,-8.749799335848196e-10,0.9658988508480232,-0.2589196978417598
319.87,33.761839866638184,0.005355169353426268,-1.0231347678714922,9.847467454358824,-6.930401190532556e-05,0.0001509529973185783,-1.0259936581735565,9.259753125958539e-11,-8.620694492015178e-10,0.9672258181301093,-0.2539177361716599
319.88,33.77181267738342,-0.013804808719628392,-1.010614890722111,9.820523261441508,-0.0003644765968702066,0.00022733813505179624,-1.0058969263986388,8.084956591351044e-11,-8.490483257472778e-10,0.9685019869227355,-0.24900582588910122
319.89,33.781749963760376,0.013904088313061008,-0.9788348093007502,9.815564436350089,0.00017774764984732148,4.563066832532647e-06,-0.985459004891532,6.970944201605924e-11,-8.359284809466499e-10,0.9697287980570345,-0.24418447579414057
319.9,33.79181361198425,-0.00653021473904979,-0.9563051370505453,9.764683495425393,4.922801169550015e-05,-0.00031702977903535324,-0.9661377745194305,5.914350378264781e-11,-8.227176632646891e-10,0.970907667405398,-0.23945417384837736
319.91,33.80182147026062,0.019481205696150902,-0.92051691576543,9.797564142562356,-0.0002149454538118072,0.00040418056194961057,-0.9461412813657479,4.9100832585765966e-11,-8.094238496585621e-10,0.9720399859713729,-0.23481538636293242
319.92,33.81177592277527,0.011382331686505189,-0.9385408819395094,9.81968215016433,0.00021184772577859196,0.0004067776802752428,-0.9261088937884349,3.955869210800884e-11,-7.960581818184821e-10,0.9731271195465034,-0.23026855886795575
319.93,33.821685791015625,0.013211469569517095,-0.9335706244866784,9.820480585217654,7.37878052937076e-05,0.00012446904377182475,-0.9059579462865677,3.048328540869777e-11,-7.826260982635669e-10,0.9741704083932482,-0.2258141169434101
319.94,33.83211135864258,-0.013562411513769322,-0.8790234801553897,9.80147850900566,-5.483295174222783e-05,-4.3901584367941025e-05,-0.886230080214206,2.184483566971127e-11,-7.691328876923445e-10,0.975171166982984,-0.2214524668750506
319.95,33.84203314781189,0.004860800372964854,-0.8567646055518596,9.824088792988832,-7.680680822423812e-05,0.0002554875494512333,-0.8661307314957921,1.3617673870063828e-11,-7.555841652203102e-10,0.9761306837466714,-0.21718399629865826
319.96,33.85177659988403,0.018515968894681635,-0.8460721642383646,9.812718921610704,1.2290919896526332e-06,8.28600838449766e-05,-0.8458088741292767,5.776518153580562e-12,-7.419870355891713e-10,0.9770502208376699,-0.2130090748326476
319.97,33.86202883720398,-0.018566120067745953,-0.814419655549584,9.834608637698786,-0.000315989803717045,-0.00027407181333303116,-0.8260190050493013,-1.7026667661744478e-12,-7.283452408942661e-10,0.9779310139064198,-0.20892805469817044
319.98,33.87185883522034,0.019179118279262938,-0.8063578674254516,9.807044713120279,9.102342304836435e-06,-3.194592527803289e-05,-0.8058630549428293,-8.839650073949829e-12,-7.146638994070181e-10,0.9787742718864144,-0.2049412713272249
319.99,33.8817355632782,0.007620204189723664,-0.8055279466024118,9.824410496708724,9.812044789870425e-06,-9.256288429160407e-06,-0.7860473756963041,-1.5655991899204372e-11,-7.009484745728597e-10,0.9795811767911136,-0.20104904395827655
320.0,33.89209771156311,0.018700634054897355,-0.7578520859058802,9.800265110361632,0.00011500962699351738,-0.00019044451975405092,-0.766319380129642,-2.2166935634223084e-11,-6.871974486707076e-10,0.9803528835214204,-0.19725167621907952
320.01,33.90208625793457,-0.036480321136437725,-0.7521204547831141,9.80276389814172,-0.0002479600238429924,8.890014605540157e-05,-0.7461423865038748,-2.8394595158883073e-11,-6.734225651413845e-10,0.981090519683308,-0.19354945669656815
320.02,33.911999464035034,0.012095112724903689,-0.7127341563157905,9.822529919716914,-7.444948448921432e-05,0.00026006184750864217,-0.7260554341816702,-3.43417524001116e-11,-6.596160771475611e-10,0.9817951854150369,-0.18994265949452585
320.03,33.92168378829956,-0.011890785160268001,-0.7372303394283678,9.782983480968864,0.00026979232149557163,3.5470608301501344e-05,-0.7056974589614766,-4.002897527558702e-11,-6.457877133933116e-10,0.9824679532239683,-0.18643154477691434
320.04,33.93180012702942,-0.002924021382273282,-0.7073810986906199,9.817089514557889,0.0002571159237107866,-7.096958617928446e-05,-0.6864256725861939,-4.5477940134187715e-11,-6.319415682939546e-10,0.9831098678321123,-0.18301635929918086
320.05,33.94181227684021,0.028986931383508524,-0.6669819513146541,9.813036122695578,0.00025536360923767717,-8.026782256851799e-05,-0.6659559069491503,-5.068565553943328e-11,-6.180685834847263e-10,0.9837219460303599,-0.17969733692584772
320.06,33.951781034469604,0.0028544414347761414,-0.6684559821954078,9.803505279229842,-7.233415375432828e-05,-0.0001699421023841782,-0.6458540503871701,-5.56783453516327e-11,-6.041888503754793e-10,0.984305176541018,-0.17647469913433872
320.07,33.962024211883545,-0.01701483802460505,-0.6232537732633249,9.786118204950276,-0.00020907381146457584,7.13594620772499e-05,-0.6256721243236445,-6.045521492407211e-11,-5.902922762701236e-10,0.9848605198883217,-0.1733486555047508
320.08,33.97178888320923,-0.04644033472785417,-0.6161060452178098,9.762432369108987,-7.459607192969288e-05,0.00018782075136490514,-0.60590109972355,-6.503321534681864e-11,-5.763869639378039e-10,0.9853889082761751,-0.17031940419778302
320.09,33.981770038604736,-0.015923627649953424,-0.5642311533428687,9.808141055204526,6.573959204904007e-05,0.00011405865058656602,-0.5857574332111114,-6.942756122051531e-11,-5.624687890133751e-10,0.9858912454734413,-0.1673871324171205
320.1,33.991769313812256,0.003103064708203009,-0.5595983257045898,9.777868928587738,0.0002205516447538405,-2.7398364823022853e-05,-0.5657501118521214,-7.362950557053749e-11,-5.485383391059118e-10,0.9863684067060182,-0.1645520168585944
320.11,34.00196313858032,-0.0008158200208832707,-0.553425178899963,9.776338538962062,0.00070071268919134,-0.0003755996859069188,-0.5461167479182335,-7.766636118937385e-11,-5.345987212077863e-10,0.9868212385555223,-0.16181422414529903
320.12,34.011826038360596,-0.001727804675418206,-0.5581140298842111,9.822327384150272,3.920124345074856e-05,-0.00026045736344871044,-0.5262069995971752,-8.154181321081281e-11,-5.206571724003357e-10,0.9872505588642707,-0.15917391124862507
320.13,34.02169489860535,-0.012363545699251246,-0.5224345821797713,9.81094912572136,0.00015334645008464442,-4.06768736365124e-06,-0.5059721413228149,-8.525218922063498e-11,-5.067066745818405e-10,0.9876571566462136,-0.1566312258954671
320.14,34.032110929489136,0.015846776799276333,-0.4693272408510318,9.777610916299631,-0.0003646394719858053,-0.0001875839887639198,-0.4860937525329533,-8.882373088010211e-11,-4.927566176333568e-10,0.9880417920036128,-0.15418630696105778
320.15,34.041820764541626,-0.012798178123752205,-0.48846488253063824,9.789504683216974,0.0002482761879680151,-1.6568318406584845e-05,-0.4659723735063029,-9.223885109723296e-11,-4.788031116089635e-10,0.988405196049192,-0.15183928484736225
320.16,34.05171823501587,0.0009502791829344425,-0.47812608280252217,9.753156723627447,0.00010593035654475012,1.696058859887264e-05,-0.4460374564952873,-9.553262842090727e-11,-4.6484855474039167e-10,0.9887480708334173,-0.14959028184743645
320.17,34.06237316131592,-0.0012336968530160311,-0.41889824101480544,9.80472737688468,0.0002414663085714196,0.0001565233352100171,-0.426085142808979,-9.869346172233829e-11,-4.5089931442329574e-10,0.9890710892766776,-0.14743941249559536
320.18,34.071773290634155,0.0006302224939787084,-0.38118895251291773,9.822789032226401,-0.00030876734756897235,-1.848111788324496e-05,-0.40596472391678434,-1.0172521659479864e-10,-4.369487199805636e-10,0.9893748951062602,-0.14538678390237716
320.19,34.08176898956299,0.012421966150423765,-0.36485347463607387,9.784362122459054,3.9575576137001496e-05,0.0001664220966391204,-0.38591931588178463,-1.0464345790129867e-10,-4.2300101849422433e-10,0.9896601027976072,-0.1434324960761315
320.2,34.09185338020325,0.013361118038146378,-0.3603615227988875,9.812717061370547,2.273319605467832e-05,0.00016808308625867273,-0.3661527628383502,-1.07458032758489e-10,-4.090601812407117e-10,0.9899272975199023,-0.14157664222936941
320.21,34.10192918777466,0.009609168450867392,-0.34245671778803427,9.815130590567428,0.00012079262932838355,6.301213289284413e-05,-0.34621363280790524,-1.101663732066134e-10,-3.951235465034844e-10,0.9901770350856375,-0.13981930907073015
320.22,34.111780881881714,-0.03316062218300275,-0.31190523355198363,9.816210418413636,-0.0002728442611880239,6.232403855543368e-05,-0.3262653020070254,-1.1276942003364521e-10,-3.811902951613187e-10,0.9904098419039771,-0.1381605770823907
320.23,34.121699810028076,-0.040651908702291975,-0.28595704939152505,9.805447431404142,-0.00014184451881213837,-4.138797582996098e-05,-0.30964958040645285,-1.1527626796747603e-10,-3.6733208816358213e-10,0.9906266246797922,-0.13659754930276782
320.24,34.13192820549011,-0.02191604679696194,-0.28246041712495984,9.816849963362655,-7.71440940208004e-05,0.00016389088817257838,-0.31012671104791106,-1.1759150051106816e-10,-3.545116328059512e-10,0.9908371591790325,-0.13506192650049328
320.25,34.141900300979614,0.0023497344815860645,-0.3569788109400698,9.778748914096482,-1.437153193118224e-05,-0.00028742728764007786,-0.30959741512125966,-1.197019798394576e-10,-3.428961086362555e-10,0.9910453132251396,-0.13352597924930232
320.26,34.15176320075989,0.02883549260663422,-0.31621965784906286,9.781437016738103,-0.00018740322299506382,0.0002245014850559278,-0.3104326067764921,-1.216291804358387e-10,-3.32367362721671e-10,0.9912510863181233,-0.1319897112397039
320.27,34.16195583343506,-0.022789897769316596,-0.3164225667626827,9.808913614521652,0.0003292646776098692,-0.00030518202850749826,-0.3102145389914656,-1.2339188506976836e-10,-3.228220709696144e-10,0.99145447796372,-0.13045312616295288
320.28,34.17175483703613,-0.0016458704881237168,-0.3099605145672125,9.803935644247296,-2.3389511128064118e-05,0.00029507090540399926,-0.3097621380452394,-1.2500868085071853e-10,-3.14168071995748e-10,0.9916554876734011,-0.1289162277109796
320.29,34.18169713020325,-0.0214109937883242,-0.31117963897807766,9.759689634807925,4.439013177795262e-05,2.9883744479307207e-05,-0.3100139484029979,-1.2649282083216876e-10,-3.0632031909528233e-10,0.9918541149643523,-0.1273790195765433
320.3,34.19197726249695,0.002000680208924121,-0.33214317116153863,9.791001323112697,-0.0002489946764998311,0.00010967324941988135,-0.3103844068103334,-1.2786083817636583e-10,-2.9919374983871564e-10,0.9920503593594953,-0.1258415054530748
320.31,34.20173764228821,-0.02151639115443187,-0.34016568517619383,9.80696202798103,-2.2158109883455156e-05,0.00021869929345399758,-0.31007177487953475,-1.2911939310182838e-10,-2.9273217630894286e-10,0.9922442203874775,-0.12430368903474667
320.32,34.211962938308716,-0.0028638408141161286,-0.2942616269949083,9.842975885430622,0.00013471005276701267,0.00011007534040861433,-0.3100039163917649,-1.3028425127258157e-10,-2.86864751683216e-10,0.992435697582678,-0.12276557401642882
320.33,34.221630334854126,-0.025996165632249563,-0.3050609658588756,9.838598735230319,-0.0001788479732357712,1.8200685734488902e-05,-0.3098169335731568,-1.3136280702357395e-10,-2.815383856081173e-10,0.9926247904852054,-0.12122716409370542
320.34,34.23187184333801,0.02151262008178692,-0.3106210816224036,9.807326957122154,-0.0003158040918329285,0.0004731717214088751,-0.3098443613517908,-1.3236102150871048e-10,-2.7669345900480645e-10,0.9928114986409026,-0.11968846296283124
320.35,34.241820335388184,0.020144000384340045,-0.32438408023180615,9.77213407313244,-0.00036325975919684504,-0.00029359673738015105,-0.31034884006612345,-1.3329872500699376e-10,-2.7229455430483056e-10,0.9929958216013314,-0.1181494743208661
320.36,34.25181031227112,0.022539113024718803,-0.3104637631256743,9.8335930088576,-0.00011952005380261543,7.736201686235003e-05,-0.310082771865745,-1.3417022350873186e-10,-2.6829436810937173e-10,0.9931777589238003,-0.11661020186543467
320.37,34.26233386993408,0.01131348676026942,-0.29111144053811167,9.821361681909153,-0.00018302048369444088,-5.907839278939753e-05,-0.309772426166675,-1.3498758353505369e-10,-2.6465492541661156e-10,0.993357310171356,-0.11507064929480705
320.38,34.27183747291565,0.024698723332316864,-0.3133965923609226,9.772103006434351,4.7258190275425895e-05,-0.00011704153822707037,-0.3103227753089734,-1.3575453654852366e-10,-2.613413843601561e-10,0.9935344749127553,-0.113530820308125
320.39,34.28178787231445,-0.00010084445612113522,-0.2952744032749878,9.792014624525697,0.0003338513321654779,-0.00022501284672956889,-0.3098648851238411,-1.3648190529682183e-10,-2.5832259763050184e-10,0.9937092527225247,-0.11199071860489794
320.4,34.291712045669556,-0.022194280701337468,-0.32597218658951593,9.773046223031502,8.144751801252783e-06,0.00018747224040335816,-0.30977663298515296,-1.3716826197216948e-10,-2.55572450105339e-10,0.9938816431809089,-0.11045034788544827
320.41,34.301844120025635,0.015430216265319345,-0.3101181551703624,9.833590944430295,5.146727242320394e-05,7.489646131261321e-05,-0.3098933387080755,-1.3781042939728463e-10,-2.5306221349172714e-10,0.9940516458738952,-0.10890971185068907
320.42,34.3123414516449,-0.0012686939749622349,-0.3404663217613177,9.802126791657672,-0.0003184897914324727,5.002420148407126e-06,-0.3099046366176569,-1.3843277314466712e-10,-2.5077039979604567e-10,0.9942192603931894,-0.10736881420235356
320.43,34.321752071380615,0.04076926712921668,-0.3156163593271491,9.761502611946364,-0.00032634087836275487,-0.0001159127838098294,-0.3104354857029901,-1.3902332691179302e-10,-2.4867622808778763e-10,0.9943844863362654,-0.10582765864253828
320.44,34.33199119567871,0.015364662755406178,-0.30041442106667837,9.849004329375852,-0.00011775618963839998,-1.0649619333991617e-05,-0.30971062184650966,-1.3958896318682728e-10,-2.467594655407461e-10,0.9945473233063284,-0.10428624887403638
320.45,34.34167146682739,-0.003494300107575041,-0.28630567159609227,9.786146382965052,-0.00018155733251913646,7.865578835278099e-05,-0.30978608801739566,-1.4013761030087991e-10,-2.4500704740132324e-10,0.9947077709123217,-0.10274458860027745
320.46,34.35172176361084,-0.014374740636792413,-0.3161222687646328,9.781978377903572,0.00035904802233841605,1.1705651005038082e-05,-0.3096337951450068,-1.4066260242734844e-10,-2.433981800913507e-10,0.9948658287689285,-0.10120268152530802
320.47,34.36213970184326,-0.021227593523839162,-0.3397641809791815,9.810971705451497,0.0001634152915023307,-0.00029801358800136144,-0.30993292423005825,-1.411696132677191e-10,-2.4192121245975813e-10,0.9950214964965791,-0.09966053135373179
320.48,34.37172341346741,-0.014493207799249891,-0.344881238355424,9.814197348040258,1.3669234654796271e-05,0.00011151430188250447,-0.3100549514404777,-1.4165460342497632e-10,-2.405653690428633e-10,0.995174773721445,-0.09811814179075506
320.49,34.38188409805298,0.013522845188618276,-0.30861593448591573,9.80286884160584,0.0005443449617653401,-4.531285259290059e-05,-0.3100909251808738,-1.4213099921481298e-10,-2.3931604435112656e-10,0.9953256600754493,-0.09657551654208782
320.5,34.3917818069458,-0.018288314545125733,-0.3126252873445565,9.78328975936002,3.345988778983543e-05,-5.0670446052224244e-05,-0.31009726346286154,-1.4259628961837492e-10,-2.3816502878969663e-10,0.9954741551962533,-0.0950326593140784
320.51,34.401753425598145,-0.0019672463923554157,-0.2849735255508403,9.80278952840124,0.0002024990502058237,9.858047901375676e-05,-0.31009598095666624,-1.4304427062301062e-10,-2.371020261428121e-10,0.9956202587272642,-0.09348957381363655
320.52,34.411972522735596,-0.017826128557944097,-0.30554407118837196,9.811174994002618,0.0001847283388140637,0.00016922386451757895,-0.31007674025315135,-1.4348203108106708e-10,-2.361167612599574e-10,0.9957639703176421,-0.09194626374815822
320.53,34.42168140411377,-0.028292828031423,-0.33381407025524795,9.782042985388742,0.00019540555123820537,-0.00015814577004195706,-0.3098294919521831,-1.4391405851714696e-10,-2.3520595606623326e-10,0.9959052896222946,-0.09040273282558126
320.54,34.43194007873535,-0.003358953378912981,-0.3159212865451988,9.791594206138566,-0.0003657369075910332,0.00030959175129898896,-0.31005654846680103,-1.4433404105476795e-10,-2.343587357857948e-10,0.9960442163018721,-0.08885898475443825
320.55,34.44169497489929,-0.02556336908702619,-0.29977849864770134,9.798709113598907,-1.949688165521144e-05,-0.0003747762743038369,-0.31038439727536493,-1.4474443203522836e-10,-2.3357235843641494e-10,0.9961807500227812,-0.08731502324370694
320.56,34.45175743103027,0.0207495161654064,-0.315897850295882,9.82547920237435,2.480187743542932e-05,3.7385736753035325e-05,-0.31020402362549776,-1.451500972894108e-10,-2.3283792596268076e-10,0.9963148904571766,-0.08577085200290617
320.57,34.46210741996765,0.006096505540656995,-0.33971622945071456,9.831124518463973,-9.917952294976629e-05,-0.0004313813052837963,-0.3098094433723402,-1.4555163710118558e-10,-2.32151213984221e-10,0.9964466372829626,-0.08422647474206622
320.58,34.47170662879944,0.010352681858345078,-0.29076015204303535,9.79898184709909,5.471217595800945e-05,-2.630896796175566e-05,-0.3102054396461311,-1.4594579246324637e-10,-2.3150826554325858e-10,0.9965759901837943,-0.08268189517173581
320.59,34.48175501823425,0.01710170525920882,-0.31931979209774014,9.820690112827876,-0.0002707256131607678,0.00015361507639781975,-0.310360584296599,-1.4633704630243768e-10,-2.3090343669385553e-10,0.9967029488490855,-0.08113711700286957
320.6,34.491939306259155,0.0048656310124578755,-0.31016983088689887,9.809487896612563,-0.00026061746738570673,-4.22967566305168e-05,-0.3100039244857649,-1.4672566049413003e-10,-2.3033579826389323e-10,0.9968275129740007,-0.07959214394692762
320.61,34.50176548957825,-0.00468641203872658,-0.29818162728781994,9.804392692399533,-0.00014024054649395754,-7.943152512588698e-05,-0.31027960593366716,-1.4710637755299898e-10,-2.2980152411542607e-10,0.9969496822594534,-0.07804697971590668
320.62,34.5118625164032,0.0021898438924850914,-0.2735095165635884,9.806591309944702,-0.00011460186285498439,-0.00013939653132979455,-0.3100416854457919,-1.4748380594581823e-10,-2.2929243457358923e-10,0.9970694564121176,-0.07650162802218138
320.63,34.52182936668396,-0.012065786417878921,-0.3084194208371986,9.79355680519317,-7.062606288206542e-06,-3.981657841961855e-05,-0.31016363635328303,-1.4786340104639164e-10,-2.2881354349282738e-10,0.997186835144425,-0.07495609257855769
320.64,34.5318443775177,-0.02942755916858198,-0.30113065945379225,9.80867073783409,-0.00027787240818673005,-0.00020849795591450275,-0.3100083390579761,-1.4822894441298907e-10,-2.2835438005750845e-10,0.9973018181745523,-0.0734103770984194
320.65,34.541656494140625,-0.008601192755648843,-0.2883589089685628,9.803191201127033,-0.00025357845226639883,-9.77578524185584e-05,-0.30997892500188795,-1.486029711951044e-10,-2.279205435926396e-10,0.9974144052264502,-0.07186448529535686
320.66,34.55175542831421,0.03370689118572462,-0.3070851597463724,9.794874992762075,-9.47807392623417e-05,-0.00013508919244059394,-0.3098165156233402,-1.4896551884010465e-10,-2.2749994527975047e-10,0.9975245960298105,-0.0703184208836028
320.67,34.56199359893799,-0.0018703433432401052,-0.3077090741681869,9.80661351667879,0.00013558115636813785,0.0001053454474503517,-0.3101121591653648,-1.4932541830338673e-10,-2.2710333585601444e-10,0.9976323903200917,-0.06877218757768375
320.68,34.57173728942871,0.015678786828247814,-0.32168044731618317,9.778704427266508,0.00012299759423110759,-0.00019450266263818671,-0.30998583849140204,-1.4969687491879443e-10,-2.2671926917771578e-10,0.9977377878385117,-0.0672257890925275
320.69,34.581766843795776,0.0024386711786621293,-0.33307380900453193,9.792771994303445,0.00011074611753286479,0.00031754200509725435,-0.3099004894847373,-1.5005161874317828e-10,-2.2634474470470757e-10,0.9978407883320415,-0.06567922914354227
320.7,34.59186673164368,0.02228313232238524,-0.29467337527772486,9.800277132205785,0.00022493663353966402,6.6278376322307085e-06,-0.30964811307412193,-1.5040612818601727e-10,-2.2599040837966516e-10,0.9979413915534183,-0.0641325114464338
320.71,34.60218858718872,-0.015415027046842724,-0.2952700046366984,9.798048607905478,0.00029930105358305805,9.135585006131046e-06,-0.3100874948101336,-1.507705567113731e-10,-2.2564739623907594e-10,0.9980395972611401,-0.06258563971728058
320.72,34.6117000579834,0.004720853264123608,-0.31953991025595385,9.789372323166575,-0.00014380272384656375,0.00017623843229097453,-0.31017510926850034,-1.5113211542446834e-10,-2.2530839632658357e-10,0.9981354052194604,-0.061038617672612885
320.73,34.62170910835266,-0.015811060155267398,-0.27504316058070666,9.808489240588601,-0.0001293371272515926,0.0005277970920185132,-0.3099397896592903,-1.5148102583088265e-10,-2.2497795200950212e-10,0.9982288151983953,-0.05949144902931905
320.74,34.631962299346924,-0.016219253601595644,-0.33744036347531275,9.849386456217083,0.00013625296294377863,-8.253249136127654e-05,-0.3099926890160392,-1.5183038989404402e-10,-2.2465977061500577e-10,0.9983198269737237,-0.05794413750462123
320.75,34.641677379608154,-0.022992536716289015,-0.27984453992219616,9.802785661641543,0.0001555662622885913,-4.833715637243047e-05,-0.30989225891227556,-1.5217664609570606e-10,-2.2435244012345375e-10,0.9984084403270005,-0.05639668681586175
320.76,34.65173649787903,-0.004406410626696809,-0.29772537130862814,9.815705967906503,-3.3559754139420245e-05,-0.00047479408573011215,-0.30986655616196773,-1.5253513848982104e-10,-2.2405290605625498e-10,0.9984946550455241,-0.05484910068104981
320.77,34.66219878196716,0.03111625550377662,-0.3130289123677687,9.782012823889845,-0.00037000800719158447,2.3644473250432602e-05,-0.3100678757464343,-1.5289862038114204e-10,-2.2375512481151109e-10,0.9985784709223638,-0.05330138281840158
320.78,34.671754598617554,0.008428225506076043,-0.2930530214412394,9.79432204445522,-4.793910648366033e-05,0.0002642442746802274,-0.31028589018588326,-1.5325193291830127e-10,-2.2345963718272793e-10,0.9986598877563582,-0.05175353694635856
320.79,34.6818265914917,-0.012116560609541317,-0.30922312610150243,9.785884304731141,-0.00034231564918354974,0.00033342247317633177,-0.3099666710388197,-1.53595080247376e-10,-2.2316648591250734e-10,0.9987389053521063,-0.050205566783738886
320.8,34.691930055618286,-0.0064369657919725876,-0.3328740739375947,9.80065155954092,-0.0003516052065424919,0.00024629847840401637,-0.3099142062104658,-1.539371953771395e-10,-2.2288145793913056e-10,0.9988155235199642,-0.04865747604983141
320.81,34.70211911201477,-0.00014649755381001354,-0.2685707266135842,9.815521052430208,-4.6703790205058936e-05,-1.1710345409376506e-05,-0.3099878087982063,-1.5427873858803444e-10,-2.2259686762088326e-10,0.9988897420760683,-0.04710926846391941
320.82,34.71204614639282,-0.0356328235101789,-0.2876704663249103,9.835691939962052,6.62809159074479e-05,-8.403150358092077e-05,-0.3099925927938177,-1.546211401816199e-10,-2.2232342731035536e-10,0.9989615608423156,-0.04556094774568173
320.83,34.721757888793945,-0.003906671320077396,-0.31866818896062765,9.807630612506573,2.8057431381379862e-05,-0.00026106074534073837,-0.31030494201124814,-1.5496107315006762e-10,-2.2205142052393296e-10,0.9990309796463684,-0.04401251761507471
320.84,34.73193693161011,0.027322701703326676,-0.2918220534562337,9.79951240801006,-0.0002336075576023673,0.00019693793205822384,-0.30992895510701873,-1.5530024243787537e-10,-2.2178755476916218e-10,0.9990979983216651,-0.04246398179212735
320.85,34.7416718006134,0.0038094736766962505,-0.31255340337892473,9.803293385165263,-4.037201051331096e-05,-4.922551301205836e-05,-0.30986380379724476,-1.5563893736699038e-10,-2.2152413278234968e-10,0.9991626167073953,-0.04091534399746572
320.86,34.751959562301636,0.0019234280598375763,-0.29453171258407207,9.794654772633978,0.0006317607639313,-0.00017628060692422603,-0.3096797832001868,-1.559771828850389e-10,-2.2126019053294305e-10,0.9992248346485227,-0.03936660795182062
320.87,34.76196265220642,-0.006517542753938978,-0.3276307745812223,9.816064749389911,-0.0003852480588295928,-0.00012912941525528273,-0.3100217689583532,-1.5633362589611175e-10,-2.2100319678911996e-10,0.9992846519957772,-0.037817777376234665
320.88,34.77184724807739,-0.01094110042861737,-0.3454102466004624,9.831174032181908,6.880252291013613e-05,-0.00011207761718448649,-0.31017377491534337,-1.5668964109109833e-10,-2.2074562843220613e-10,0.9993420686056638,-0.03626885599178675
320.89,34.78173518180847,-0.019095588386139947,-0.3230685031177446,9.812552267402012,-0.00014122316123091065,8.12820503327879e-05,-0.3098686345283906,-1.570433674499634e-10,-2.20486746917938e-10,0.9993970843404527,-0.0347198475198577
320.9,34.79191613197327,-0.005397820423593649,-0.31373421067100243,9.793768379476035,-8.156249686190663e-06,7.256952420785424e-05,-0.3103165761032355,-1.5739853262917247e-10,-2.202280361291086e-10,0.9994496990681826,-0.033170755682066094
320.91,34.80183792114258,-0.0027100431766852577,-0.3228164924551712,9.822004096490268,-4.028194201910727e-05,-0.00012335941999061365,-0.309702919734245,-1.57753279300424e-10,-2.199687540678161e-10,0.9994999126626625,-0.031621584200199206
320.92,34.811880111694336,0.005336576568004105,-0.3193482857162232,9.79642863870453,-0.00018593386958626855,-2.1311107111531304e-05,-0.30978465466104177,-1.5810572878287542e-10,-2.1970816928437046e-10,0.9995477250034706,-0.0300723367962378
320.93,34.821855545043945,-0.019801258844602033,-0.32313860971201525,9.780318077492145,0.00021314033880831773,-9.466625741375306e-05,-0.3104316466393561,-1.5845389327824089e-10,-2.1944961230504858e-10,0.9995931359759554,-0.028523017192346914
320.94,34.831812381744385,0.04900169076303368,-0.29870451184176944,9.799513967234798,-0.00023026720270111423,0.00012622083224662588,-0.3101789332436107,-1.5878827176395242e-10,-2.191948663712533e-10,0.9996361454712366,-0.02697362911083057
320.95,34.84170317649841,0.029018582905693577,-0.30585336470679675,9.795933768743902,0.0001544047432105477,3.3913925017530576e-05,-0.31003598366585217,-1.5912224513988773e-10,-2.1893961119221564e-10,0.9996767533862013,-0.025424176274247753
320.96,34.8517804145813,0.014998356845800241,-0.3143157964446327,9.816002015129522,0.00012095019541651855,-2.41875817066071e-05,-0.31023341883217015,-1.5945580907464932e-10,-2.186838469290667e-10,0.9997149596235093,-0.02387466240525897
320.97,34.86198806762695,0.032892200223191975,-0.342458264529709,9.801090889325652,1.5873825432680762e-05,-0.00017765122410364845,-0.3106665408230933,-1.5978896130487407e-10,-2.1842757430374568e-10,0.9997507640915914,-0.02232509122667083
320.98,34.87176179885864,-0.028365129910465282,-0.3132406417233848,9.810215930537296,-0.0002618427155901585,-9.426129682105725e-05,-0.31034300022108685,-1.601217039638962e-10,-2.1817079380114466e-10,0.9997841667046494,-0.020775466461425505
320.99,34.88173222541809,-0.0243127705337561,-0.28611836194307594,9.795557400349411,5.847970787484795e-05,-2.6850014992738254e-05,-0.31009425110210737,-1.6045403179411082e-10,-2.1791349535354605e-10,0.9998151673823832,-0.019225791846815568
321.0,34.89313578605652,0.024340938515032585,-0.311978705775453,9.801080756997983,-4.305067951196448e-05,-0.00010742820639501297,-0.3098916580195857,-1.6078594386562196e-10,-2.176556871557608e-10,0.9998437660501911,-0.01767607112937572
321.01,34.9027943611145,0.008943394433680477,-0.3049329182166928,9.838235505075396,-5.047870495985294e-05,-7.572402171071829e-06,-0.3098242194197041,-1.6111744720132931e-10,-2.173973716735746e-10,0.9998699626398398,-0.01612630802773282
321.02,34.91272711753845,-0.004073395118591694,-0.297362412682998,9.80864547189649,7.712544861136464e-05,1.4506654824797291e-05,-0.3100129816774114,-1.6144853333492077e-10,-2.171385510283973e-10,0.9998937570888533,-0.014576506259638506
321.03,34.922762393951416,0.01775587888756368,-0.29744066233063526,9.815066442582523,-5.2090954296314785e-05,-0.00015130088999255602,-0.3099571307395086,-1.6177920352529655e-10,-2.1687922620621045e-10,0.9999151493404976,-0.013026669542528211
321.04,34.93291616439819,-0.005967919460526824,-0.3201306416017164,9.763408123268839,0.00036914896419039205,-0.00038557325245112896,-0.31002293233733824,-1.621094172519351e-10,-2.166213223801622e-10,0.999934139343778,-0.011476801593560713
321.05,34.942821979522705,-0.011051025088491656,-0.3239414492976329,9.78781136133261,4.796960487904145e-05,8.871835736774085e-06,-0.31007031686118086,-1.6243916717260706e-10,-2.163658027599284e-10,0.9999507270534355,-0.009926906129591302
321.06,34.95285964012146,-0.018075684825388044,-0.30067111712023803,9.804375745917177,4.290552895631632e-06,0.00010492891596325304,-0.3101558756865541,-1.62768516257765e-10,-2.1610978066960353e-10,0.999964912429945,-0.008376986867146106
321.07,34.96288800239563,-0.0023591937414989056,-0.29827532220814157,9.796116982343761,0.0002742526791257587,9.494864559850566e-05,-0.3101024055111722,-1.630974445632734e-10,-2.1585421732376716e-10,0.9999766954395111,-0.006827047522565805
321.08,34.972816944122314,-0.004757568043413657,-0.3129337560953673,9.815229293111578,8.220534505695429e-05,-0.00036361275483644766,-0.31011826581585217,-1.634259850400007e-10,-2.1559719156930649e-10,0.9999860760540661,-0.005277091811933566
321.09,34.98291826248169,0.022030274630120382,-0.2951806263109048,9.801848377362575,-0.00045209863458948475,5.123051479536619e-05,-0.3100934829616227,-1.6375412381498566e-10,-2.153396663273328e-10,0.999993054251268,-0.0037271234511966006
321.1,34.993205070495605,-0.007155876238110043,-0.3301773422944377,9.770265704857609,1.2610491018202956e-05,-0.00018075219236642976,-0.30944536485238705,-1.6408184537576922e-10,-2.150826041140803e-10,0.9999976300144989,-0.002177146156158954
321.11,35.002765417099,0.021071434255676723,-0.327172973524532,9.80249800496694,0.00012162015596621509,8.396072158055169e-05,-0.3103032895795166,-1.64409170977179e-10,-2.1482408065949406e-10,0.9999998033328634,-0.0006271636424751812
321.12,35.012768030166626,0.018719760516544278,-0.3053821521583364,9.79027954849777,0.00030649726732043665,-0.00021551324435287823,-0.31005145429850733,-1.6473609153879975e-10,-2.1456505850773007e-10,0.9999995742011878,0.0009228203742179747
321.13,35.02288007736206,0.01425115365127789,-0.3275226983236736,9.817873357378412,-6.754153893068993e-05,0.0003684565214543185,-0.31002240871623904,-1.6506260193644178e-10,-2.1430553898079584e-10,0.9999969426200197,0.0024728021783180605
321.14,35.03287649154663,-0.011893903890853541,-0.30383889180264884,9.797899867787448,9.168257598885642e-05,8.561481697005519e-05,-0.3101233470400703,-1.6538869933755528e-10,-2.140464861374973e-10,0.999991908595628,0.004022778054185351
321.15,35.042813539505005,0.00450709225850161,-0.3077135702890437,9.80597809344463,-7.435886015712422e-05,-0.00011031289296904225,-0.30988084417424305,-1.657143949586811e-10,-2.1378597432963686e-10,0.9999844721400034,0.005572744286159549
321.16,35.053006172180176,-0.016934564471039703,-0.3148885208178273,9.796696576869143,-0.000277464003185992,0.0001611954530934898,-0.3100703212391915,-1.6603967952112795e-10,-2.1352496795210622e-10,0.9999746332708591,0.007122697158427671
321.17,35.06287598609924,-0.005303528525643032,-0.3023051423565035,9.80397962045154,3.0981860968649246e-05,-6.307331432020834e-06,-0.30974173854050124,-1.663645538116578e-10,-2.1326442999663953e-10,0.9999623920116333,0.008672632955031907
321.18,35.07273864746094,-0.020380975023192343,-0.29703438978266283,9.78539532676102,0.00016162513468109054,6.4007934570053194e-06,-0.3099253722559088,-1.666890168871229e-10,-2.130024357127357e-10,0.9999477483914888,0.010222547959875521
321.19,35.08286428451538,-0.016682833243770668,-0.2983813923350846,9.79628851205971,-0.0003538535256173819,0.00023368303071138398,-0.30986812066456537,-1.6701306812095153e-10,-2.1273994891487564e-10,0.9999307024453172,0.011772438456601956
321.2,35.093141078948975,-0.022397313833169827,-0.33112802830483595,9.829562612756282,-4.2671309243297174e-05,0.00011489845420920495,-0.3099843565061546,-1.6733670661434349e-10,-2.124769700707166e-10,0.9999112542137407,0.013322300728624264
321.21,35.10278272628784,-0.035435893144951415,-0.3476017375900571,9.819216804808347,-0.00011975244150997299,7.080071616444891e-05,-0.3101019219095792,-1.6765993585013274e-10,-2.1221446254091955e-10,0.9998894037431149,0.014872131059069536
321.22,35.1128089427948,0.013902117463370382,-0.32971666134590405,9.797842168918546,-0.0002969075744219883,-0.00028061510602260086,-0.3100835483695868,-1.6798274594063265e-10,-2.119505019431498e-10,0.9998651510855309,0.01642192573082036
321.23,35.12277126312256,0.03439488490781201,-0.3012367365714167,9.82240828766106,3.2584742050168475e-05,-7.216734123100842e-05,-0.31011290774680533,-1.6830514092968036e-10,-2.1168605116947607e-10,0.9998384962988197,0.017971681026406876
321.24,35.13280439376831,-0.013015364482518608,-0.280624486234848,9.813671181493406,-0.00039057590339798044,-0.0003374363662160736,-0.3100410486150614,-1.6862712013836184e-10,-2.114211118376854e-10,0.9998094394465555,0.019521393228058685
321.25,35.14284563064575,-0.00448551019205357,-0.2831678695489086,9.810330380202464,-6.205112354549929e-05,-0.0002581457868134779,-0.3098318375539801,-1.68956261259344e-10,-2.1115553735182949e-10,0.9997779805980785,0.021071058616692995
321.26,35.15275001525879,0.03316482259440628,-0.3060958317410095,9.803376609865396,-0.00036889174134682577,7.18479244236364e-05,-0.30977233801773424,-1.6928311323798308e-10,-2.108901581690487e-10,0.9997441198291324,0.022620673444295754
321.27,35.1628098487854,-0.011358963641146542,-0.30143118020397036,9.806516475845452,-0.0005068233423289302,-0.0001973800640999759,-0.3101672750921865,-1.696095454634978e-10,-2.1062427320386698e-10,0.9997078572210901,0.024170233975209305
321.28,35.17274188995361,-0.0015158776764413713,-0.3249874549054527,9.802856079088453,-0.0002080871270468579,0.00014551621381485278,-0.3099967069539297,-1.6993551609172242e-10,-2.1035652810421852e-10,0.9996691928608509,0.025719736486498085
321.29,35.183074951171875,-0.011165815750098037,-0.31655126612715917,9.782538187570523,-0.00025212747260954047,-0.0003433544058585111,-0.31013906798180235,-1.7026111017458895e-10,-2.100896345287658e-10,0.999628126841083,0.027269177255419087
321.3,35.19294309616089,-0.018036163939157093,-0.3206684355230984,9.798779268101583,-8.792915246335618e-05,-4.146164210453791e-05,-0.31034924052403745,-1.7058630743034037e-10,-2.0982320082119125e-10,0.9995846592602282,0.028818552559304714
321.31,35.20279407501221,0.027114645340470665,-0.29751335396425577,9.814967878635786,-9.822867529115559e-05,-0.00019069099659005997,-0.30995016077537085,-1.709110178625389e-10,-2.0955394644028185e-10,0.999538790222497,0.030367858675696933
321.32,35.21276783943176,0.018185100624632966,-0.30692361732858553,9.78743336361317,-0.00029695322754400716,-0.0004003558522893882,-0.30994878499981865,-1.7123722315940272e-10,-2.0928481155555613e-10,0.9994905198378707,0.031917091882294725
321.33,35.22279071807861,-0.007004645542784241,-0.3166559113442035,9.788844165773966,0.00030254857474143395,-7.611023810890429e-05,-0.3101681865881363,-1.7155923825163456e-10,-2.0901625121666392e-10,0.9994398482221023,0.03346624845693463
321.34,35.23287844657898,0.006349557163505144,-0.3408845572432192,9.787193128294353,-0.00010295317110059031,-7.692583713494203e-05,-0.309931412742043,-1.7188459478613708e-10,-2.0874610853434348e-10,0.9993867754967118,0.03501532467770093
321.35,35.24288320541382,0.014040798711911313,-0.3183247022400588,9.795246414219138,4.2573398790177523e-05,-0.00015295738417382023,-0.30971069018944414,-1.7220763578624782e-10,-2.0847524092785147e-10,0.9993313017889908,0.03656431682284172
321.36,35.25278949737549,0.0029008681654003913,-0.298266416233257,9.810028465042642,-0.0002450870363217821,0.0003923700108245092,-0.3094228922022512,-1.725283824468608e-10,-2.0820519032873977e-10,0.9992734272320022,0.038113221170723396
321.37,35.26290535926819,0.0104430083630063,-0.30478976195880736,9.824551295829922,2.9603321513461902e-05,0.00015699809334196156,-0.3103249345829287,-1.7285246342199367e-10,-2.0793354061526022e-10,0.9992131519645735,0.03966203400006076
321.38,35.272748708724976,0.0013955192632051083,-0.2891091702205741,9.77897274010569,-0.00015667494684533202,-0.0003273082488223077,-0.31016813749426203,-1.7317233254799215e-10,-2.076615376129257e-10,0.999150476131304,0.04121075158970476
321.39,35.282862186431885,0.02599630150378528,-0.3483974922910284,9.813245593562353,-0.00024679735954189126,0.0001211423131878121,-0.3102787154900954,-1.7349555722785921e-10,-2.0738888883001944e-10,0.9990853998825605,0.04275937021875127
321.4,35.2930212020874,0.009894789306248616,-0.2883281291827432,9.78722785639071,3.8755402372795684e-05,-0.0001738390491167934,-0.30989594606109827,-1.7381652850065795e-10,-2.0711745783394034e-10,0.9990179233744779,0.0443078861665252
321.41,35.3030526638031,0.0038807113901365687,-0.325170439637796,9.790648053885217,5.635039193724287e-05,0.0003273813165059165,-0.3098525709253216,-1.74137087905676e-10,-2.0684594741083118e-10,0.9989480467689591,0.045856295712601636
321.42,35.31277585029602,0.014654314378093992,-0.329545072988829,9.799226627620783,0.00020951943039779496,0.00025044210466846267,-0.30993972612423487,-1.7445540931463246e-10,-2.065756726333981e-10,0.9988757702336726,0.04740459513683517
321.43,35.322739124298096,0.001372347704410775,-0.30510065902211614,9.794856856670451,-0.00014113210029929063,7.60714722748675e-05,-0.30996069231512663,-1.7477902084976398e-10,-2.0630531353556335e-10,0.9988010939420557,0.0489527807193083
321.44,35.332923412323,-0.00851080635234207,-0.3067511977790503,9.802456966194471,0.00015220374972364968,-0.00013969834727136813,-0.31013138931312867,-1.7509651717303656e-10,-2.0603445512583429e-10,0.9987240180733115,0.050500848740392276
321.45,35.342867612838745,-0.001426879223259022,-0.32354074477036476,9.791188534924215,0.00013817667984804274,-0.0001485760507376259,-0.31023922381063784,-1.7541543101459328e-10,-2.057619366754265e-10,0.998644542812408,0.052048795480746535
321.46,35.35288143157959,0.0243109839357084,-0.2981686410575209,9.803996425583497,2.691154505272178e-05,-0.00032367472492192303,-0.3100546729671947,-1.7573211920438112e-10,-2.0549066070421913e-10,0.9985626683500808,0.05359661722129981
321.47,35.3628716468811,-0.006281972688880364,-0.26069438093376995,9.823546286803042,0.0003272931810072408,5.568404071229895e-06,-0.3103063460022426,-1.7605212175373745e-10,-2.0521773318327892e-10,0.9984783948828276,0.055144310243323974
321.48,35.37273168563843,0.014540227425372797,-0.3163636899407901,9.78005874365065,0.000291133700976973,5.9274696543419855e-05,-0.310037177532581,-1.7637162520048116e-10,-2.0494294652339378e-10,0.9983917226129143,0.05669187082834438
321.49,35.3830041885376,-0.0015799668627588651,-0.32541926243317965,9.803833913564203,-0.00017630736018999443,0.0003393373111016316,-0.30990980818403635,-1.7668515513927477e-10,-2.046704361543429e-10,0.9983026517483696,0.058239295258213676
321.5,35.39291548728943,-0.002218385393062274,-0.3015848086516048,9.823713979028753,-6.514833346687806e-05,2.571017602579626e-05,-0.31010278666506674,-1.7700574707174745e-10,-2.043956429664844e-10,0.9982111825029852,0.059786579815137485
321.51,35.40308356285095,0.014521804228901416,-0.30779457221060047,9.792618038245536,0.00026830422193882986,8.846065154140296e-05,-0.3099497317839424,-1.7732411192599198e-10,-2.0412209339807716e-10,0.998117315096318,0.06133372078161821
321.52,35.412819623947144,-0.00029632383733051084,-0.3176258256976462,9.818392798879517,-0.00017598519953964905,0.000273313511398468,-0.3102033506432319,-1.7763812383914333e-10,-2.0384555902294506e-10,0.9980210497536809,0.06288071444060363
321.53,35.4228732585907,-0.027293306977727225,-0.3279066853298792,9.792986663064415,-0.00015279416128262285,-0.00016634745609680094,-0.3102482718481235,-1.7795187804770534e-10,-2.0357127044301232e-10,0.9979223867061567,0.064427557075275
321.54,35.43285822868347,-0.04585989934459149,-0.32131580260645015,9.778024080325574,0.00016324673453953356,0.00024358753627286913,-0.310059931183479,-1.7826895818209683e-10,-2.0329584159465594e-10,0.9978213261905888,0.06597424496918801
321.55,35.44279479980469,-0.02645516247467306,-0.27205801209483227,9.814453499091936,-0.00019995264743748572,0.0001232433640988935,-0.30984294036340376,-1.785836929316365e-10,-2.0301936916780036e-10,0.9977178684495754,0.06752077440636794
321.56,35.45287322998047,-0.003075278133157372,-0.2957197391827657,9.801024382016799,-0.0002984402830544761,-0.00010065412069650596,-0.30971079586976386,-1.7889796132696276e-10,-2.0274185306546653e-10,0.9976120137314817,0.06906714167111602
321.57,35.46280312538147,0.03982346709847184,-0.30299680725190936,9.810250405386395,-0.00014476809666797336,-0.00016439223453169592,-0.310210713779959,-1.792136795288974e-10,-2.0246400625478015e-10,0.9975037622904359,0.07061334304807722
321.58,35.47278165817261,-0.02158707994255698,-0.3112182809289207,9.804444308713826,-0.00017517898791646232,6.956569258244313e-05,-0.30947644472675867,-1.7952715046277596e-10,-2.0218647503497776e-10,0.9973931143863122,0.07215937482249198
321.59,35.4828085899353,-0.020305817962059294,-0.31082544682092,9.799252509362352,0.00021564970863753705,0.00032478251515036705,-0.31034136732021717,-1.798381829994572e-10,-2.0190695740461483e-10,0.9972800702847535,0.07370523327985089
321.6,35.49287676811218,-0.01244829247166177,-0.333125279928902,9.798679168945641,-0.00010670452573182378,8.79422184559276e-05,-0.310167380223832,-1.8015079039335199e-10,-2.0162846267021292e-10,0.9971646302571602,0.07525091470607564
321.61,35.50274395942688,0.00872477467251096,-0.2754775396206377,9.792418355147728,0.0004508891258575959,0.0001741085810802226,-0.31004624955655274,-1.804648494996674e-10,-2.0134960374939156e-10,0.9970467945806916,0.07679641538749263
321.62,35.51280927658081,0.012075310611286416,-0.32220614866533526,9.796875424080014,0.00046118964153819033,-1.6790335581286558e-05,-0.30991749216498143,-1.8077653280339212e-10,-2.0106917072313084e-10,0.9969265635382488,0.07834173161105046
321.63,35.522799491882324,-0.0010432077025146378,-0.31323496431420994,9.810086411278014,0.00015935171835593652,-0.0004743002601874037,-0.31010235253951046,-1.8108776849472778e-10,-2.0078824929552992e-10,0.9968039374185095,0.07988685966387814
321.64,35.53287196159363,-0.023431353314409195,-0.30671524537063893,9.801597161642894,6.057773996144025e-05,-0.00015075940931958383,-0.3097518231872312,-1.8139864627724361e-10,-2.0050782270461655e-10,0.9966789165158979,0.08143179583366543
321.65,35.542824268341064,-0.0034286003564241037,-0.3270540146581032,9.787909982031193,-0.0001385586328800948,0.00036251648308609674,-0.31018900923398635,-1.817090716283353e-10,-2.0022691432577697e-10,0.9965515011305941,0.08297653640855106
321.66,35.552812576293945,-0.0031167577286683847,-0.27151650593167814,9.808571310838841,3.340829586186053e-05,-1.248974354829353e-05,-0.3102138698439181,-1.820189626635e-10,-1.9994415755362865e-10,0.9964216915685228,0.08452107767724958
321.67,35.56289553642273,0.00395342261830403,-0.33233120471375144,9.828565146120095,0.00013264952912505967,-0.0001114374343809546,-0.3103294650510219,-1.823285315157804e-10,-1.996622932248404e-10,0.9962894881413755,0.08606541592879226
321.68,35.57269287109375,0.0192854066473517,-0.3224381185126733,9.804716601412157,1.744927356866611e-05,-6.681629450074502e-05,-0.3097015796048628,-1.826394138252383e-10,-1.9937814648019224e-10,0.9961548911665864,0.0876095474528121
321.69,35.58284568786621,-0.01226076884296898,-0.33796234909257034,9.81724310287081,-0.00017116225950810962,-4.301827904373897e-06,-0.3098730886086995,-1.8294805123364946e-10,-1.9909491428809603e-10,0.9960179009673548,0.08915346853928173
321.7,35.59294080734253,-0.03937082520629537,-0.3186740061767346,9.795370182245735,0.00010934083057384468,7.40544669647477e-05,-0.30982131718491535,-1.8325642044620464e-10,-1.9881295445478118e-10,0.9958785178726098,0.09069717547891923
321.71,35.6028254032135,0.014570886783785526,-0.34012463777087887,9.78348367348239,1.82086321391192e-05,0.0001168367248089319,-0.31032424567682243,-1.8356403199758015e-10,-1.9852685744107573e-10,0.9957367422170457,0.09224066456278728
321.72,35.61307716369629,0.005424554139995203,-0.3129149766498735,9.802342221914625,0.0001833910578105912,4.8732317602501644e-05,-0.31006991080163826,-1.838714822683246e-10,-1.9824356163698523e-10,0.9955925743411079,0.09378393208244949
321.73,35.62289810180664,0.02535724596772523,-0.3198011864851965,9.785830572983315,0.00010756872486703313,8.71535807424156e-05,-0.3097445256029794,-1.841783072101779e-10,-1.979578703132456e-10,0.9954460145909823,0.09532697433009184
321.74,35.63301658630371,-0.023923041989728732,-0.3018449225323186,9.831552019822912,0.00014924569120100537,2.7436318712243137e-05,-0.3096888682614551,-1.844828428940776e-10,-1.97672170571382e-10,0.9952970633186018,0.09686978759844186
321.75,35.64285612106323,0.017184649764570972,-0.3183900152311156,9.790399797291155,-2.5670959663876902e-05,-0.0004170530038675166,-0.31028995661612885,-1.8479068989730872e-10,-1.9738561829170314e-10,0.9951457208816539,0.09841236818069912
321.76,35.652843713760376,0.007807191300459555,-0.33647807186024287,9.795587624473553,0.00019548812198901238,-7.67107538297809e-05,-0.3097970489279919,-1.8509439626757078e-10,-1.9709936943810558e-10,0.9949919876435588,0.09995471237075346
321.77,35.66283440589905,-0.006765378860010398,-0.3301045241877235,9.801827211085573,-0.00010346297362382314,-6.583552710843036e-05,-0.30993009191467386,-1.853995530907248e-10,-1.9681273722430945e-10,0.9948358639735017,0.10149681646286458
321.78,35.67273688316345,-0.011847727451746646,-0.2887187429873658,9.792891815598333,-0.00037680349601664555,-0.00015747172225546473,-0.31000935169235355,-1.8570795009868902e-10,-1.965243024338868e-10,0.9946773502463947,0.10303867675203814
321.79,35.68287634849548,0.0003552500349961631,-0.3021922547632318,9.777976656640716,-0.0004997483517002731,-0.00022415517213924293,-0.30997578902006667,-1.86010260723893e-10,-1.9623625075464836e-10,0.9945164468429107,0.10458028953369669
321.8,35.6928505897522,-0.022094465802093424,-0.2953318474491476,9.81232626143601,-6.50571671835216e-05,-0.00021249976943776952,-0.31009557193823534,-1.8631404752558861e-10,-1.9594781811526938e-10,0.9943531541494395,0.10612165110410338
321.81,35.702768325805664,-0.017632156759274948,-0.2701529108689232,9.791994888290084,8.070234062232918e-05,6.637296757780471e-06,-0.3097637741254236,-1.8661546829662975e-10,-1.9565882431436458e-10,0.994187472558136,0.10766275775989399
321.82,35.712963581085205,-0.007161452363538529,-0.30191108660762045,9.81707155753198,7.729136865738596e-06,-0.0002607316592443402,-0.3100924262196033,-1.8692204751459282e-10,-1.9536848198560893e-10,0.9940194024668869,0.10920360579840338
321.83,35.722821950912476,0.0013834074216980607,-0.31029476653657206,9.806904210352398,9.454925707800357e-05,0.00027822087029119694,-0.31024492534462134,-1.8722467295577839e-10,-1.9508037444162111e-10,0.9938489442793117,0.11074419151764893
321.84,35.73279809951782,0.026350791005831722,-0.31888629831179566,9.74416101316105,4.9409518983938284e-05,6.645312389748957e-05,-0.3100521077946651,-1.8752464180720138e-10,-1.9478903491592275e-10,0.9936760984047787,0.11228451121618083
321.85,35.7429563999176,-0.005555250828986327,-0.28925441173954425,9.803266470270513,9.771778755696857e-05,-0.00022507624226734298,-0.31003706950403764,-1.8782801119253666e-10,-1.9449777143965372e-10,0.9935008652583994,0.11382456119314396
321.86,35.75298070907593,0.010721394453742554,-0.2912246106768709,9.790009831312101,-0.0002297525218293446,2.1096481581674274e-05,-0.3098594510658952,-1.8812913731770424e-10,-1.942069259388413e-10,0.9933232452609992,0.1153643377485294
321.87,35.762789726257324,0.0062802011747701515,-0.3341431011912004,9.793064292411142,0.00027970721922474125,-0.00012084989691907915,-0.30971348059709564,-1.8842775331881583e-10,-1.9391419727566414e-10,0.993143238839158,0.1169038371828187
321.88,35.77275514602661,-0.01942184039836698,-0.28217775868420486,9.810801265832962,0.00015109077819348206,0.00023395406314955932,-0.30990427967176737,-1.8872804066434464e-10,-1.9362280578168155e-10,0.9929608464251851,0.11844305579720499
321.89,35.78296518325806,-0.00551796776430154,-0.3057326833299642,9.805596298548313,-0.00025567481900192564,-5.4460775110713385e-06,-0.3100767705744939,-1.8902961604080136e-10,-1.9332964631235507e-10,0.9927760684571292,0.11998198989350627
321.9,35.79293727874756,-0.01120709494645099,-0.3031221580944049,9.80687095431754,0.0003004592731024288,2.5702551958634267e-05,-0.3099830839909492,-1.893307922645971e-10,-1.9303643994638239e-10,0.9925889053787622,0.12152063577430258
321.91,35.802802085876465,-0.000387524059929914,-0.3126288439217529,9.81728171007334,0.0002572882152523291,0.0002388036025444518,-0.3096600045136399,-1.896277987169435e-10,-1.9274377936965832e-10,0.9923993576396009,0.12305898974275582
321.92,35.81287980079651,0.008270473419004758,-0.32308547488870665,9.8028549070826,-0.00010356950602783213,0.0005456898489509169,-0.3099938698495506,-1.8992802634125747e-10,-1.924492385550389e-10,0.9922074256948701,0.12459704810291015
321.93,35.82284903526306,-0.006756300258106665,-0.32190843241106976,9.780162724749411,0.00022730782400113387,-5.277300635982164e-05,-0.3099691156051801,-1.9022384354745857e-10,-1.9215335891759517e-10,0.9920131100055499,0.1261348071593116
321.94,35.83282256126404,-0.0308792009682577,-0.30293776788595295,9.812717865850617,0.00014418755166412843,7.138080329672503e-05,-0.3102331649836024,-1.9052135374193234e-10,-1.9185880627169512e-10,0.9918164110383252,0.12767226321741135
321.95,35.8428590297699,0.005847476696917864,-0.28683973378145866,9.815457098637545,4.381838633718983e-05,7.970368587249125e-05,-0.3098611954988529,-1.9081837257443256e-10,-1.9156380672419709e-10,0.991617329265633,0.12920941258319157
321.96,35.85305690765381,0.015293894294541557,-0.3195998594077976,9.769175258277267,-3.807530461337335e-05,5.1165826028062515e-05,-0.31015269461157996,-1.9111509446848654e-10,-1.9126928521886364e-10,0.9914158651656036,0.13074625156362105
321.97,35.8628466129303,-0.0021344179057458373,-0.307177217772871,9.827315278359428,0.00020632045541398383,6.538005289630611e-05,-0.3100924683827378,-1.9141264512028962e-10,-1.9096973096207381e-10,0.9912120192221279,0.13228277646614453
321.98,35.872817277908325,-0.015787986146895177,-0.3367840354769656,9.783305165004233,3.761894952624973e-06,-0.00025380232441070297,-0.3101208499092853,-1.917083161010615e-10,-1.9067333587044331e-10,0.9910057919247948,0.13381898359915298
321.99,35.88285708427429,0.004119549680402034,-0.2991559191202071,9.804408493830715,-0.00027992254727416587,0.00042532800538156216,-0.3103243131848088,-1.9200338211329113e-10,-1.9037553169869773e-10,0.9907971837689338,0.13535486927166532
322.0,35.89296221733093,-0.01394191992926522,-0.31734664730528095,9.773578697245387,-0.00011982608431907557,-0.0003065483834262421,-0.30995794772670027,-1.9229825117691856e-10,-1.9007919308211786e-10,0.9905861952555843,0.13689042979355917
322.01,35.90278339385986,0.0076518589805733206,-0.3030170370424723,9.785354620942949,-5.923727774615234e-05,-7.054906066872562e-05,-0.31034782369771935,-1.9259447000385245e-10,-1.8978144819625834e-10,0.9903728268914969,0.13842566147555616
322.02,35.91288089752197,0.004500146931547357,-0.3012144547359984,9.789729943782543,0.00021450747380007514,-7.178343152692453e-05,-0.31009899603294516,-1.928881666272169e-10,-1.8948227301934562e-10,0.9901570791891655,0.1399605606289881
322.03,35.922908544540405,0.0166517499369875,-0.3182085497569797,9.813042031917933,-0.0002886635959083646,-4.198973321551359e-05,-0.3099066724489276,-1.931795115027748e-10,-1.8918279011971109e-10,0.9899389526667925,0.1414951235660573
322.04,35.932828187942505,-0.010442305684185575,-0.31895730666830696,9.808502712454752,-0.00017912137382436374,0.00021710350027064163,-0.30998673366965124,-1.9347242007686576e-10,-1.8888366818449077e-10,0.9897184478482852,0.1430293465998536
322.05,35.943201780319214,-0.011759773955503742,-0.3163706486468347,9.7910046070614,0.0001390747039851989,0.0001913982082759816,-0.3100669155166608,-1.9376465435302018e-10,-1.885827491881614e-10,0.9894955652632835,0.14456322604416078
322.06,35.95304012298584,0.004511569595996198,-0.3167507358981924,9.798387057484884,0.00010252327748840342,-4.6034763670522625e-05,-0.3102825378600383,-1.9405663529979202e-10,-1.8828272496148956e-10,0.9892703054471244,0.1460967582137036
